Reference ID,Item,Category,Source Row,Source Description,Rarity,Proposed Game Implementation,
pokefile-item-0002,Flame Orb,Bad held items,2,Burns the holder after a turn,Provided,"PROPOSED: At the battle cycle tick, burn the holder once through the status hook.",User gets burned after its turn
pokefile-item-0003,Full Incense,Bad held items,3,An item to be held by a Pokémon. This exotic-smelling incense makes the holder bloated and slow moving.,Provided,PROPOSED: Apply its Speed penalty to the holder in battle turn scheduling.,holder gets their speed cut in half
pokefile-item-0004,Iron Ball,Bad held items,4,An item to be held by a Pokémon. It lowers Speed and allows Ground-type moves to hit Flying types and holders that are levitating.,Provided,PROPOSED: Lower holder Speed and treat it as grounded in move matchup checks while held.,holder gets their speed cut in half
pokefile-item-0005,Lagging Tail,Bad held items,5,An item to be held by a Pokémon. It is tremendously heavy and makes the holder move slower than usual.,Provided,PROPOSED: Move the holder to the end of the eligible action order while held.,holder gets their speed cut in half
pokefile-item-0006,Sticky Barb,Bad held items,6,An item to be held by a Pokémon. It damages the holder every turn and may latch on to Pokémon that touch the holder.,Provided,PROPOSED: Damage the holder on battle ticks and transfer the item to a contacting attacker when eligible.,"damages the holder for 1/16(rounded) of their max hp, and transferred to the attacker when getting hit with a contact move"
pokefile-item-0007,Toxic Orb,Bad held items,7,An item to be held by a Pokémon. It’s a bizarre orb that will badly poison the holder during battle.,Provided,"PROPOSED: At the battle cycle tick, badly poison the holder once through the status hook.","holder gets badly poisoned the the end of their turn (poisoned is 1/8 max hp per turn, badly poisoned is 1/16 of max hp increasing by 1/16 per turn)"
pokefile-item-0008,Choice Band,Choice,8,An item to be held by a Pokémon. This curious headband boosts Attack but only allows the use of one move.,Provided,PROPOSED: Apply the Attack modifier while held; lock the holder to its first selected move until it leaves battle.,Increases attack by 50% but locks the holder to its first selected move until it leaves battle or the items is removed from them in game
pokefile-item-0009,Choice Scarf,Choice,9,An item to be held by a Pokémon. This curious scarf boosts Speed but only allows the use of one move.,Provided,PROPOSED: Apply the Speed modifier while held; lock the holder to its first selected move until it leaves battle.,Increases speed by 50% but locks the holder to its first selected move until it leaves battle or the items is removed from them in game
pokefile-item-0010,Choice Specs,Choice,10,An item to be held by a Pokémon. These curious glasses boost Sp. Atk but only allow the use of one move.,Provided,PROPOSED: Apply the Special Attack modifier while held; lock the holder to its first selected move until it leaves battle.,Increases special attack by 50% but locks the holder to its first selected move until it leaves battle or the items is removed from them in game
pokefile-item-0011,Berry Sweet,Evolution,11,"A berry-shaped sweet. When a Milcery holds this, it spins around happily.",Provided,"PROPOSED: In the route evolution action, check the named species and held-item condition, then apply the matching evolution or form.",when held by a milcery after battle has concluded and survives it evolves into Berry Sweet Milcery
pokefile-item-0012,Black Augurite,Evolution,12,,Missing,PROPOSED: Keep in inventory; define its species and trigger requirements before enabling a route evolution action.,Can be used in the bag to evolve scyther into cleavor
pokefile-item-0013,Chipped Pot,Evolution,13,"A peculiar teapot that can make a certain species of Pokémon evolve. It may be chipped, but tea poured from it is delicious.",Provided,"PROPOSED: Add a route evolution action; validate compatible species and any hold or trade condition, then consume only on success.",Can be used in the bag to evolve sinistea into polteageist
pokefile-item-0014,Clover Sweet,Evolution,14,"A clover-shaped sweet. When a Milcery holds this, it spins around happily.",Provided,"PROPOSED: In the route evolution action, check the named species and held-item condition, then apply the matching evolution or form.",when held by a milcery after battle has concluded and survives it evolves into Clover Sweet Milcery
pokefile-item-0015,Cracked Pot,Evolution,15,"A peculiar teapot that can make a certain species of Pokémon evolve. It may be cracked, but tea poured from it is delicious.",Provided,"PROPOSED: Add a route evolution action; validate compatible species and any hold or trade condition, then consume only on success.",when held by a sinistea after battle has concluded and survives it evolves into Polteageist
pokefile-item-0016,Dawn Stone,Evolution,16,A peculiar stone that can make certain species of Pokémon evolve. It sparkles like a glittering eye.,Provided,"PROPOSED: Add a route evolution action; validate compatible species and any hold or trade condition, then consume only on success.",See pokemon reference csv for evo list
pokefile-item-0017,Dragon Scale,Evolution,17,A very tough and inflexible scale. Dragon-type Pokémon may be holding this item when caught.,Provided,PROPOSED: Add an item-specific route evolution or form rule after its eligible species and trigger are registered.,when held by a seadra after battle has concluded and survives it evolves into kingdra
pokefile-item-0018,Dubious Disc,Evolution,18,A transparent device overflowing with dubious data. Its producer is unknown.,Provided,PROPOSED: Add an item-specific route evolution or form rule after its eligible species and trigger are registered.,can be used in the bag to evolve porygon2 into porygon-z
pokefile-item-0019,Dusk Stone,Evolution,19,A peculiar stone that can make certain species of Pokémon evolve. It holds shadows as dark as can be.,Provided,"PROPOSED: Add a route evolution action; validate compatible species and any hold or trade condition, then consume only on success.",See pokemon reference csv for evo list
pokefile-item-0020,Electirizer,Evolution,20,A box packed with a tremendous amount of electric energy. It’s loved by a certain Pokémon.,Provided,PROPOSED: Add an item-specific route evolution or form rule after its eligible species and trigger are registered.,can be used in the bag to evole electabuzz into electivire
pokefile-item-0021,Fire Stone,Evolution,21,A peculiar stone that can make certain species of Pokémon evolve. The stone has a fiery orange heart.,Provided,"PROPOSED: Add a route evolution action; validate compatible species and any hold or trade condition, then consume only on success.",See pokemon reference csv for evo list
pokefile-item-0022,Flower Sweet,Evolution,22,"A flower-shaped sweet. When a Milcery holds this, it spins around happily.",Provided,"PROPOSED: In the route evolution action, check the named species and held-item condition, then apply the matching evolution or form.",when held by a milcery after battle has concluded and survives it evolves into flower Sweet Milcery
pokefile-item-0023,Ice Stone,Evolution,23,A peculiar stone that can make certain species of Pokémon evolve. It has an unmistakable snowflake pattern.,Provided,"PROPOSED: Add a route evolution action; validate compatible species and any hold or trade condition, then consume only on success.",See pokemon reference csv for evo list
pokefile-item-0024,Leaf Stone,Evolution,24,A peculiar stone that can make certain species of Pokémon evolve. It has an unmistakable leaf pattern.,Provided,"PROPOSED: Add a route evolution action; validate compatible species and any hold or trade condition, then consume only on success.",See pokemon reference csv for evo list
pokefile-item-0025,Linking Cord,Evolution,25,,Missing,PROPOSED: Keep in inventory; define its species and trigger requirements before enabling a route evolution action.,
pokefile-item-0026,Love Sweet,Evolution,26,"A heart-shaped sweet. When a Milcery holds this, it spins around happily.",Provided,"PROPOSED: In the route evolution action, check the named species and held-item condition, then apply the matching evolution or form.",when held by a milcery after battle has concluded and survives it evolves into Love Sweet Milcery
pokefile-item-0027,Magmarizer,Evolution,27,A box packed with a tremendous amount of magma energy. It’s loved by a certain Pokémon.,Provided,PROPOSED: Add an item-specific route evolution or form rule after its eligible species and trigger are registered.,can be used in the bag to evole magmar into magmortar
pokefile-item-0028,Malicious Armor,Evolution,28,,Missing,PROPOSED: Keep in inventory; define its species and trigger requirements before enabling a route evolution action.,can be used in the bag to evolve charcadet in ceruledge
pokefile-item-0029,Masterpiece Teacup,Evolution,29,,Missing,PROPOSED: Keep in inventory; define its species and trigger requirements before enabling a route evolution action.,can be used in the bag to evolve Poltchageist into sinischa
pokefile-item-0030,Moon Stone,Evolution,30,A peculiar stone that can make certain species of Pokémon evolve. It is as black as the night sky.,Provided,"PROPOSED: Add a route evolution action; validate compatible species and any hold or trade condition, then consume only on success.",See pokemon reference csv for evo list
pokefile-item-0031,Oval Stone,Evolution,31,A peculiar stone that can make certain species of Pokémon evolve. It’s as round as a Pokémon Egg.,Provided,"PROPOSED: Add a route evolution action; validate compatible species and any hold or trade condition, then consume only on success.",can be used in the bag to evolve happiny into chansey
pokefile-item-0032,Peat Block,Evolution,32,,Missing,PROPOSED: Keep in inventory; define its species and trigger requirements before enabling a route evolution action.,Can be used in the bag to evolve ursaring into ursaluna
pokefile-item-0033,Prism Scale,Evolution,33,A mysterious scale that causes a certain Pokémon to evolve. It shines in rainbow colors.,Provided,"PROPOSED: Add a route evolution action; validate compatible species and any hold or trade condition, then consume only on success.",can be used in the bag to evolve feebas into a milotic
pokefile-item-0034,Protector,Evolution,34,A protective item of some sort. It is extremely stiff and heavy. It’s loved by a certain Pokémon.,Provided,PROPOSED: Add an item-specific route evolution or form rule after its eligible species and trigger are registered.,can be used in the bag to evolve rhydon to a rhyperior
pokefile-item-0035,Reaper Cloth,Evolution,35,A cloth imbued with horrifyingly strong spiritual energy. It’s loved by a certain Pokémon.,Provided,PROPOSED: Add an item-specific route evolution or form rule after its eligible species and trigger are registered.,can be used in the bag to evolve dusclops to a dusknoir
pokefile-item-0036,Ribbon Sweet,Evolution,36,"A ribbon-shaped sweet. When a Milcery holds this, it spins around happily.",Provided,"PROPOSED: In the route evolution action, check the named species and held-item condition, then apply the matching evolution or form.",when held by a milcery after battle has concluded and survives it evolves into ribbon Sweet Milcery
pokefile-item-0037,Sachet,Evolution,37,A sachet filled with fragrant perfumes that are just slightly too overwhelming. Yet it’s loved by a certain Pokémon.,Provided,PROPOSED: Add an item-specific route evolution or form rule after its eligible species and trigger are registered.,used in the bag to evolve spritzee into an aromatisse
pokefile-item-0038,Shiny Stone,Evolution,38,A peculiar stone that can make certain species of Pokémon evolve. It shines with a dazzling light.,Provided,"PROPOSED: Add a route evolution action; validate compatible species and any hold or trade condition, then consume only on success.",See pokemon reference csv for evo list
pokefile-item-0039,Star Sweet,Evolution,39,"A star-shaped sweet. When a Milcery holds this, it spins around happily.",Provided,"PROPOSED: In the route evolution action, check the named species and held-item condition, then apply the matching evolution or form.",can be used in the bag to evolve milcery into star sweet milcery
pokefile-item-0040,Strawberry Sweet,Evolution,40,"A strawberry-shaped sweet. When a Milcery holds this, it will spin around happily.",Provided,"PROPOSED: In the route evolution action, check the named species and held-item condition, then apply the matching evolution or form.",can be used in the bag to evolve milcery into strawberry sweet milcery
pokefile-item-0041,Sun Stone,Evolution,41,A peculiar stone that can make certain species of Pokémon evolve. It burns as red as the evening sun.,Provided,"PROPOSED: Add a route evolution action; validate compatible species and any hold or trade condition, then consume only on success.",See pokemon reference csv for evo list
pokefile-item-0042,Sweet Apple,Evolution,42,A peculiar apple that can make a certain species of Pokémon evolve. It’s exceptionally sweet.,Provided,"PROPOSED: Add a route evolution action; validate compatible species and any hold or trade condition, then consume only on success.",used in the bag to evolve applin into an appletun
pokefile-item-0043,Syrupy Apple,Evolution,43,,Missing,PROPOSED: Keep in inventory; define its species and trigger requirements before enabling a route evolution action.,used in the bag to evolve applin into an dipplin
pokefile-item-0044,Tart Apple,Evolution,44,A peculiar apple that can make a certain species of Pokémon evolve. It’s exceptionally tart.,Provided,"PROPOSED: Add a route evolution action; validate compatible species and any hold or trade condition, then consume only on success.",used in the bag to evolve applin into an flapple
pokefile-item-0045,Thunder Stone,Evolution,45,A peculiar stone that can make certain species of Pokémon evolve. It has a distinct thunderbolt pattern.,Provided,"PROPOSED: Add a route evolution action; validate compatible species and any hold or trade condition, then consume only on success.",See pokemon reference csv for evo list
pokefile-item-0046,Unremarkable Teacup,Evolution,46,,Missing,PROPOSED: Keep in inventory; define its species and trigger requirements before enabling a route evolution action.,
pokefile-item-0047,Upgrade,Evolution,47,A transparent device somehow filled with all sorts of data. It was produced by Silph Co.,Provided,PROPOSED: Add an item-specific route evolution or form rule after its eligible species and trigger are registered.,
pokefile-item-0048,Water Stone,Evolution,48,A peculiar stone that can make certain species of Pokémon evolve. It is the blue of a pool of clear water.,Provided,"PROPOSED: Add a route evolution action; validate compatible species and any hold or trade condition, then consume only on success.",
pokefile-item-0049,Whipped Dream,Evolution,49,"A soft and sweet treat made of fluffy, puffy, whipped, and whirled cream. It’s loved by a certain Pokémon.",Provided,PROPOSED: Add an item-specific route evolution or form rule after its eligible species and trigger are registered.,
pokefile-item-0050,Acro Bike,Gameplay,50,This folding bike allows you to perform actions such as wheelies and bunny hops.,Provided,PROPOSED: Apply as a route movement or terrain-access upgrade in exploration; no battle effect.,
pokefile-item-0051,Adamant Crystal,Gameplay,51,,Missing,PROPOSED: Keep as route inventory metadata until its use is defined; no battle effect is specified in this row.,
pokefile-item-0052,Adventure Guide,Gameplay,52,A compact device that automatically collects and records advice when a Trainer is out on an adventure.,Provided,PROPOSED: Implement as a route-only inventory interaction based on its description; keep it out of held-item battle calculations.,
pokefile-item-0053,Apricorn Box,Gameplay,53,A handy box where you can store up to 99 of each kind of Apricorn.,Provided,PROPOSED: Implement as a route-only inventory interaction based on its description; keep it out of held-item battle calculations.,
pokefile-item-0054,Berry Pots,Gameplay,54,Handy containers for cultivating Berries wherever you go.,Provided,PROPOSED: Implement as a route-only inventory interaction based on its description; keep it out of held-item battle calculations.,
pokefile-item-0055,Berry Pouch,Gameplay,55,A pouch for carrying BERRIES. It is attached to the BAG’s compartment for important items.,Provided,PROPOSED: Implement as a route-only inventory interaction based on its description; keep it out of held-item battle calculations.,
pokefile-item-0056,Bicycle,Gameplay,56,A folding Bicycle that enables a rider to get around much faster than a pair of Running Shoes will allow.,Provided,PROPOSED: Implement as a route-only inventory interaction based on its description; keep it out of held-item battle calculations.,
pokefile-item-0057,Blue Card,Gameplay,57,A card to save points for the Buena’s Password show.,Provided,PROPOSED: Implement as a route-only inventory interaction based on its description; keep it out of held-item battle calculations.,
pokefile-item-0058,Camping Gear,Gameplay,58,Everything you need to set up a tent and get cooking in a Wild Area or at a camping spot.,Provided,PROPOSED: Implement as a route-only inventory interaction based on its description; keep it out of held-item battle calculations.,
pokefile-item-0059,Catching Charm,Gameplay,59,"Holding it is said to increase the chance of getting a critical catch. Curiously, the charm doesn’t shake much.",Provided,PROPOSED: Apply its catch-probability modifier during route recruitment resolution.,
pokefile-item-0060,Coin Case,Gameplay,60,"A case for holding coins obtained at the Game Corner. It can hold up to 50,000 coins.",Provided,PROPOSED: Implement as a route-only inventory interaction based on its description; keep it out of held-item battle calculations.,
pokefile-item-0061,Contest Costume,Gameplay,61,A very cool suit to be worn during the Contest Spectacular.,Provided,PROPOSED: Implement as a route-only inventory interaction based on its description; keep it out of held-item battle calculations.,
pokefile-item-0062,Contest Pass,Gameplay,62,A pass required for entering Pokémon Contests. It has a drawing of an award ribbon on its front.,Provided,PROPOSED: Implement as a route-only inventory interaction based on its description; keep it out of held-item battle calculations.,
pokefile-item-0063,Devon Scope,Gameplay,63,A special device made by Devon Corporation that signals the presence of any unseen Pokémon.,Provided,PROPOSED: Add the described map or scouting information to the route screen; do not affect battle damage.,
pokefile-item-0064,DNA Splicers,Gameplay,64,A splicer that fuses Kyurem and a certain Pokémon. They are said to have been one in the beginning.,Provided,PROPOSED: Add a party form or evolution action; validate compatible species and preserve the resulting form in party data.,
pokefile-item-0065,Dowsing Machine,Gameplay,65,A high-tech machine that shows the location of invisible items. It’s attached to the head when in use.,Provided,PROPOSED: Add the described map or scouting information to the route screen; do not affect battle damage.,
pokefile-item-0066,Eon Flute,Gameplay,66,A flute that can be used to summon Latios or Latias no matter where you are.,Provided,PROPOSED: Implement as a route-only inventory interaction based on its description; keep it out of held-item battle calculations.,
pokefile-item-0067,Exp. Charm,Gameplay,67,A charm that increases the Exp. Points that Pokémon can get. A machine-like object is inside the charm.,Provided,PROPOSED: Apply the experience modifier when battle rewards are awarded.,
pokefile-item-0068,Explorer Kit,Gameplay,68,A bag filled with convenient tools for exploring. It provides access to the Underground in the Sinnoh region.,Provided,PROPOSED: Implement as a route-only inventory interaction based on its description; keep it out of held-item battle calculations.,
pokefile-item-0069,Fame Checker,Gameplay,69,A device that enables you to recall what you’ve heard and seen about famous people.,Provided,PROPOSED: Implement as a route-only inventory interaction based on its description; keep it out of held-item battle calculations.,
pokefile-item-0070,Fashion Case,Gameplay,70,A lovely case to store colorful Props for your Pokémon to wear in a musical.,Provided,PROPOSED: Implement as a route-only inventory interaction based on its description; keep it out of held-item battle calculations.,
pokefile-item-0071,Festival Ticket,Gameplay,71,A ticket that allows you to host a mission in Festival Plaza.,Provided,PROPOSED: Implement as a route-only inventory interaction based on its description; keep it out of held-item battle calculations.,
pokefile-item-0072,Fishing Rod,Gameplay,72,A fishing rod made by Captain Lana. Cast a line over piles of underwater rocks to fish for wild aquatic Pokémon.,Provided,PROPOSED: Add a route interaction at water nodes; use the rod tier to choose the eligible encounter pool.,
pokefile-item-0073,Fishing Rod,Gameplay,73,Use it by the water to fish up various kinds of Pokémon.,Provided,PROPOSED: Add a route interaction at water nodes; use the rod tier to choose the eligible encounter pool.,
pokefile-item-0074,Forage Bag,Gameplay,74,A bag to carry ingredients gathered during Mallow’s trial in the jungle.,Provided,PROPOSED: Implement as a route-only inventory interaction based on its description; keep it out of held-item battle calculations.,
pokefile-item-0075,GB Sounds,Gameplay,75,A music player that allows you to listen to nostalgic songs. It’s operated with the flip of a single switch.,Provided,PROPOSED: Implement as a route-only inventory interaction based on its description; keep it out of held-item battle calculations.,
pokefile-item-0076,Glimmering Charm,Gameplay,76,,Missing,PROPOSED: Keep as route inventory metadata until its use is defined; no battle effect is specified in this row.,
pokefile-item-0077,Go-Goggles,Gameplay,77,Nifty goggles to protect eyes from desert sandstorms.,Provided,PROPOSED: Apply as a route movement or terrain-access upgrade in exploration; no battle effect.,
pokefile-item-0078,Good Rod,Gameplay,78,"A new, good-quality fishing rod. Use it at any body of water to fish for wild aquatic Pokémon.",Provided,PROPOSED: Add a route interaction at water nodes; use the rod tier to choose the eligible encounter pool.,
pokefile-item-0079,Griseous Core,Gameplay,79,,Missing,PROPOSED: Keep as route inventory metadata until its use is defined; no battle effect is specified in this row.,
pokefile-item-0080,Hi-tech Earbuds,Gameplay,80,Strange earbuds that allow you to freely control the volume of various sounds.,Provided,PROPOSED: Implement as a route-only inventory interaction based on its description; keep it out of held-item battle calculations.,
pokefile-item-0081,Holo Caster,Gameplay,81,A device that allows users to receive and view hologram clips at any time. It’s also used to chat with others.,Provided,PROPOSED: Implement as a route-only inventory interaction based on its description; keep it out of held-item battle calculations.,
pokefile-item-0082,Journal,Gameplay,82,A notebook that keeps a day-to-day record of your adventure so far.,Provided,PROPOSED: Implement as a route-only inventory interaction based on its description; keep it out of held-item battle calculations.,
pokefile-item-0083,Key Stone,Gameplay,83,A stone filled with an unexplained power. It makes Pokémon that battle with a Mega Stone Mega Evolve.,Provided,PROPOSED: Store this trainer unlock in run state and require it before offering the Mega Special action.,
pokefile-item-0084,Lens Case,Gameplay,84,A rather chic-looking case for carrying contact lenses.,Provided,PROPOSED: Implement as a route-only inventory interaction based on its description; keep it out of held-item battle calculations.,
pokefile-item-0085,Lustrous Globe,Gameplay,85,,Missing,PROPOSED: Keep as route inventory metadata until its use is defined; no battle effect is specified in this row.,
pokefile-item-0086,Mach Bike,Gameplay,86,This folding bike more than doubles your movement speed.,Provided,PROPOSED: Apply as a route movement or terrain-access upgrade in exploration; no battle effect.,
pokefile-item-0087,Makeup Bag,Gameplay,87,A rather chic-looking case for carrying lipsticks.,Provided,PROPOSED: Implement as a route-only inventory interaction based on its description; keep it out of held-item battle calculations.,
pokefile-item-0088,Mark Charm,Gameplay,88,A mysterious and unique charm that increases the chance of finding a Pokémon with a mark.,Provided,"PROPOSED: Apply the described chance modifier in the matching route encounter, recruitment, or reward roll.",
pokefile-item-0089,Medal Box,Gameplay,89,A box-shaped machine that stores Medals and Medal information.,Provided,PROPOSED: Implement as a route-only inventory interaction based on its description; keep it out of held-item battle calculations.,
pokefile-item-0090,Mega Bracelet,Gameplay,90,This cuff contains an untold power that somehow enables Pokémon carrying a Mega Stone to Mega Evolve in battle.,Provided,PROPOSED: Store this trainer unlock in run state and require it before offering the Mega Special action.,
pokefile-item-0091,Mega Ring,Gameplay,91,This ring contains an untold power that somehow enables Pokémon carrying Mega Stones to Mega Evolve in battle.,Provided,PROPOSED: Store this trainer unlock in run state and require it before offering the Mega Special action.,
pokefile-item-0092,Old Rod,Gameplay,92,An old and beat-up fishing rod. Use it at any body of water to fish for wild aquatic Pokémon.,Provided,PROPOSED: Add a route interaction at water nodes; use the rod tier to choose the eligible encounter pool.,
pokefile-item-0093,Oval Charm,Gameplay,93,An oval charm said to increase the chance of Pokémon Eggs being found at the Nursery.,Provided,PROPOSED: Reserve for a breeding or egg system; keep inactive until that route feature exists.,
pokefile-item-0094,Pal Pad,Gameplay,94,A convenient notepad that is used to register your friends and friend codes and keep a record of your gameplay.,Provided,PROPOSED: Implement as a route-only inventory interaction based on its description; keep it out of held-item battle calculations.,
pokefile-item-0095,Permit,Gameplay,95,A permit that is needed to enter the Nature Preserve. Not many know about it.,Provided,PROPOSED: Implement as a route-only inventory interaction based on its description; keep it out of held-item battle calculations.,
pokefile-item-0096,Poffin Case,Gameplay,96,A case for storing Poffins cooked from Berries.,Provided,PROPOSED: Implement as a route-only inventory interaction based on its description; keep it out of held-item battle calculations.,
pokefile-item-0097,Point Card,Gameplay,97,A card that lists how many Battle Points you have earned.,Provided,PROPOSED: Implement as a route-only inventory interaction based on its description; keep it out of held-item battle calculations.,
pokefile-item-0098,Poké Radar,Gameplay,98,A tool that can search out Pokémon that are hiding in the tall grass. Its battery is recharged as you walk.,Provided,PROPOSED: Implement as a route-only inventory interaction based on its description; keep it out of held-item battle calculations.,
pokefile-item-0099,Pokéblock Case,Gameplay,99,A case for holding POKéBLOCKS made with a BERRY BLENDER. It releases one POKéBLOCK when shaken.,Provided,PROPOSED: Implement as a route-only inventory interaction based on its description; keep it out of held-item battle calculations.,
pokefile-item-0100,Pokéblock Kit,Gameplay,100,A set containing a Berry Blender for making Pokéblocks and a Pokéblock Case for storing Pokéblocks.,Provided,PROPOSED: Implement as a route-only inventory interaction based on its description; keep it out of held-item battle calculations.,
pokefile-item-0101,Pokémon Box Link,Gameplay,101,A device that allows you to access the Pokémon storage system. There are some places where it won’t work.,Provided,PROPOSED: Implement as a route-only inventory interaction based on its description; keep it out of held-item battle calculations.,
pokefile-item-0102,Powder Jar,Gameplay,102,A jar for storing BERRY POWDER made using a BERRY CRUSHER.,Provided,PROPOSED: Implement as a route-only inventory interaction based on its description; keep it out of held-item battle calculations.,
pokefile-item-0103,Prison Bottle,Gameplay,103,"A bottle believed to have been used to seal away the power of a certain Pokémon long, long ago.",Provided,PROPOSED: Implement as a route-only inventory interaction based on its description; keep it out of held-item battle calculations.,
pokefile-item-0104,Prop Case,Gameplay,104,A lovely case to store colorful Props for your Pokémon to wear in a musical.,Provided,PROPOSED: Implement as a route-only inventory interaction based on its description; keep it out of held-item battle calculations.,
pokefile-item-0105,Rage Candy Bar,Gameplay,105,Mahogany Town’s famous candy. It can be used once to heal all the status conditions of a Pokémon.,Provided,PROPOSED: Add a route Bag action that clears all supported status conditions from one ally and consumes on use.,
pokefile-item-0106,Reveal Glass,Gameplay,106,A looking glass that reveals the truth. It’s a mysterious glass that returns a Pokémon to its original shape.,Provided,PROPOSED: Implement as a route-only inventory interaction based on its description; keep it out of held-item battle calculations.,
pokefile-item-0107,Roller Skates,Gameplay,107,"Attaches roller skates to the bottom of your shoes, allowing you to glide quickly around and perform tricks.",Provided,PROPOSED: Apply as a route movement or terrain-access upgrade in exploration; no battle effect.,
pokefile-item-0108,Roto Stick,Gameplay,108,,Missing,PROPOSED: Keep as route inventory metadata until its use is defined; no battle effect is specified in this row.,
pokefile-item-0109,Rotom Bike,Gameplay,109,This bike can be combined with the Pokémon Rotom to use a turbo boost.,Provided,PROPOSED: Apply as a route movement or terrain-access upgrade in exploration; no battle effect.,
pokefile-item-0110,Rotom Catalog,Gameplay,110,A catalog of devices that Rotom like. Use the catalog to have Rotom hop in and out of the various devices listed within.,Provided,PROPOSED: Implement as a route-only inventory interaction based on its description; keep it out of held-item battle calculations.,
pokefile-item-0111,Scroll of Darkness,Gameplay,111,,Missing,PROPOSED: Keep as route inventory metadata until its use is defined; no battle effect is specified in this row.,
pokefile-item-0112,Scroll of Waters,Gameplay,112,,Missing,PROPOSED: Keep as route inventory metadata until its use is defined; no battle effect is specified in this row.,
pokefile-item-0113,Seal Case,Gameplay,113,A case for storing Seals that can be applied to the exteriors of Poké Balls.,Provided,PROPOSED: Implement as a route-only inventory interaction based on its description; keep it out of held-item battle calculations.,
pokefile-item-0114,Shiny Charm,Gameplay,114,A shiny charm said to increase the chance of finding a Shiny Pokémon in the wild.,Provided,"PROPOSED: Apply the described chance modifier in the matching route encounter, recruitment, or reward roll.",
pokefile-item-0115,Soot Sack,Gameplay,115,A sack used to gather and hold volcanic ash.,Provided,PROPOSED: Implement as a route-only inventory interaction based on its description; keep it out of held-item battle calculations.,
pokefile-item-0116,Sprayduck,Gameplay,116,"A watering can shaped like a Psyduck. It helps promote the healthy growth of any Berries planted in good, soft soil.",Provided,PROPOSED: Implement as a route-only inventory interaction based on its description; keep it out of held-item battle calculations.,
pokefile-item-0117,Sprinklotad,Gameplay,117,"A watering can shaped like a Lotad. It helps promote the healthy growth of any Berries planted in good, soft soil.",Provided,PROPOSED: Implement as a route-only inventory interaction based on its description; keep it out of held-item battle calculations.,
pokefile-item-0118,Style Card,Gameplay,118,A card that increases the selection in boutiques and hair salons.,Provided,PROPOSED: Implement as a route-only inventory interaction based on its description; keep it out of held-item battle calculations.,
pokefile-item-0119,Super Rod,Gameplay,119,"An awesome, high-tech fishing rod. Use it at any body of water to fish for wild aquatic Pokémon.",Provided,PROPOSED: Add a route interaction at water nodes; use the rod tier to choose the eligible encounter pool.,
pokefile-item-0120,Teachy TV,Gameplay,120,A television set that is tuned to a program with useful tips for novice TRAINERS.,Provided,PROPOSED: Implement as a route-only inventory interaction based on its description; keep it out of held-item battle calculations.,
pokefile-item-0121,Teal Style Card,Gameplay,121,,Missing,PROPOSED: Keep as route inventory metadata until its use is defined; no battle effect is specified in this row.,
pokefile-item-0122,TM Case,Gameplay,122,- - -,Provided,PROPOSED: Keep as route inventory storage for TMs; teaching and compatibility checks belong to each TM action.,
pokefile-item-0123,TMV Pass,Gameplay,123,A commuter pass that allows the holder to ride the TMV between Lumiose City and Kiloude City at any time.,Provided,PROPOSED: Implement as a route-only inventory interaction based on its description; keep it out of held-item battle calculations.,
pokefile-item-0124,Town Map,Gameplay,124,A very convenient map that can be viewed anytime. It even shows you your present location in the region.,Provided,PROPOSED: Add the described map or scouting information to the route screen; do not affect battle damage.,
pokefile-item-0125,Unown Report,Gameplay,125,A report of all the discovered kinds of Unown.,Provided,PROPOSED: Implement as a route-only inventory interaction based on its description; keep it out of held-item battle calculations.,
pokefile-item-0126,Vs. Recorder,Gameplay,126,An amazing device that can record a battle between friends or the battles at certain special battle facilities.,Provided,PROPOSED: Implement as a route-only inventory interaction based on its description; keep it out of held-item battle calculations.,
pokefile-item-0127,Vs. Seeker,Gameplay,127,A device that indicates Trainers who want to battle. Its battery charges while you walk.,Provided,PROPOSED: Implement as a route-only inventory interaction based on its description; keep it out of held-item battle calculations.,
pokefile-item-0128,Wailmer Pail,Gameplay,128,This is a tool for watering Berries you planted to make them grow more quickly.,Provided,PROPOSED: Implement as a route-only inventory interaction based on its description; keep it out of held-item battle calculations.,
pokefile-item-0129,Xtransceiver,Gameplay,129,A high-tech transceiver with a camera function. It allows up to four-way calls.,Provided,PROPOSED: Implement as a route-only inventory interaction based on its description; keep it out of held-item battle calculations.,
pokefile-item-0130,Z-Ring,Gameplay,130,A mysterious ring that enables Pokémon to use Z-Power. It requires both the willpower and the physical power of the Trainer wearing it.,Provided,PROPOSED: Store this trainer unlock in run state and require it before offering a compatible Z Special action.,
pokefile-item-0131,Zygarde Cube,Gameplay,131,An item in which Zygarde Cores and Cells are gathered. You can also use it to change Zygarde’s forms.,Provided,PROPOSED: Implement as a route-only inventory interaction based on its description; keep it out of held-item battle calculations.,
pokefile-item-0132,Berry Juice,Healing,132,A 100 percent pure juice made of Berries. It can be used to restore 20 HP to a single Pokémon.,Provided,"PROPOSED: Add a route Bag action for one ally; restore 20 HP, clamp to maximum HP, and consume on use.",
pokefile-item-0133,Energy Powder,Healing,133,A very bitter medicinal powder. It can be used to restore 60 HP to a single Pokémon.,Provided,"PROPOSED: Add a route Bag action for one ally; restore 60 HP, clamp to maximum HP, and consume on use.",
pokefile-item-0134,Energy Root,Healing,134,An extremely bitter medicinal root. It can be used to restore 120 HP to a single Pokémon.,Provided,"PROPOSED: Add a route Bag action for one ally; restore 120 HP, clamp to maximum HP, and consume on use.",
pokefile-item-0135,Fresh Water,Healing,135,Water with high mineral content. It can be used to restore 30 HP to a single Pokémon.,Provided,"PROPOSED: Add a route Bag action for one ally; restore 30 HP, clamp to maximum HP, and consume on use.",
pokefile-item-0136,Full Restore,Healing,136,A medicine that can be used to fully restore the HP of a single Pokémon and heal any status conditions it has.,Provided,"PROPOSED: Add a route Bag action for one ally; restore the described amount, clamp to maximum HP, and consume on use.",
pokefile-item-0137,Hyper Potion,Healing,137,A spray-type medicine for treating wounds. It can be used to restore 120 HP to a single Pokémon.,Provided,"PROPOSED: Add a route Bag action for one ally; restore 120 HP, clamp to maximum HP, and consume on use.",
pokefile-item-0138,Lemonade,Healing,138,A very sweet and refreshing drink. It can be used to restore 70 HP to a single Pokémon.,Provided,"PROPOSED: Add a route Bag action for one ally; restore 70 HP, clamp to maximum HP, and consume on use.",
pokefile-item-0139,Max Potion,Healing,139,A spray-type medicine for treating wounds. It can be used to completely restore the max HP of a single Pokémon.,Provided,"PROPOSED: Add a route Bag action for one ally; restore the max HP, clamp to maximum HP, and consume on use.",
pokefile-item-0140,Moomoo Milk,Healing,140,A bottle of highly nutritious milk. It can be used to restore 100 HP to a single Pokémon.,Provided,"PROPOSED: Add a route Bag action for one ally; restore 100 HP, clamp to maximum HP, and consume on use.",
pokefile-item-0141,Potion,Healing,141,A spray-type medicine for treating wounds. It can be used to restore 20 HP to a single Pokémon.,Provided,"PROPOSED: Add a route Bag action for one ally; restore 20 HP, clamp to maximum HP, and consume on use.",
pokefile-item-0142,Soda Pop,Healing,142,A highly carbonated soda drink. It can be used to restore 50 HP to a single Pokémon.,Provided,"PROPOSED: Add a route Bag action for one ally; restore 50 HP, clamp to maximum HP, and consume on use.",
pokefile-item-0143,Super Potion,Healing,143,A spray-type medicine for treating wounds. It can be used to restore 60 HP to a single Pokémon.,Provided,"PROPOSED: Add a route Bag action for one ally; restore 60 HP, clamp to maximum HP, and consume on use.",
pokefile-item-0144,Sweet Heart,Healing,144,A piece of cloyingly sweet chocolate. It can be used to restore 20 HP to a single Pokémon.,Provided,"PROPOSED: Add a route Bag action for one ally; restore 20 HP, clamp to maximum HP, and consume on use.",
pokefile-item-0145,Ability Shield,Held items,145,,Missing,PROPOSED: Keep as inventory data until its held effect is specified; do not assign an undocumented battle effect.,
pokefile-item-0146,Absorb Bulb,Held items,146,An item to be held by a Pokémon. It boosts Sp. Atk if the holder is hit with a Water-type attack. It can only be used once.,Provided,"PROPOSED: When hit by a Water move, consume the Bulb and raise the holder Special Attack stage.",
pokefile-item-0147,Adrenaline Orb,Held items,147,"If held by a Pokémon, it boosts Speed when intimidated.",Provided,"PROPOSED: When Intimidate lowers Attack, raise the holder Speed stage through the stat-change hook.",
pokefile-item-0148,Air Balloon,Held items,148,"An item to be held by a Pokémon. The holder will float in the air until hit. Once the holder is hit, this item will burst.",Provided,"PROPOSED: While held, mark the holder airborne so Ground attacks fail; consume the Balloon when a hit lands.",
pokefile-item-0149,Assault Vest,Held items,149,An item to be held by a Pokémon. This offensive vest raises Sp. Def but prevents the use of status moves.,Provided,CURRENT RULES: Multiply Special Defense by 1.5 and block Status-category moves.,
pokefile-item-0150,Big Root,Held items,150,An item to be held by a Pokémon. It boosts the amount of HP the holder restores from HP-stealing moves.,Provided,PROPOSED: Increase HP restored by this holder HP-stealing moves in the healing calculation.,
pokefile-item-0151,Binding Band,Held items,151,An item to be held by a Pokémon. It’s a band that increases the power of binding moves used by the holder.,Provided,PROPOSED: Increase damage from binding moves used by the holder in shared damage calculation.,
pokefile-item-0152,Black Sludge,Held items,152,An item to be held by a Pokémon. It gradually restores HP to Poison-type Pokémon. It damages any other type.,Provided,"PROPOSED: At each battle cycle tick, heal Poison-type holders and damage holders of other types.",
pokefile-item-0153,Blunder Policy,Held items,153,Raises Speed sharply when a Pokémon misses with a move because of accuracy.,Provided,"PROPOSED: After an accuracy-based miss, consume the item and sharply raise the holder Speed stage.",
pokefile-item-0154,Booster Energy,Held items,154,,Missing,PROPOSED: Keep as inventory data until its held effect is specified; do not assign an undocumented battle effect.,
pokefile-item-0155,Bright Powder,Held items,155,An item to be held by a Pokémon. It casts a tricky glare that lowers the opposing Pokémon’s accuracy.,Provided,PROPOSED: Lower hit chance for attacks targeting the holder while this item remains held.,
pokefile-item-0156,Cell Battery,Held items,156,An item to be held by a Pokémon. It boosts Attack if the holder is hit with an Electric-type attack. It can only be used once.,Provided,"PROPOSED: When hit by an Electric move, consume the Battery and raise the holder Attack stage.",
pokefile-item-0157,Clear Amulet,Held items,157,,Missing,PROPOSED: Keep as inventory data until its held effect is specified; do not assign an undocumented battle effect.,
pokefile-item-0158,Cornerstone Mask,Held items,158,,Missing,PROPOSED: Keep as inventory data until its held effect is specified; do not assign an undocumented battle effect.,
pokefile-item-0159,Covert Cloak,Held items,159,,Missing,PROPOSED: Keep as inventory data until its held effect is specified; do not assign an undocumented battle effect.,
pokefile-item-0160,Damp Rock,Held items,160,An item to be held by a Pokémon. It extends the duration of the move Rain Dance when used by the holder.,Provided,"PROPOSED: When the holder sets rain, extend the battle weather timer by the item duration bonus.",
pokefile-item-0161,Destiny Knot,Held items,161,"An item to be held by a Pokémon. If the holder becomes infatuated, the opposing Pokémon will be, too.",Provided,"PROPOSED: When the holder becomes infatuated, apply infatuation to the opposing unit through the status hook.",
pokefile-item-0162,Eject Button,Held items,162,"An item to be held by a Pokémon. If the holder is hit by an attack, it will be switched out of battle.",Provided,"PROPOSED: After an attack hits the holder, consume the item and switch it out if a reserve is available.",
pokefile-item-0163,Eject Pack,Held items,163,"An item to be held by a Pokémon. When the holder’s stats are lowered, it will be switched out of battle.",Provided,"PROPOSED: After a stat drop affects the holder, switch it out if a reserve is available.",
pokefile-item-0164,Electric Seed,Held items,164,An item to be held by a Pokémon. It boosts Defense on Electric Terrain. It can only be used once.,Provided,"PROPOSED: When Electric Terrain starts, consume the Seed and raise the holder Defense stage.",
pokefile-item-0165,Eviolite,Held items,165,"A mysterious evolutionary lump. When held by a Pokémon that can still evolve, it raises both Defense and Sp. Def.",Provided,"PROPOSED: If the holder can still evolve, apply the described Defense and Special Defense modifiers in stat calculation.",
pokefile-item-0166,Expert Belt,Held items,166,An item to be held by a Pokémon. It’s a well-worn belt that slightly boosts the power of supereffective moves.,Provided,PROPOSED: Apply the described move damage modifier in shared calculation while the item is held.,
pokefile-item-0167,Fairy Feather,Held items,167,,Missing,PROPOSED: Keep as inventory data until its held effect is specified; do not assign an undocumented battle effect.,
pokefile-item-0168,Float Stone,Held items,168,An item to be held by a Pokémon. This very light stone reduces the weight of a Pokémon when held.,Provided,PROPOSED: Apply the described weight reduction to the holder for weight-sensitive move effects.,
pokefile-item-0169,Focus Band,Held items,169,"An item to be held by a Pokémon. The holder may endure a potential KO attack, leaving it with just 1 HP.",Provided,"PROPOSED: On a lethal hit, roll the survival chance and leave the holder at 1 HP if it succeeds.",
pokefile-item-0170,Focus Sash,Held items,170,"An item to be held by a Pokémon. If the holder has full HP, it will endure a potential KO attack with 1 HP. The item then disappears.",Provided,"PROPOSED: At full HP, survive one otherwise lethal hit at 1 HP, then consume the Sash.",
pokefile-item-0171,Grassy Seed,Held items,171,An item to be held by a Pokémon. It boosts Defense on Grassy Terrain. It can only be used once.,Provided,"PROPOSED: When Grassy Terrain starts, consume the Seed and raise the holder Defense stage.",
pokefile-item-0172,Grip Claw,Held items,172,"An item to be held by a Pokémon. It extends the duration of multi-turn attacks, such as Bind and Wrap.",Provided,PROPOSED: Extend the duration of binding and other multi-turn move effects while held.,
pokefile-item-0173,Hearthflame Mask,Held items,173,,Missing,PROPOSED: Keep as inventory data until its held effect is specified; do not assign an undocumented battle effect.,
pokefile-item-0174,Heat Rock,Held items,174,An item to be held by a Pokémon. It extends the duration of the move Sunny Day when used by the holder.,Provided,"PROPOSED: When the holder sets sun, extend the battle weather timer by the item duration bonus.",
pokefile-item-0175,Heavy-Duty Boots,Held items,175,These boots prevent the effects of traps set on the battlefield.,Provided,PROPOSED: Ignore battlefield trap and hazard effects for the holder while equipped.,
pokefile-item-0176,Icy Rock,Held items,176,An item to be held by a Pokémon. It extends the duration of the move Hail when used by the holder.,Provided,"PROPOSED: When the holder sets snow or hail, extend the battle weather timer by the item duration bonus.",
pokefile-item-0177,King’s Rock,Held items,177,"An item to be held by a Pokémon. When the holder successfully inflicts damage, the target may also flinch.",Provided,"PROPOSED: After the holder deals damage, roll the item flinch chance in the post-hit effect hook.",
pokefile-item-0178,Lax Incense,Held items,178,An item to be held by a Pokémon. The beguiling aroma of this incense may cause attacks to miss its holder.,Provided,PROPOSED: Lower hit chance for attacks targeting the holder while this item remains held.,
pokefile-item-0179,Leftovers,Held items,179,An item to be held by a Pokémon. The holder’s HP is slowly but steadily restored throughout every battle.,Provided,CURRENT RULES: Restore 1/16 maximum HP on each battle-time tick.,
pokefile-item-0180,Life Orb,Held items,180,An item to be held by a Pokémon. It boosts the power of moves but at the cost of some HP on each hit.,Provided,"PROPOSED: Increase the holder move damage, then apply recoil to the holder after each damaging hit.",
pokefile-item-0181,Light Clay,Held items,181,An item to be held by a Pokémon. Protective moves like Light Screen and Reflect will be effective longer.,Provided,PROPOSED: Extend durations of screen and barrier effects created by the holder.,
pokefile-item-0182,Loaded Dice,Held items,182,,Missing,PROPOSED: Keep as inventory data until its held effect is specified; do not assign an undocumented battle effect.,
pokefile-item-0183,Luminous Moss,Held items,183,An item to be held by a Pokémon. It boosts Sp. Def if the holder is hit with a Water-type attack. It can only be used once.,Provided,"PROPOSED: When hit by a Water move, consume the Moss and raise the holder Special Defense stage.",
pokefile-item-0184,Mental Herb,Held items,184,An item to be held by a Pokémon. The holder shakes off move-binding effects to move freely. It can be used only once.,Provided,"PROPOSED: When a move-binding effect prevents the holder from acting, clear it and consume the Herb.",
pokefile-item-0185,Metronome,Held items,185,An item to be held by a Pokémon. It boosts moves used consecutively but only until a different move is used.,Provided,PROPOSED: Track the holder last move and increase its repeated-move damage until it selects a different move.,
pokefile-item-0186,Mirror Herb,Held items,186,,Missing,PROPOSED: Keep as inventory data until its held effect is specified; do not assign an undocumented battle effect.,
pokefile-item-0187,Misty Seed,Held items,187,An item to be held by a Pokémon. It boosts Sp. Def on Misty Terrain. It can only be used once.,Provided,"PROPOSED: When Misty Terrain starts, consume the Seed and raise the holder Special Defense stage.",
pokefile-item-0188,Muscle Band,Held items,188,"An item to be held by a Pokémon. This headband exudes strength, slightly boosting the power of physical moves.",Provided,PROPOSED: Apply the described move damage modifier in shared calculation while the item is held.,
pokefile-item-0189,Pass Orb,Held items,189,"A mysterious orb containing the power of the Unova region, to be used when generating Pass Power.",Provided,PROPOSED: Reserve for a Pass Power route feature; keep inactive until that system is available.,
pokefile-item-0190,Power Herb,Held items,190,A single-use item to be held by a Pokémon. It allows the holder to immediately use a move that normally requires a turn to charge.,Provided,"PROPOSED: Let the holder skip a move charge step once, then consume the Herb.",
pokefile-item-0191,Protective Pads,Held items,191,An item to be held by a Pokémon. These pads protect the holder from effects caused by making direct contact with the target.,Provided,PROPOSED: Prevent contact-triggered effects caused by the holder attacks while equipped.,
pokefile-item-0192,Psychic Seed,Held items,192,An item to be held by a Pokémon. It boosts Sp. Def on Psychic Terrain. It can only be used once.,Provided,"PROPOSED: When Psychic Terrain starts, consume the Seed and raise the holder Special Defense stage.",
pokefile-item-0193,Punching Glove,Held items,193,,Missing,PROPOSED: Keep as inventory data until its held effect is specified; do not assign an undocumented battle effect.,
pokefile-item-0194,Quick Claw,Held items,194,"An item to be held by a Pokémon. This light, sharp claw lets the bearer move first occasionally.",Provided,PROPOSED: Roll the item activation chance in turn scheduling and move the holder earlier in the action order.,
pokefile-item-0195,Razor Claw,Held items,195,An item to be held by a Pokémon. This sharply hooked claw increases the holder’s critical-hit ratio.,Provided,PROPOSED: Increase the holder critical-hit chance in attack resolution.,
pokefile-item-0196,Razor Fang,Held items,196,"An item to be held by a Pokémon. When the holder successfully inflicts damage, the target may also flinch.",Provided,"PROPOSED: After the holder deals damage, roll the item flinch chance in the post-hit effect hook.",
pokefile-item-0197,Red Card,Held items,197,"An item to be held by a Pokémon. When the holder is hit by an attack, the attacker is removed from battle.",Provided,"PROPOSED: When an attack hits the holder, consume the Card and remove the attacker from the active field if possible.",
pokefile-item-0198,Ring Target,Held items,198,An item to be held by a Pokémon. Moves that normally have no effect will land on a Pokémon holding it.,Provided,PROPOSED: Ignore type-based immunities against attacks targeting the holder so those moves can hit.,
pokefile-item-0199,Rocky Helmet,Held items,199,"An item to be held by a Pokémon. If the holder is hit, the attacker will also be damaged upon contact.",Provided,"PROPOSED: Trigger from incoming-hit resolution; apply the described stat, prevention, or reactive effect and consume if single-use.",
pokefile-item-0200,Room Service,Held items,200,An item to be held by a Pokémon. Lowers Speed when Trick Room takes effect.,Provided,"PROPOSED: When Trick Room starts, lower the holder Speed stage and consume the item.",
pokefile-item-0201,Safety Goggles,Held items,201,An item to be held by a Pokémon. These goggles protect the holder from both weather-related damage and powder.,Provided,PROPOSED: Block weather damage and powder-tagged effects against the holder while equipped.,
pokefile-item-0202,Scope Lens,Held items,202,An item to be held by a Pokémon. It’s a lens for scoping out weak points. It boosts the holder’s critical-hit ratio.,Provided,PROPOSED: Increase the holder critical-hit chance in attack resolution.,
pokefile-item-0203,Shed Shell,Held items,203,An item to be held by a Pokémon. This discarded carapace enables the holder to switch out of battle without fail.,Provided,PROPOSED: Let the holder switch out despite effects that would otherwise prevent switching.,
pokefile-item-0204,Shell Bell,Held items,204,An item to be held by a Pokémon. The holder restores a little HP every time it inflicts damage on others.,Provided,"PROPOSED: After the holder deals damage, restore a small amount of HP based on damage dealt.",
pokefile-item-0205,Smoke Ball,Held items,205,An item to be held by a Pokémon. It enables the holder to flee from any wild Pokémon encounter without fail.,Provided,PROPOSED: Add a route retreat action that always succeeds for the holder in a wild encounter.,
pokefile-item-0206,Smooth Rock,Held items,206,An item to be held by a Pokémon. It extends the duration of the move Sandstorm when used by the holder.,Provided,"PROPOSED: When the holder sets sandstorm, extend the battle weather timer by the item duration bonus.",
pokefile-item-0207,Snowball,Held items,207,An item to be held by a Pokémon. It boosts Attack if the holder is hit with an Ice-type attack. It can only be used once.,Provided,"PROPOSED: When hit by an Ice move, consume the Snowball and raise the holder Attack stage.",
pokefile-item-0208,Terrain Extender,Held items,208,An item to be held by a Pokémon. It extends the duration of the terrain caused by the holder’s move or Ability.,Provided,PROPOSED: Extend terrain duration when the holder creates terrain with a move or ability.,
pokefile-item-0209,Throat Spray,Held items,209,Raises Sp. Atk when a Pokémon uses a sound-based move.,Provided,"PROPOSED: After the holder uses a sound-tagged move, raise its Special Attack stage.",
pokefile-item-0210,Utility Umbrella,Held items,210,An item to be held by a Pokémon. This sturdy umbrella protects the holder from the effects of rain and harsh sunlight.,Provided,PROPOSED: Ignore rain and harsh-sunlight modifiers for the holder while equipped.,
pokefile-item-0211,Weakness Policy,Held items,211,An item to be held by a Pokémon. Attack and Sp. Atk sharply increase if the holder is hit with a move it’s weak to.,Provided,"PROPOSED: When a super-effective move hits, sharply raise the holder Attack and Special Attack stages.",
pokefile-item-0212,Wellspring Mask,Held items,212,,Missing,PROPOSED: Keep as inventory data until its held effect is specified; do not assign an undocumented battle effect.,
pokefile-item-0213,White Herb,Held items,213,An item to be held by a Pokémon. It will restore any lowered stat in battle. It can be used only once.,Provided,"PROPOSED: When the holder has lowered stats, restore them to neutral once and consume the Herb.",
pokefile-item-0214,Wide Lens,Held items,214,An item to be held by a Pokémon. It’s a magnifying lens that slightly boosts the accuracy of moves.,Provided,PROPOSED: Apply the described accuracy bonus to the holder moves during hit-chance resolution.,
pokefile-item-0215,Wise Glasses,Held items,215,An item to be held by a Pokémon. This thick pair of glasses slightly boosts the power of special moves.,Provided,PROPOSED: Increase the holder special-move damage in shared damage calculation.,
pokefile-item-0216,Zoom Lens,Held items,216,"An item to be held by a Pokémon. If the holder moves after its target moves, its accuracy will be boosted.",Provided,"PROPOSED: If the holder acts after its target, apply the accuracy bonus during hit-chance resolution.",
pokefile-item-0217,Apicot Berry,In a pinch,217,"A Berry to be consumed by Pokémon. If a Pokémon holds one, its Sp. Def stat will increase when it’s in a pinch.",Provided,"PROPOSED: At the described HP threshold, consume the Berry and apply its healing or stat effect through the battle item-trigger hook.",
pokefile-item-0218,Custap Berry,In a pinch,218,"A Berry to be consumed by Pokémon. If a Pokémon holds one, it will be able to move first just once when it’s in a pinch.",Provided,"PROPOSED: At the described HP threshold, consume the Berry and apply its healing or stat effect through the battle item-trigger hook.",
pokefile-item-0219,Ganlon Berry,In a pinch,219,"A Berry to be consumed by Pokémon. If a Pokémon holds one, its Defense stat will increase when it’s in a pinch.",Provided,"PROPOSED: At the described HP threshold, consume the Berry and apply its healing or stat effect through the battle item-trigger hook.",
pokefile-item-0220,Lansat Berry,In a pinch,220,"A Berry to be consumed by Pokémon. If a Pokémon holds one, its critical-hit ratio will increase when it’s in a pinch.",Provided,"PROPOSED: At the described HP threshold, consume the Berry and apply its healing or stat effect through the battle item-trigger hook.",
pokefile-item-0221,Liechi Berry,In a pinch,221,"A Berry to be consumed by Pokémon. If a Pokémon holds one, its Attack stat will increase when it’s in a pinch.",Provided,"PROPOSED: At the described HP threshold, consume the Berry and apply its healing or stat effect through the battle item-trigger hook.",
pokefile-item-0222,Micle Berry,In a pinch,222,"A Berry to be consumed by Pokémon. If a Pokémon holds one, its accuracy will increase just once when it’s in a pinch.",Provided,"PROPOSED: At the described HP threshold, consume the Berry and apply its healing or stat effect through the battle item-trigger hook.",
pokefile-item-0223,Petaya Berry,In a pinch,223,"A Berry to be consumed by Pokémon. If a Pokémon holds one, its Sp. Atk stat will increase when it’s in a pinch.",Provided,"PROPOSED: At the described HP threshold, consume the Berry and apply its healing or stat effect through the battle item-trigger hook.",
pokefile-item-0224,Salac Berry,In a pinch,224,"A Berry to be consumed by Pokémon. If a Pokémon holds one, its Speed stat will increase when it’s in a pinch.",Provided,"PROPOSED: At the described HP threshold, consume the Berry and apply its healing or stat effect through the battle item-trigger hook.",
pokefile-item-0225,Starf Berry,In a pinch,225,"A Berry to be consumed by Pokémon. If a Pokémon holds one, one of its stats will sharply increase when it’s in a pinch.",Provided,"PROPOSED: At the described HP threshold, consume the Berry and apply its healing or stat effect through the battle item-trigger hook.",
pokefile-item-0226,Bug Gem,Jewels,226,"A gem with an insect-like essence. When held, it strengthens the power of a Bug-type move one time.",Provided,"PROPOSED: On the holder first matching-type attack, boost damage in shared calculation and consume the Jewel.",
pokefile-item-0227,Dark Gem,Jewels,227,"A gem with an essence of darkness. When held, it strengthens the power of a Dark-type move one time.",Provided,"PROPOSED: On the holder first matching-type attack, boost damage in shared calculation and consume the Jewel.",
pokefile-item-0228,Dragon Gem,Jewels,228,"A gem with a draconic essence. When held, it strengthens the power of a Dragon-type move one time.",Provided,"PROPOSED: On the holder first matching-type attack, boost damage in shared calculation and consume the Jewel.",
pokefile-item-0229,Electric Gem,Jewels,229,"A gem with an essence of electricity. When held, it strengthens the power of an Electric-type move one time.",Provided,"PROPOSED: On the holder first matching-type attack, boost damage in shared calculation and consume the Jewel.",
pokefile-item-0230,Fairy Gem,Jewels,230,"A gem with an essence of the fey. When held, it strengthens the power of a Fairy-type move one time.",Provided,"PROPOSED: On the holder first matching-type attack, boost damage in shared calculation and consume the Jewel.",
pokefile-item-0231,Fighting Gem,Jewels,231,"A gem with an essence of combat. When held, it strengthens the power of a Fighting-type move one time.",Provided,"PROPOSED: On the holder first matching-type attack, boost damage in shared calculation and consume the Jewel.",
pokefile-item-0232,Fire Gem,Jewels,232,"A gem with an essence of fire. When held, it strengthens the power of a Fire-type move one time.",Provided,"PROPOSED: On the holder first matching-type attack, boost damage in shared calculation and consume the Jewel.",
pokefile-item-0233,Flying Gem,Jewels,233,"A gem with an essence of air. When held, it strengthens the power of a Flying-type move one time.",Provided,"PROPOSED: On the holder first matching-type attack, boost damage in shared calculation and consume the Jewel.",
pokefile-item-0234,Ghost Gem,Jewels,234,"A gem with a spectral essence. When held, it strengthens the power of a Ghost-type move one time.",Provided,"PROPOSED: On the holder first matching-type attack, boost damage in shared calculation and consume the Jewel.",
pokefile-item-0235,Grass Gem,Jewels,235,"A gem with an essence of nature. When held, it strengthens the power of a Grass-type move one time.",Provided,"PROPOSED: On the holder first matching-type attack, boost damage in shared calculation and consume the Jewel.",
pokefile-item-0236,Ground Gem,Jewels,236,"A gem with an essence of land. When held, it strengthens the power of a Ground-type move one time.",Provided,"PROPOSED: On the holder first matching-type attack, boost damage in shared calculation and consume the Jewel.",
pokefile-item-0237,Ice Gem,Jewels,237,"A gem with an essence of ice. When held, it strengthens the power of an Ice-type move one time.",Provided,"PROPOSED: On the holder first matching-type attack, boost damage in shared calculation and consume the Jewel.",
pokefile-item-0238,Normal Gem,Jewels,238,"A gem with an ordinary essence. When held, it strengthens the power of a Normal-type move one time.",Provided,"PROPOSED: On the holder first matching-type attack, boost damage in shared calculation and consume the Jewel.",
pokefile-item-0239,Poison Gem,Jewels,239,"A gem with an essence of poison. When held, it strengthens the power of a Poison-type move one time.",Provided,"PROPOSED: On the holder first matching-type attack, boost damage in shared calculation and consume the Jewel.",
pokefile-item-0240,Psychic Gem,Jewels,240,"A gem with an essence of the mind. When held, it strengthens the power of a Psychic-type move one time.",Provided,"PROPOSED: On the holder first matching-type attack, boost damage in shared calculation and consume the Jewel.",
pokefile-item-0241,Rock Gem,Jewels,241,"A gem with an essence of rock. When held, it strengthens the power of a Rock-type move one time.",Provided,"PROPOSED: On the holder first matching-type attack, boost damage in shared calculation and consume the Jewel.",
pokefile-item-0242,Steel Gem,Jewels,242,"A gem with an essence of steel. When held, it strengthens the power of a Steel-type move one time.",Provided,"PROPOSED: On the holder first matching-type attack, boost damage in shared calculation and consume the Jewel.",
pokefile-item-0243,Water Gem,Jewels,243,"A gem with an essence of water. When held, it strengthens the power of a Water-type move one time.",Provided,"PROPOSED: On the holder first matching-type attack, boost damage in shared calculation and consume the Jewel.",
pokefile-item-0244,Aspear Berry,Medicine,244,"A Berry to be consumed by Pokémon. If a Pokémon holds one, it can recover from being frozen on its own in battle.",Provided,"PROPOSED: Add the described effect at its matching route or battle trigger; record eligibility, duration, and consumption in its item definition.",
pokefile-item-0245,Cheri Berry,Medicine,245,"A Berry to be consumed by Pokémon. If a Pokémon holds one, it can recover from paralysis on its own in battle.",Provided,"PROPOSED: Add the described effect at its matching route or battle trigger; record eligibility, duration, and consumption in its item definition.",
pokefile-item-0246,Chesto Berry,Medicine,246,"A Berry to be consumed by Pokémon. If a Pokémon holds one, it can recover from sleep on its own in battle.",Provided,"PROPOSED: Add the described effect at its matching route or battle trigger; record eligibility, duration, and consumption in its item definition.",
pokefile-item-0247,Leppa Berry,Medicine,247,"A Berry to be consumed by Pokémon. If a Pokémon holds one, it can restore 10 PP to a depleted move during battle.",Provided,"PROPOSED: Add the described effect at its matching route or battle trigger; record eligibility, duration, and consumption in its item definition.",
pokefile-item-0248,Lum Berry,Medicine,248,"A Berry to be consumed by Pokémon. If a Pokémon holds one, it can recover from any status condition during battle.",Provided,"PROPOSED: Add the described effect at its matching route or battle trigger; record eligibility, duration, and consumption in its item definition.",
pokefile-item-0249,Oran Berry,Medicine,249,"A Berry to be consumed by Pokémon. If a Pokémon holds one, it can restore its own HP by 10 points during battle.",Provided,"PROPOSED: Add the described effect at its matching route or battle trigger; record eligibility, duration, and consumption in its item definition.",
pokefile-item-0250,Pecha Berry,Medicine,250,"A Berry to be consumed by Pokémon. If a Pokémon holds one, it can recover from poisoning on its own in battle.",Provided,"PROPOSED: Add the described effect at its matching route or battle trigger; record eligibility, duration, and consumption in its item definition.",
pokefile-item-0251,Persim Berry,Medicine,251,"A Berry to be consumed by Pokémon. If a Pokémon holds one, it can recover from confusion on its own in battle.",Provided,"PROPOSED: Add the described effect at its matching route or battle trigger; record eligibility, duration, and consumption in its item definition.",
pokefile-item-0252,Rawst Berry,Medicine,252,"A Berry to be consumed by Pokémon. If a Pokémon holds one, it can recover from a burn on its own in battle.",Provided,"PROPOSED: Add the described effect at its matching route or battle trigger; record eligibility, duration, and consumption in its item definition.",
pokefile-item-0253,Sitrus Berry,Medicine,253,"A Berry to be consumed by Pokémon. If a Pokémon holds one, it can restore its own HP by a small amount during battle.",Provided,CURRENT RULES: Consume below half HP and restore 1/4 maximum HP.,
pokefile-item-0254,Abomasite,Mega Stones,254,"One of a variety of mysterious Mega Stones. Have Abomasnow hold it, and this stone will enable it to Mega Evolve during battle.",Provided,"PROPOSED: Add Abomasite to the stone-to-form registry; require Abomasnow as holder and use the Mega Special action (3 AP, once per battle).",
pokefile-item-0255,Absolite,Mega Stones,255,"One of a variety of mysterious Mega Stones. Have Absol hold it, and this stone will enable it to Mega Evolve during battle.",Provided,"PROPOSED: Add Absolite to the stone-to-form registry; require Absol as holder and use the Mega Special action (3 AP, once per battle).",
pokefile-item-0256,Aerodactylite,Mega Stones,256,"One of a variety of mysterious Mega Stones. Have Aerodactyl hold it, and this stone will enable it to Mega Evolve during battle.",Provided,"PROPOSED: Add Aerodactylite to the stone-to-form registry; require Aerodactyl as holder and use the Mega Special action (3 AP, once per battle).",
pokefile-item-0257,Aggronite,Mega Stones,257,"One of a variety of mysterious Mega Stones. Have Aggron hold it, and this stone will enable it to Mega Evolve during battle.",Provided,"PROPOSED: Add Aggronite to the stone-to-form registry; require Aggron as holder and use the Mega Special action (3 AP, once per battle).",
pokefile-item-0258,Alakazite,Mega Stones,258,"One of a variety of mysterious Mega Stones. Have Alakazam hold it, and this stone will enable it to Mega Evolve during battle.",Provided,"PROPOSED: Add Alakazite to the stone-to-form registry; require Alakazam as holder and use the Mega Special action (3 AP, once per battle).",
pokefile-item-0259,Altarianite,Mega Stones,259,"One of a variety of mysterious Mega Stones. Have Altaria hold it, and this stone will enable it to Mega Evolve during battle.",Provided,"PROPOSED: Add Altarianite to the stone-to-form registry; require Altaria as holder and use the Mega Special action (3 AP, once per battle).",
pokefile-item-0260,Ampharosite,Mega Stones,260,"One of a variety of mysterious Mega Stones. Have Ampharos hold it, and this stone will enable it to Mega Evolve during battle.",Provided,"PROPOSED: Add Ampharosite to the stone-to-form registry; require Ampharos as holder and use the Mega Special action (3 AP, once per battle).",
pokefile-item-0261,Audinite,Mega Stones,261,"One of a variety of mysterious Mega Stones. Have Audino hold it, and this stone will enable it to Mega Evolve during battle.",Provided,"PROPOSED: Add Audinite to the stone-to-form registry; require Audino as holder and use the Mega Special action (3 AP, once per battle).",
pokefile-item-0262,Banettite,Mega Stones,262,"One of a variety of mysterious Mega Stones. Have Banette hold it, and this stone will enable it to Mega Evolve during battle.",Provided,"PROPOSED: Add Banettite to the stone-to-form registry; require Banette as holder and use the Mega Special action (3 AP, once per battle).",
pokefile-item-0263,Beedrillite,Mega Stones,263,"One of a variety of mysterious Mega Stones. Have Beedrill hold it, and this stone will enable it to Mega Evolve during battle.",Provided,"PROPOSED: Add Beedrillite to the stone-to-form registry; require Beedrill as holder and use the Mega Special action (3 AP, once per battle).",
pokefile-item-0264,Blastoisinite,Mega Stones,264,"One of a variety of mysterious Mega Stones. Have Blastoise hold it, and this stone will enable it to Mega Evolve during battle.",Provided,"PROPOSED: Add Blastoisinite to the stone-to-form registry; require Blastoise as holder and use the Mega Special action (3 AP, once per battle).",
pokefile-item-0265,Blazikenite,Mega Stones,265,"One of a variety of mysterious Mega Stones. Have Blaziken hold it, and this stone will enable it to Mega Evolve during battle.",Provided,"PROPOSED: Add Blazikenite to the stone-to-form registry; require Blaziken as holder and use the Mega Special action (3 AP, once per battle).",
pokefile-item-0266,Cameruptite,Mega Stones,266,"One of a variety of mysterious Mega Stones. Have Camerupt hold it, and this stone will enable it to Mega Evolve during battle.",Provided,"PROPOSED: Add Cameruptite to the stone-to-form registry; require Camerupt as holder and use the Mega Special action (3 AP, once per battle).",
pokefile-item-0267,Charizardite X,Mega Stones,267,"One of a variety of mysterious Mega Stones. Have Charizard hold it, and this stone will enable it to Mega Evolve during battle.",Provided,CURRENT RULES: Spend 3 AP with Special to Mega Evolve a compatible holder once per battle.,
pokefile-item-0268,Charizardite Y,Mega Stones,268,"One of a variety of mysterious Mega Stones. Have Charizard hold it, and this stone will enable it to Mega Evolve during battle.",Provided,"PROPOSED: Add Charizardite Y to the stone-to-form registry; require Charizard as holder and use the Mega Special action (3 AP, once per battle).",
pokefile-item-0269,Diancite,Mega Stones,269,"One of a variety of mysterious Mega Stones. Have Diancie hold it, and this stone will enable it to Mega Evolve during battle.",Provided,"PROPOSED: Add Diancite to the stone-to-form registry; require Diancie as holder and use the Mega Special action (3 AP, once per battle).",
pokefile-item-0270,Galladite,Mega Stones,270,"One of a variety of mysterious Mega Stones. Have Gallade hold it, and this stone will enable it to Mega Evolve during battle.",Provided,"PROPOSED: Add Galladite to the stone-to-form registry; require Gallade as holder and use the Mega Special action (3 AP, once per battle).",
pokefile-item-0271,Garchompite,Mega Stones,271,"One of a variety of mysterious Mega Stones. Have Garchomp hold it, and this stone will enable it to Mega Evolve during battle.",Provided,"PROPOSED: Add Garchompite to the stone-to-form registry; require Garchomp as holder and use the Mega Special action (3 AP, once per battle).",
pokefile-item-0272,Gardevoirite,Mega Stones,272,"One of a variety of mysterious Mega Stones. Have Gardevoir hold it, and this stone will enable it to Mega Evolve during battle.",Provided,"PROPOSED: Add Gardevoirite to the stone-to-form registry; require Gardevoir as holder and use the Mega Special action (3 AP, once per battle).",
pokefile-item-0273,Gengarite,Mega Stones,273,"One of a variety of mysterious Mega Stones. Have Gengar hold it, and this stone will enable it to Mega Evolve during battle.",Provided,"PROPOSED: Add Gengarite to the stone-to-form registry; require Gengar as holder and use the Mega Special action (3 AP, once per battle).",
pokefile-item-0274,Glalitite,Mega Stones,274,"One of a variety of mysterious Mega Stones. Have Glalie hold it, and this stone will enable it to Mega Evolve during battle.",Provided,"PROPOSED: Add Glalitite to the stone-to-form registry; require Glalie as holder and use the Mega Special action (3 AP, once per battle).",
pokefile-item-0275,Gyaradosite,Mega Stones,275,"One of a variety of mysterious Mega Stones. Have Gyarados hold it, and this stone will enable it to Mega Evolve during battle.",Provided,"PROPOSED: Add Gyaradosite to the stone-to-form registry; require Gyarados as holder and use the Mega Special action (3 AP, once per battle).",
pokefile-item-0276,Heracronite,Mega Stones,276,"One of a variety of mysterious Mega Stones. Have Heracross hold it, and this stone will enable it to Mega Evolve during battle.",Provided,"PROPOSED: Add Heracronite to the stone-to-form registry; require Heracross as holder and use the Mega Special action (3 AP, once per battle).",
pokefile-item-0277,Houndoominite,Mega Stones,277,"One of a variety of mysterious Mega Stones. Have Houndoom hold it, and this stone will enable it to Mega Evolve during battle.",Provided,"PROPOSED: Add Houndoominite to the stone-to-form registry; require Houndoom as holder and use the Mega Special action (3 AP, once per battle).",
pokefile-item-0278,Kangaskhanite,Mega Stones,278,"One of a variety of mysterious Mega Stones. Have Kangaskhan hold it, and this stone will enable it to Mega Evolve during battle.",Provided,"PROPOSED: Add Kangaskhanite to the stone-to-form registry; require Kangaskhan as holder and use the Mega Special action (3 AP, once per battle).",
pokefile-item-0279,Latiasite,Mega Stones,279,"One of a variety of mysterious Mega Stones. Have Latias hold it, and this stone will enable it to Mega Evolve during battle.",Provided,"PROPOSED: Add Latiasite to the stone-to-form registry; require Latias as holder and use the Mega Special action (3 AP, once per battle).",
pokefile-item-0280,Latiosite,Mega Stones,280,"One of a variety of mysterious Mega Stones. Have Latios hold it, and this stone will enable it to Mega Evolve during battle.",Provided,"PROPOSED: Add Latiosite to the stone-to-form registry; require Latios as holder and use the Mega Special action (3 AP, once per battle).",
pokefile-item-0281,Lopunnite,Mega Stones,281,"One of a variety of mysterious Mega Stones. Have Lopunny hold it, and this stone will enable it to Mega Evolve during battle.",Provided,"PROPOSED: Add Lopunnite to the stone-to-form registry; require Lopunny as holder and use the Mega Special action (3 AP, once per battle).",
pokefile-item-0282,Lucarionite,Mega Stones,282,"One of a variety of mysterious Mega Stones. Have Lucario hold it, and this stone will enable it to Mega Evolve during battle.",Provided,"PROPOSED: Add Lucarionite to the stone-to-form registry; require Lucario as holder and use the Mega Special action (3 AP, once per battle).",
pokefile-item-0283,Manectite,Mega Stones,283,"One of a variety of mysterious Mega Stones. Have Manectric hold it, and this stone will enable it to Mega Evolve during battle.",Provided,"PROPOSED: Add Manectite to the stone-to-form registry; require Manectric as holder and use the Mega Special action (3 AP, once per battle).",
pokefile-item-0284,Mawilite,Mega Stones,284,"One of a variety of mysterious Mega Stones. Have Mawile hold it, and this stone will enable it to Mega Evolve during battle.",Provided,"PROPOSED: Add Mawilite to the stone-to-form registry; require Mawile as holder and use the Mega Special action (3 AP, once per battle).",
pokefile-item-0285,Medichamite,Mega Stones,285,"One of a variety of mysterious Mega Stones. Have Medicham hold it, and this stone will enable it to Mega Evolve during battle.",Provided,"PROPOSED: Add Medichamite to the stone-to-form registry; require Medicham as holder and use the Mega Special action (3 AP, once per battle).",
pokefile-item-0286,Metagrossite,Mega Stones,286,"One of a variety of mysterious Mega Stones. Have Metagross hold it, and this stone will enable it to Mega Evolve during battle.",Provided,"PROPOSED: Add Metagrossite to the stone-to-form registry; require Metagross as holder and use the Mega Special action (3 AP, once per battle).",
pokefile-item-0287,Mewtwonite X,Mega Stones,287,"One of a variety of mysterious Mega Stones. Have Mewtwo hold it, and this stone will enable it to Mega Evolve during battle.",Provided,"PROPOSED: Add Mewtwonite X to the stone-to-form registry; require Mewtwo as holder and use the Mega Special action (3 AP, once per battle).",
pokefile-item-0288,Mewtwonite Y,Mega Stones,288,"One of a variety of mysterious Mega Stones. Have Mewtwo hold it, and this stone will enable it to Mega Evolve during battle.",Provided,"PROPOSED: Add Mewtwonite Y to the stone-to-form registry; require Mewtwo as holder and use the Mega Special action (3 AP, once per battle).",
pokefile-item-0289,Pidgeotite,Mega Stones,289,"One of a variety of mysterious Mega Stones. Have Pidgeot hold it, and this stone will enable it to Mega Evolve during battle.",Provided,"PROPOSED: Add Pidgeotite to the stone-to-form registry; require Pidgeot as holder and use the Mega Special action (3 AP, once per battle).",
pokefile-item-0290,Pinsirite,Mega Stones,290,"One of a variety of mysterious Mega Stones. Have Pinsir hold it, and this stone will enable it to Mega Evolve during battle.",Provided,"PROPOSED: Add Pinsirite to the stone-to-form registry; require Pinsir as holder and use the Mega Special action (3 AP, once per battle).",
pokefile-item-0291,Sablenite,Mega Stones,291,"One of a variety of mysterious Mega Stones. Have Sableye hold it, and this stone will enable it to Mega Evolve during battle.",Provided,"PROPOSED: Add Sablenite to the stone-to-form registry; require Sableye as holder and use the Mega Special action (3 AP, once per battle).",
pokefile-item-0292,Salamencite,Mega Stones,292,"One of a variety of mysterious Mega Stones. Have Salamence hold it, and this stone will enable it to Mega Evolve during battle.",Provided,"PROPOSED: Add Salamencite to the stone-to-form registry; require Salamence as holder and use the Mega Special action (3 AP, once per battle).",
pokefile-item-0293,Sceptilite,Mega Stones,293,"One of a variety of mysterious Mega Stones. Have Sceptile hold it, and this stone will enable it to Mega Evolve during battle.",Provided,"PROPOSED: Add Sceptilite to the stone-to-form registry; require Sceptile as holder and use the Mega Special action (3 AP, once per battle).",
pokefile-item-0294,Scizorite,Mega Stones,294,"One of a variety of mysterious Mega Stones. Have Scizor hold it, and this stone will enable it to Mega Evolve during battle.",Provided,"PROPOSED: Add Scizorite to the stone-to-form registry; require Scizor as holder and use the Mega Special action (3 AP, once per battle).",
pokefile-item-0295,Sharpedonite,Mega Stones,295,"One of a variety of mysterious Mega Stones. Have Sharpedo hold it, and this stone will enable it to Mega Evolve during battle.",Provided,"PROPOSED: Add Sharpedonite to the stone-to-form registry; require Sharpedo as holder and use the Mega Special action (3 AP, once per battle).",
pokefile-item-0296,Slowbronite,Mega Stones,296,"One of a variety of mysterious Mega Stones. Have Slowbro hold it, and this stone will enable it to Mega Evolve during battle.",Provided,"PROPOSED: Add Slowbronite to the stone-to-form registry; require Slowbro as holder and use the Mega Special action (3 AP, once per battle).",
pokefile-item-0297,Steelixite,Mega Stones,297,"One of a variety of mysterious Mega Stones. Have Steelix hold it, and this stone will enable it to Mega Evolve during battle.",Provided,"PROPOSED: Add Steelixite to the stone-to-form registry; require Steelix as holder and use the Mega Special action (3 AP, once per battle).",
pokefile-item-0298,Swampertite,Mega Stones,298,"One of a variety of mysterious Mega Stones. Have Swampert hold it, and this stone will enable it to Mega Evolve during battle.",Provided,"PROPOSED: Add Swampertite to the stone-to-form registry; require Swampert as holder and use the Mega Special action (3 AP, once per battle).",
pokefile-item-0299,Tyranitarite,Mega Stones,299,"One of a variety of mysterious Mega Stones. Have Tyranitar hold it, and this stone will enable it to Mega Evolve during battle.",Provided,"PROPOSED: Add Tyranitarite to the stone-to-form registry; require Tyranitar as holder and use the Mega Special action (3 AP, once per battle).",
pokefile-item-0300,Venusaurite,Mega Stones,300,"One of a variety of mysterious Mega Stones. Have Venusaur hold it, and this stone will enable it to Mega Evolve during battle.",Provided,"PROPOSED: Add Venusaurite to the stone-to-form registry; require Venusaur as holder and use the Mega Special action (3 AP, once per battle).",
pokefile-item-0301,Bug Memory,Memories,301,A memory disc that contains Bug-type data. It changes the type of the holder if held by a certain species of Pokémon.,Provided,"PROPOSED: Add the described effect at its matching route or battle trigger; record eligibility, duration, and consumption in its item definition.",
pokefile-item-0302,Dark Memory,Memories,302,A memory disc that contains Dark-type data. It changes the type of the holder if held by a certain species of Pokémon.,Provided,"PROPOSED: Add the described effect at its matching route or battle trigger; record eligibility, duration, and consumption in its item definition.",
pokefile-item-0303,Dragon Memory,Memories,303,A memory disc that contains Dragon-type data. It changes the type of the holder if held by a certain species of Pokémon.,Provided,"PROPOSED: Add the described effect at its matching route or battle trigger; record eligibility, duration, and consumption in its item definition.",
pokefile-item-0304,Electric Memory,Memories,304,A memory disc that contains Electric-type data. It changes the type of the holder if held by a certain species of Pokémon.,Provided,"PROPOSED: Add the described effect at its matching route or battle trigger; record eligibility, duration, and consumption in its item definition.",
pokefile-item-0305,Fairy Memory,Memories,305,A memory disc that contains Fairy-type data. It changes the type of the holder if held by a certain species of Pokémon.,Provided,"PROPOSED: Add the described effect at its matching route or battle trigger; record eligibility, duration, and consumption in its item definition.",
pokefile-item-0306,Fighting Memory,Memories,306,A memory disc that contains Fighting-type data. It changes the type of the holder if held by a certain species of Pokémon.,Provided,"PROPOSED: Add the described effect at its matching route or battle trigger; record eligibility, duration, and consumption in its item definition.",
pokefile-item-0307,Fire Memory,Memories,307,A memory disc that contains Fire-type data. It changes the type of the holder if held by a certain species of Pokémon.,Provided,"PROPOSED: Add the described effect at its matching route or battle trigger; record eligibility, duration, and consumption in its item definition.",
pokefile-item-0308,Flying Memory,Memories,308,A memory disc that contains Flying-type data. It changes the type of the holder if held by a certain species of Pokémon.,Provided,"PROPOSED: Add the described effect at its matching route or battle trigger; record eligibility, duration, and consumption in its item definition.",
pokefile-item-0309,Ghost Memory,Memories,309,A memory disc that contains Ghost-type data. It changes the type of the holder if held by a certain species of Pokémon.,Provided,"PROPOSED: Add the described effect at its matching route or battle trigger; record eligibility, duration, and consumption in its item definition.",
pokefile-item-0310,Grass Memory,Memories,310,A memory disc that contains Grass-type data. It changes the type of the holder if held by a certain species of Pokémon.,Provided,"PROPOSED: Add the described effect at its matching route or battle trigger; record eligibility, duration, and consumption in its item definition.",
pokefile-item-0311,Ground Memory,Memories,311,A memory disc that contains Ground-type data. It changes the type of the holder if held by a certain species of Pokémon.,Provided,"PROPOSED: Add the described effect at its matching route or battle trigger; record eligibility, duration, and consumption in its item definition.",
pokefile-item-0312,Ice Memory,Memories,312,A memory disc that contains Ice-type data. It changes the type of the holder if held by a certain species of Pokémon.,Provided,"PROPOSED: Add the described effect at its matching route or battle trigger; record eligibility, duration, and consumption in its item definition.",
pokefile-item-0313,Poison Memory,Memories,313,A memory disc that contains Poison-type data. It changes the type of the holder if held by a certain species of Pokémon.,Provided,"PROPOSED: Add the described effect at its matching route or battle trigger; record eligibility, duration, and consumption in its item definition.",
pokefile-item-0314,Psychic Memory,Memories,314,A memory disc that contains Psychic-type data. It changes the type of the holder if held by a certain species of Pokémon.,Provided,"PROPOSED: Add the described effect at its matching route or battle trigger; record eligibility, duration, and consumption in its item definition.",
pokefile-item-0315,Rock Memory,Memories,315,A memory disc that contains Rock-type data. It changes the type of the holder if held by a certain species of Pokémon.,Provided,"PROPOSED: Add the described effect at its matching route or battle trigger; record eligibility, duration, and consumption in its item definition.",
pokefile-item-0316,Steel Memory,Memories,316,A memory disc that contains Steel-type data. It changes the type of the holder if held by a certain species of Pokémon.,Provided,"PROPOSED: Add the described effect at its matching route or battle trigger; record eligibility, duration, and consumption in its item definition.",
pokefile-item-0317,Water Memory,Memories,317,A memory disc that contains Water-type data. It changes the type of the holder if held by a certain species of Pokémon.,Provided,"PROPOSED: Add the described effect at its matching route or battle trigger; record eligibility, duration, and consumption in its item definition.",
pokefile-item-0318,Aguav Berry,Picky healing,318,"If held by a Pokémon, it restores the user’s HP in a pinch, but it will cause confusion if the user hates the taste.",Provided,"PROPOSED: At the described low-HP threshold, consume the Berry, restore HP, and apply confusion if the holder dislikes its flavor.",
pokefile-item-0319,Figy Berry,Picky healing,319,"If held by a Pokémon, it restores the user’s HP in a pinch, but it will cause confusion if the user hates the taste.",Provided,"PROPOSED: At the described low-HP threshold, consume the Berry, restore HP, and apply confusion if the holder dislikes its flavor.",
pokefile-item-0320,Iapapa Berry,Picky healing,320,"If held by a Pokémon, it restores the user’s HP in a pinch, but it will cause confusion if the user hates the taste.",Provided,"PROPOSED: At the described low-HP threshold, consume the Berry, restore HP, and apply confusion if the holder dislikes its flavor.",
pokefile-item-0321,Mago Berry,Picky healing,321,"If held by a Pokémon, it restores the user’s HP in a pinch, but it will cause confusion if the user hates the taste.",Provided,"PROPOSED: At the described low-HP threshold, consume the Berry, restore HP, and apply confusion if the holder dislikes its flavor.",
pokefile-item-0322,Wiki Berry,Picky healing,322,"If held by a Pokémon, it restores the user’s HP in a pinch, but it will cause confusion if the user hates the taste.",Provided,"PROPOSED: At the described low-HP threshold, consume the Berry, restore HP, and apply confusion if the holder dislikes its flavor.",
,,,,,,,
pokefile-item-0324,Draco Plate,Plates,324,An item to be held by a Pokémon. It’s a stone tablet that boosts the power of Dragon-type moves.,Provided,PROPOSED: Apply the matching type damage bonus in shared damage calculation and add any stated species or form rule.,
pokefile-item-0325,Dread Plate,Plates,325,An item to be held by a Pokémon. It’s a stone tablet that boosts the power of Dark-type moves.,Provided,PROPOSED: Apply the matching type damage bonus in shared damage calculation and add any stated species or form rule.,
pokefile-item-0326,Earth Plate,Plates,326,An item to be held by a Pokémon. It’s a stone tablet that boosts the power of Ground-type moves.,Provided,PROPOSED: Apply the matching type damage bonus in shared damage calculation and add any stated species or form rule.,
pokefile-item-0327,Fist Plate,Plates,327,An item to be held by a Pokémon. It’s a stone tablet that boosts the power of Fighting-type moves.,Provided,PROPOSED: Apply the matching type damage bonus in shared damage calculation and add any stated species or form rule.,
pokefile-item-0328,Flame Plate,Plates,328,An item to be held by a Pokémon. It’s a stone tablet that boosts the power of Fire-type moves.,Provided,PROPOSED: Apply the matching type damage bonus in shared damage calculation and add any stated species or form rule.,
pokefile-item-0329,Icicle Plate,Plates,329,An item to be held by a Pokémon. It’s a stone tablet that boosts the power of Ice-type moves.,Provided,PROPOSED: Apply the matching type damage bonus in shared damage calculation and add any stated species or form rule.,
pokefile-item-0330,Insect Plate,Plates,330,An item to be held by a Pokémon. It’s a stone tablet that boosts the power of Bug-type moves.,Provided,PROPOSED: Apply the matching type damage bonus in shared damage calculation and add any stated species or form rule.,
pokefile-item-0331,Iron Plate,Plates,331,An item to be held by a Pokémon. It’s a stone tablet that boosts the power of Steel-type moves.,Provided,PROPOSED: Apply the matching type damage bonus in shared damage calculation and add any stated species or form rule.,
pokefile-item-0332,Legend Plate,Plates,332,,Missing,PROPOSED: Keep as inventory data until its plate effect is specified; then connect it to type or form resolution.,
pokefile-item-0333,Meadow Plate,Plates,333,An item to be held by a Pokémon. It’s a stone tablet that boosts the power of Grass-type moves.,Provided,PROPOSED: Apply the matching type damage bonus in shared damage calculation and add any stated species or form rule.,
pokefile-item-0334,Mind Plate,Plates,334,An item to be held by a Pokémon. It’s a stone tablet that boosts the power of Psychic-type moves.,Provided,PROPOSED: Apply the matching type damage bonus in shared damage calculation and add any stated species or form rule.,
pokefile-item-0335,Pixie Plate,Plates,335,An item to be held by a Pokémon. It’s a stone tablet that boosts the power of Fairy-type moves.,Provided,PROPOSED: Apply the matching type damage bonus in shared damage calculation and add any stated species or form rule.,
pokefile-item-0336,Sky Plate,Plates,336,An item to be held by a Pokémon. It’s a stone tablet that boosts the power of Flying-type moves.,Provided,PROPOSED: Apply the matching type damage bonus in shared damage calculation and add any stated species or form rule.,
pokefile-item-0337,Splash Plate,Plates,337,An item to be held by a Pokémon. It’s a stone tablet that boosts the power of Water-type moves.,Provided,PROPOSED: Apply the matching type damage bonus in shared damage calculation and add any stated species or form rule.,
pokefile-item-0338,Spooky Plate,Plates,338,An item to be held by a Pokémon. It’s a stone tablet that boosts the power of Ghost-type moves.,Provided,PROPOSED: Apply the matching type damage bonus in shared damage calculation and add any stated species or form rule.,
pokefile-item-0339,Stone Plate,Plates,339,An item to be held by a Pokémon. It’s a stone tablet that boosts the power of Rock-type moves.,Provided,PROPOSED: Apply the matching type damage bonus in shared damage calculation and add any stated species or form rule.,
pokefile-item-0340,Toxic Plate,Plates,340,An item to be held by a Pokémon. It’s a stone tablet that boosts the power of Poison-type moves.,Provided,PROPOSED: Apply the matching type damage bonus in shared damage calculation and add any stated species or form rule.,
pokefile-item-0341,Zap Plate,Plates,341,An item to be held by a Pokémon. It’s a stone tablet that boosts the power of Electric-type moves.,Provided,PROPOSED: Apply the matching type damage bonus in shared damage calculation and add any stated species or form rule.,
pokefile-item-0342,Max Honey,Revival,342,Honey that Dynamax Vespiquen produces. Adding this honey to Max Soup makes the taste very smooth. It also has the same effect as a Max Revive.,Provided,PROPOSED: Add a route Bag action for a fainted ally; restore the described HP amount and consume only on success.,
pokefile-item-0343,Max Revive,Revival,343,A medicine that can be used to revive a single Pokémon that has fainted. It also fully restores the Pokémon’s max HP.,Provided,PROPOSED: Add a route Bag action for a fainted ally; restore the described HP amount and consume only on success.,
pokefile-item-0344,Revival Herb,Revival,344,A terribly bitter medicinal herb. It revives a fainted Pokémon and fully restores its max HP.,Provided,PROPOSED: Add a route Bag action for a fainted ally; restore the described HP amount and consume only on success.,
pokefile-item-0345,Revive,Revival,345,A medicine that can be used to revive a single Pokémon that has fainted. It also restores half of the Pokémon’s max HP.,Provided,PROPOSED: Add a route Bag action for a fainted ally; restore the described HP amount and consume only on success.,
pokefile-item-0346,Sacred Ash,Revival,346,"This rare ash can revive all fainted Pokémon in a party. In doing so, it also fully restores their max HP.",Provided,PROPOSED: Add a route Bag action for a fainted ally; restore the described HP amount and consume only on success.,
pokefile-item-0347,Adamant Orb,Species-specific,347,A brightly gleaming orb to be held by Dialga. It boosts the power of Dragon- and Steel-type moves when it is held.,Provided,PROPOSED: Apply the described stat or type damage modifier only when held by the named species.,
pokefile-item-0348,Burn Drive,Species-specific,348,A cassette to be held by Genesect. It changes Genesect’s Techno Blast move so it becomes Fire type.,Provided,"PROPOSED: Check the required species, then change the named move type or form in battle or party form resolution.",
pokefile-item-0349,Chill Drive,Species-specific,349,A cassette to be held by Genesect. It changes Genesect’s Techno Blast move so it becomes Ice type.,Provided,"PROPOSED: Check the required species, then change the named move type or form in battle or party form resolution.",
pokefile-item-0350,Deep Sea Scale,Species-specific,350,An item to be held by Clamperl. This scale shines with a faint pink and raises the holder’s Sp. Def stat.,Provided,PROPOSED: Apply the described stat or type damage modifier only when held by the named species.,
pokefile-item-0351,Deep Sea Tooth,Species-specific,351,An item to be held by Clamperl. This fang gleams a sharp silver and raises the holder’s Sp. Atk stat.,Provided,PROPOSED: Apply the described stat or type damage modifier only when held by the named species.,
pokefile-item-0352,Douse Drive,Species-specific,352,A cassette to be held by Genesect. It changes Genesect’s Techno Blast move so it becomes Water type.,Provided,"PROPOSED: Check the required species, then change the named move type or form in battle or party form resolution.",
pokefile-item-0353,Griseous Orb,Species-specific,353,A glowing orb to be held by Giratina. It boosts the power of Dragon- and Ghost-type moves when it is held.,Provided,PROPOSED: Apply the described stat or type damage modifier only when held by the named species.,
pokefile-item-0354,Leek,Species-specific,354,An item to be held by Farfetch’d. This very long and stiff stalk of leek boosts its critical-hit ratio.,Provided,PROPOSED: Apply the described stat or type damage modifier only when held by the named species.,
pokefile-item-0355,Light Ball,Species-specific,355,An item to be held by Pikachu. It’s a puzzling orb that boosts its Attack and Sp. Atk stats.,Provided,PROPOSED: Apply the described stat or type damage modifier only when held by the named species.,
pokefile-item-0356,Lucky Punch,Species-specific,356,An item to be held by Chansey. This pair of lucky boxing gloves will boost Chansey’s critical-hit ratio.,Provided,PROPOSED: Apply the described stat or type damage modifier only when held by the named species.,
pokefile-item-0357,Lustrous Orb,Species-specific,357,A beautifully glowing orb to be held by Palkia. It boosts the power of Dragon- and Water-type moves when it is held.,Provided,PROPOSED: Apply the described stat or type damage modifier only when held by the named species.,
pokefile-item-0358,Metal Powder,Species-specific,358,"An item to be held by Ditto. Extremely fine yet hard, this odd powder boosts the Defense stat.",Provided,PROPOSED: Apply the described stat or type damage modifier only when held by the named species.,
pokefile-item-0359,Pink Nectar,Species-specific,359,A flower nectar obtained from the flowering shrubs on Royal Avenue. It changes the form of certain species of Pokémon.,Provided,"PROPOSED: Check the required species, then change the named move type or form in battle or party form resolution.",
pokefile-item-0360,Purple Nectar,Species-specific,360,A flower nectar obtained at Poni Meadow. It changes the form of certain species of Pokémon.,Provided,"PROPOSED: Check the required species, then change the named move type or form in battle or party form resolution.",
pokefile-item-0361,Quick Powder,Species-specific,361,"An item to be held by Ditto. Extremely fine yet hard, this odd powder boosts the Speed stat.",Provided,PROPOSED: Apply the described stat or type damage modifier only when held by the named species.,
pokefile-item-0362,Red Nectar,Species-specific,362,A flower nectar obtained at Ula’ula Meadow. It changes the form of certain species of Pokémon.,Provided,"PROPOSED: Check the required species, then change the named move type or form in battle or party form resolution.",
pokefile-item-0363,Rusted Shield,Species-specific,363,It is said that a hero used this shield to halt a terrible disaster in ancient times. But it’s grown rusty and worn.,Provided,PROPOSED: Gate the described held effect by species and add it to the matching battle or form hook.,
pokefile-item-0364,Rusted Sword,Species-specific,364,It is said that a hero used this sword to halt a terrible disaster in ancient times. But it’s grown rusty and worn.,Provided,PROPOSED: Gate the described held effect by species and add it to the matching battle or form hook.,
pokefile-item-0365,Shock Drive,Species-specific,365,A cassette to be held by Genesect. It changes Genesect’s Techno Blast move so it becomes Electric type.,Provided,"PROPOSED: Check the required species, then change the named move type or form in battle or party form resolution.",
pokefile-item-0366,Soul Dew,Species-specific,366,A wondrous orb to be held by either Latios or Latias. It raises the power of Psychic- and Dragon-type moves.,Provided,PROPOSED: Apply the described stat or type damage modifier only when held by the named species.,
pokefile-item-0367,Thick Club,Species-specific,367,An item to be held by Cubone or Marowak. It’s a hard bone of some sort that boosts the Attack stat.,Provided,PROPOSED: Apply the described stat or type damage modifier only when held by the named species.,
pokefile-item-0368,Yellow Nectar,Species-specific,368,A flower nectar obtained at Melemele Meadow. It changes the form of certain species of Pokémon.,Provided,"PROPOSED: Check the required species, then change the named move type or form in battle or party form resolution.",
pokefile-item-0369,Dire Hit,Stat boosts,369,An item that greatly raises the critical-hit ratio of a Pokémon during a battle. It can be used only once and wears off if the Pokémon is withdrawn.,Provided,"PROPOSED: Add a one-use Bag or Special action; apply the named stat, accuracy, or stat-protection effect for its stated battle duration, then consume.",
pokefile-item-0370,Guard Spec.,Stat boosts,370,An item that prevents stat reduction among the Trainer’s party Pokémon for five turns after it is used in battle.,Provided,"PROPOSED: Add a one-use Bag or Special action; apply the named stat, accuracy, or stat-protection effect for its stated battle duration, then consume.",
pokefile-item-0371,Max Mushrooms,Stat boosts,371,Mushrooms that have the power of changing Dynamax forms. They boost all stats of a Pokémon during battle.,Provided,"PROPOSED: Add a one-use Bag or Special action; apply the named stat, accuracy, or stat-protection effect for its stated battle duration, then consume.",
pokefile-item-0372,X Accuracy,Stat boosts,372,An item that sharply boosts the accuracy of a Pokémon during a battle. It wears off once the Pokémon is withdrawn.,Provided,"PROPOSED: Add a one-use Bag or Special action; apply the named stat, accuracy, or stat-protection effect for its stated battle duration, then consume.",
pokefile-item-0373,X Attack,Stat boosts,373,An item that sharply boosts the Attack stat of a Pokémon during a battle. It wears off once the Pokémon is withdrawn.,Provided,CURRENT RULES: Spend 2 AP with Special to double Attack for battle; consume on use.,
pokefile-item-0374,X Defense,Stat boosts,374,An item that sharply boosts the Defense stat of a Pokémon during a battle. It wears off once the Pokémon is withdrawn.,Provided,"PROPOSED: Add a one-use Bag or Special action; apply the named stat, accuracy, or stat-protection effect for its stated battle duration, then consume.",
pokefile-item-0375,X Sp. Atk,Stat boosts,375,An item that sharply boosts the Sp. Atk stat of a Pokémon during a battle. It wears off once the Pokémon is withdrawn.,Provided,"PROPOSED: Add a one-use Bag or Special action; apply the named stat, accuracy, or stat-protection effect for its stated battle duration, then consume.",
pokefile-item-0376,X Sp. Def,Stat boosts,376,An item that sharply boosts the Sp. Def stat of a Pokémon during a battle. It wears off once the Pokémon is withdrawn.,Provided,"PROPOSED: Add a one-use Bag or Special action; apply the named stat, accuracy, or stat-protection effect for its stated battle duration, then consume.",
pokefile-item-0377,X Speed,Stat boosts,377,An item that sharply boosts the Speed stat of a Pokémon during a battle. It wears off once the Pokémon is withdrawn.,Provided,"PROPOSED: Add a one-use Bag or Special action; apply the named stat, accuracy, or stat-protection effect for its stated battle duration, then consume.",
pokefile-item-0378,Antidote,Status cures,378,A spray-type medicine for treating poisoning. It can be used to lift the effects of being poisoned from a single Pokémon.,Provided,PROPOSED: Add a route Bag action that clears poison from one ally and consumes on use.,
pokefile-item-0379,Awakening,Status cures,379,A spray-type medicine to wake the sleeping. It can be used to rouse a single Pokémon from the clutches of sleep.,Provided,PROPOSED: Add a route Bag action that clears sleep from one ally and consumes on use.,
pokefile-item-0380,Big Malasada,Status cures,380,The Alola region’s local specialty—fried bread. It can be used once to heal all the status conditions of a Pokémon.,Provided,PROPOSED: Add a route Bag action that clears all supported status conditions from one ally and consumes on use.,
pokefile-item-0381,Burn Heal,Status cures,381,A spray-type medicine for treating burns. It can be used to heal a single Pokémon suffering from a burn.,Provided,PROPOSED: Add a route Bag action that clears burn from one ally and consumes on use.,
pokefile-item-0382,Casteliacone,Status cures,382,"Castelia City’s specialty, soft-serve ice cream. It can be used once to heal all the status conditions of a Pokémon.",Provided,PROPOSED: Add a route Bag action that clears all supported status conditions from one ally and consumes on use.,
pokefile-item-0383,Full Heal,Status cures,383,A spray-type medicine that is broadly effective. It can be used to heal all the status conditions of a single Pokémon.,Provided,PROPOSED: Add a route Bag action that clears all supported status conditions from one ally and consumes on use.,
pokefile-item-0384,Heal Powder,Status cures,384,A very bitter medicinal powder. It can be used once to heal all the status conditions of a Pokémon.,Provided,PROPOSED: Add a route Bag action that clears all supported status conditions from one ally and consumes on use.,
pokefile-item-0385,Ice Heal,Status cures,385,A spray-type medicine for treating freezing. It can be used to thaw out a single Pokémon that has been frozen solid.,Provided,PROPOSED: Add a route Bag action that clears frozen from one ally and consumes on use.,
pokefile-item-0386,Lava Cookie,Status cures,386,Lavaridge Town’s local specialty. It can be used once to heal all the status conditions of a Pokémon.,Provided,PROPOSED: Add a route Bag action that clears all supported status conditions from one ally and consumes on use.,
pokefile-item-0387,Lumiose Galette,Status cures,387,A popular treat in Lumiose City. It can be used once to heal all the status conditions of a Pokémon.,Provided,PROPOSED: Add a route Bag action that clears all supported status conditions from one ally and consumes on use.,
pokefile-item-0388,Old Gateau,Status cures,388,The Old Chateau’s hidden specialty. It can be used once to heal all the status conditions of a Pokémon.,Provided,PROPOSED: Add a route Bag action that clears all supported status conditions from one ally and consumes on use.,
pokefile-item-0389,Paralyze Heal,Status cures,389,A spray-type medicine for treating paralysis. It can be used to free a single Pokémon that has been paralyzed.,Provided,PROPOSED: Add a route Bag action that clears paralysis from one ally and consumes on use.,
pokefile-item-0390,Pewter Crunchies,Status cures,390,Pewter City’s famous crunchy snack. They can be used to heal all status conditions of a single Pokémon.,Provided,PROPOSED: Add a route Bag action that clears the named status condition from one ally and consumes on use.,
pokefile-item-0391,Shalour Sable,Status cures,391,Shalour City’s famous shortbread. It can be used once to heal all the status conditions of a Pokémon.,Provided,PROPOSED: Add a route Bag action that clears all supported status conditions from one ally and consumes on use.,
pokefile-item-0392,Black Belt,Type enhancement,392,An item to be held by a Pokémon. This belt helps the wearer to focus and boosts the power of Fighting-type moves.,Provided,PROPOSED: Add a persistent held-item multiplier for the matching move type in shared damage calculation.,
pokefile-item-0393,Black Glasses,Type enhancement,393,An item to be held by a Pokémon. It’s a pair of shady-looking glasses that boost the power of Dark-type moves.,Provided,PROPOSED: Add a persistent held-item multiplier for the matching move type in shared damage calculation.,
pokefile-item-0394,Charcoal,Type enhancement,394,An item to be held by a Pokémon. It’s a combustible fuel that boosts the power of Fire-type moves.,Provided,PROPOSED: Add a persistent held-item multiplier for the matching move type in shared damage calculation.,
pokefile-item-0395,Dragon Fang,Type enhancement,395,An item to be held by a Pokémon. This hard and sharp fang boosts the power of Dragon-type moves.,Provided,PROPOSED: Add a persistent held-item multiplier for the matching move type in shared damage calculation.,
pokefile-item-0396,Hard Stone,Type enhancement,396,An item to be held by a Pokémon. It’s a durable stone that boosts the power of Rock-type moves.,Provided,PROPOSED: Add a persistent held-item multiplier for the matching move type in shared damage calculation.,
pokefile-item-0397,Magnet,Type enhancement,397,An item to be held by a Pokémon. It’s a powerful magnet that boosts the power of Electric-type moves.,Provided,PROPOSED: Add a persistent held-item multiplier for the matching move type in shared damage calculation.,
pokefile-item-0398,Metal Coat,Type enhancement,398,An item to be held by a Pokémon. It’s a special metallic film that can boost the power of Steel-type moves.,Provided,PROPOSED: Add a persistent held-item multiplier for the matching move type in shared damage calculation.,
pokefile-item-0399,Miracle Seed,Type enhancement,399,An item to be held by a Pokémon. It’s a seed imbued with life-force that boosts the power of Grass-type moves.,Provided,PROPOSED: Add a persistent held-item multiplier for the matching move type in shared damage calculation.,
pokefile-item-0400,Mystic Water,Type enhancement,400,An item to be held by a Pokémon. This teardrop-shaped gem boosts the power of Water-type moves.,Provided,PROPOSED: Add a persistent held-item multiplier for the matching move type in shared damage calculation.,
pokefile-item-0401,Never-Melt Ice,Type enhancement,401,An item to be held by a Pokémon. It’s a heat- repelling piece of ice that boosts the power of Ice-type moves.,Provided,PROPOSED: Add a persistent held-item multiplier for the matching move type in shared damage calculation.,
pokefile-item-0402,Odd Incense,Type enhancement,402,An item to be held by a Pokémon. This exotic-smelling incense boosts the power of Psychic-type moves.,Provided,PROPOSED: Add a persistent held-item multiplier for the matching move type in shared damage calculation.,
pokefile-item-0403,Poison Barb,Type enhancement,403,"An item to be held by a Pokémon. This small, poisonous barb boosts the power of Poison-type moves.",Provided,PROPOSED: Add a persistent held-item multiplier for the matching move type in shared damage calculation.,
pokefile-item-0404,Rock Incense,Type enhancement,404,An item to be held by a Pokémon. This exotic-smelling incense boosts the power of Rock-type moves.,Provided,PROPOSED: Add a persistent held-item multiplier for the matching move type in shared damage calculation.,
pokefile-item-0405,Rose Incense,Type enhancement,405,An item to be held by a Pokémon. This exotic-smelling incense boosts the power of Grass-type moves.,Provided,PROPOSED: Add a persistent held-item multiplier for the matching move type in shared damage calculation.,
pokefile-item-0406,Sea Incense,Type enhancement,406,An item to be held by a Pokémon. This incense has a curious aroma that boosts the power of Water-type moves.,Provided,PROPOSED: Add a persistent held-item multiplier for the matching move type in shared damage calculation.,
pokefile-item-0407,Sharp Beak,Type enhancement,407,"An item to be held by a Pokémon. It’s a long, sharp beak that boosts the power of Flying-type moves.",Provided,PROPOSED: Add a persistent held-item multiplier for the matching move type in shared damage calculation.,
pokefile-item-0408,Silk Scarf,Type enhancement,408,An item to be held by a Pokémon. It’s a sumptuous scarf that boosts the power of Normal-type moves.,Provided,PROPOSED: Add a persistent held-item multiplier for the matching move type in shared damage calculation.,
pokefile-item-0409,Silver Powder,Type enhancement,409,An item to be held by a Pokémon. It’s a shiny silver powder that will boost the power of Bug-type moves.,Provided,PROPOSED: Add a persistent held-item multiplier for the matching move type in shared damage calculation.,
pokefile-item-0410,Soft Sand,Type enhancement,410,"An item to be held by a Pokémon. It’s a loose, silky sand that boosts the power of Ground-type moves.",Provided,PROPOSED: Add a persistent held-item multiplier for the matching move type in shared damage calculation.,
pokefile-item-0411,Spell Tag,Type enhancement,411,"An item to be held by a Pokémon. It’s a sinister, eerie tag that boosts the power of Ghost-type moves.",Provided,PROPOSED: Add a persistent held-item multiplier for the matching move type in shared damage calculation.,
pokefile-item-0412,Twisted Spoon,Type enhancement,412,An item to be held by a Pokémon. This spoon is imbued with telekinetic power and boosts Psychic-type moves.,Provided,PROPOSED: Add a persistent held-item multiplier for the matching move type in shared damage calculation.,
pokefile-item-0413,Wave Incense,Type enhancement,413,An item to be held by a Pokémon. This incense has a curious aroma that boosts the power of Water-type moves.,Provided,PROPOSED: Add a persistent held-item multiplier for the matching move type in shared damage calculation.,
pokefile-item-0414,Babiri Berry,Type protection,414,"If held by a Pokémon, this Berry will lessen the damage taken from one supereffective Steel-type attack.",Provided,"PROPOSED: Before damage, check for an attack of the matching type, reduce that hit as described, then consume the Berry.",
pokefile-item-0415,Charti Berry,Type protection,415,"If held by a Pokémon, this Berry will lessen the damage taken from one supereffective Rock-type attack.",Provided,"PROPOSED: Before damage, check for an attack of the matching type, reduce that hit as described, then consume the Berry.",
pokefile-item-0416,Chilan Berry,Type protection,416,"If held by a Pokémon, this Berry will lessen the damage taken from one Normal-type attack.",Provided,"PROPOSED: Before damage, check for an attack of the matching type, reduce that hit as described, then consume the Berry.",
pokefile-item-0417,Chople Berry,Type protection,417,"If held by a Pokémon, this Berry will lessen the damage taken from one supereffective Fighting-type attack.",Provided,"PROPOSED: Before damage, check for an attack of the matching type, reduce that hit as described, then consume the Berry.",
pokefile-item-0418,Coba Berry,Type protection,418,"If held by a Pokémon, this Berry will lessen the damage taken from one supereffective Flying-type attack.",Provided,"PROPOSED: Before damage, check for an attack of the matching type, reduce that hit as described, then consume the Berry.",
pokefile-item-0419,Colbur Berry,Type protection,419,"If held by a Pokémon, this Berry will lessen the damage taken from one supereffective Dark-type attack.",Provided,"PROPOSED: Before damage, check for an attack of the matching type, reduce that hit as described, then consume the Berry.",
pokefile-item-0420,Haban Berry,Type protection,420,"If held by a Pokémon, this Berry will lessen the damage taken from one supereffective Dragon-type attack.",Provided,"PROPOSED: Before damage, check for an attack of the matching type, reduce that hit as described, then consume the Berry.",
pokefile-item-0421,Kasib Berry,Type protection,421,"If held by a Pokémon, this Berry will lessen the damage taken from one supereffective Ghost-type attack.",Provided,"PROPOSED: Before damage, check for an attack of the matching type, reduce that hit as described, then consume the Berry.",
pokefile-item-0422,Kebia Berry,Type protection,422,"If held by a Pokémon, this Berry will lessen the damage taken from one supereffective Poison-type attack.",Provided,"PROPOSED: Before damage, check for an attack of the matching type, reduce that hit as described, then consume the Berry.",
pokefile-item-0423,Occa Berry,Type protection,423,"If held by a Pokémon, this Berry will lessen the damage taken from one supereffective Fire-type attack.",Provided,"PROPOSED: Before damage, check for an attack of the matching type, reduce that hit as described, then consume the Berry.",
pokefile-item-0424,Passho Berry,Type protection,424,"If held by a Pokémon, this Berry will lessen the damage taken from one supereffective Water-type attack.",Provided,"PROPOSED: Before damage, check for an attack of the matching type, reduce that hit as described, then consume the Berry.",
pokefile-item-0425,Payapa Berry,Type protection,425,"If held by a Pokémon, this Berry will lessen the damage taken from one supereffective Psychic-type attack.",Provided,"PROPOSED: Before damage, check for an attack of the matching type, reduce that hit as described, then consume the Berry.",
pokefile-item-0426,Rindo Berry,Type protection,426,"If held by a Pokémon, this Berry will lessen the damage taken from one supereffective Grass-type attack.",Provided,"PROPOSED: Before damage, check for an attack of the matching type, reduce that hit as described, then consume the Berry.",
pokefile-item-0427,Roseli Berry,Type protection,427,"If held by a Pokémon, this Berry will lessen the damage taken from one supereffective Fairy-type attack.",Provided,"PROPOSED: Before damage, check for an attack of the matching type, reduce that hit as described, then consume the Berry.",
pokefile-item-0428,Shuca Berry,Type protection,428,"If held by a Pokémon, this Berry will lessen the damage taken from one supereffective Ground-type attack.",Provided,"PROPOSED: Before damage, check for an attack of the matching type, reduce that hit as described, then consume the Berry.",
pokefile-item-0429,Tanga Berry,Type protection,429,"If held by a Pokémon, this Berry will lessen the damage taken from one supereffective Bug-type attack.",Provided,"PROPOSED: Before damage, check for an attack of the matching type, reduce that hit as described, then consume the Berry.",
pokefile-item-0430,Wacan Berry,Type protection,430,"If held by a Pokémon, this Berry will lessen the damage taken from one supereffective Electric-type attack.",Provided,"PROPOSED: Before damage, check for an attack of the matching type, reduce that hit as described, then consume the Berry.",
pokefile-item-0431,Yache Berry,Type protection,431,"If held by a Pokémon, this Berry will lessen the damage taken from one supereffective Ice-type attack.",Provided,"PROPOSED: Before damage, check for an attack of the matching type, reduce that hit as described, then consume the Berry.",
pokefile-item-0432,Aloraichium Z,Z-Crystals,432,This is a crystallized form of Z-Power. It upgrades Alolan Raichu’s Thunderbolt to a Z-Move.,Provided,"PROPOSED: Add a Z Special action that checks the required holder and move or type, then resolves the matching Z-Move once per battle; require Z-Ring access.",
pokefile-item-0433,Buginium Z,Z-Crystals,433,This is a crystallized form of Z-Power. It upgrades Bug-type moves to Z-Moves.,Provided,"PROPOSED: Add a Z Special action that checks the required holder and move or type, then resolves the matching Z-Move once per battle; require Z-Ring access.",
pokefile-item-0434,Darkinium Z,Z-Crystals,434,This is a crystallized form of Z-Power. It upgrades Dark-type moves to Z-Moves.,Provided,"PROPOSED: Add a Z Special action that checks the required holder and move or type, then resolves the matching Z-Move once per battle; require Z-Ring access.",
pokefile-item-0435,Decidium Z,Z-Crystals,435,This is a crystallized form of Z-Power. It upgrades Decidueye’s Spirit Shackle to a Z-Move.,Provided,"PROPOSED: Add a Z Special action that checks the required holder and move or type, then resolves the matching Z-Move once per battle; require Z-Ring access.",
pokefile-item-0436,Dragonium Z,Z-Crystals,436,This is a crystallized form of Z-Power. It upgrades Dragon-type moves to Z-Moves.,Provided,"PROPOSED: Add a Z Special action that checks the required holder and move or type, then resolves the matching Z-Move once per battle; require Z-Ring access.",
pokefile-item-0437,Eevium Z,Z-Crystals,437,This is a crystallized form of Z-Power. It upgrades Eevee’s Last Resort to a Z-Move.,Provided,"PROPOSED: Add a Z Special action that checks the required holder and move or type, then resolves the matching Z-Move once per battle; require Z-Ring access.",
pokefile-item-0438,Electrium Z,Z-Crystals,438,This is a crystallized form of Z-Power. It upgrades Electric-type moves to Z-Moves.,Provided,"PROPOSED: Add a Z Special action that checks the required holder and move or type, then resolves the matching Z-Move once per battle; require Z-Ring access.",
pokefile-item-0439,Fairium Z,Z-Crystals,439,This is a crystallized form of Z-Power. It upgrades Fairy-type moves to Z-Moves.,Provided,"PROPOSED: Add a Z Special action that checks the required holder and move or type, then resolves the matching Z-Move once per battle; require Z-Ring access.",
pokefile-item-0440,Fightinium Z,Z-Crystals,440,This is a crystallized form of Z-Power. It upgrades Fighting-type moves to Z-Moves.,Provided,"PROPOSED: Add a Z Special action that checks the required holder and move or type, then resolves the matching Z-Move once per battle; require Z-Ring access.",
pokefile-item-0441,Firium Z,Z-Crystals,441,This is a crystallized form of Z-Power. It upgrades Fire-type moves to Z-Moves.,Provided,"PROPOSED: Add a Z Special action that checks the required holder and move or type, then resolves the matching Z-Move once per battle; require Z-Ring access.",
pokefile-item-0442,Flyinium Z,Z-Crystals,442,This is a crystallized form of Z-Power. It upgrades Flying-type moves to Z-Moves.,Provided,"PROPOSED: Add a Z Special action that checks the required holder and move or type, then resolves the matching Z-Move once per battle; require Z-Ring access.",
pokefile-item-0443,Ghostium Z,Z-Crystals,443,This is a crystallized form of Z-Power. It upgrades Ghost-type moves to Z-Moves.,Provided,"PROPOSED: Add a Z Special action that checks the required holder and move or type, then resolves the matching Z-Move once per battle; require Z-Ring access.",
pokefile-item-0444,Grassium Z,Z-Crystals,444,This is a crystallized form of Z-Power. It upgrades Grass-type moves to Z-Moves.,Provided,"PROPOSED: Add a Z Special action that checks the required holder and move or type, then resolves the matching Z-Move once per battle; require Z-Ring access.",
pokefile-item-0445,Groundium Z,Z-Crystals,445,This is a crystallized form of Z-Power. It upgrades Ground-type moves to Z-Moves.,Provided,"PROPOSED: Add a Z Special action that checks the required holder and move or type, then resolves the matching Z-Move once per battle; require Z-Ring access.",
pokefile-item-0446,Icium Z,Z-Crystals,446,This is a crystallized form of Z-Power. It upgrades Ice-type moves to Z-Moves.,Provided,"PROPOSED: Add a Z Special action that checks the required holder and move or type, then resolves the matching Z-Move once per battle; require Z-Ring access.",
pokefile-item-0447,Incinium Z,Z-Crystals,447,This is a crystallized form of Z-Power. It upgrades Incineroar’s Darkest Lariat to a Z-Move.,Provided,"PROPOSED: Add a Z Special action that checks the required holder and move or type, then resolves the matching Z-Move once per battle; require Z-Ring access.",
pokefile-item-0448,Marshadium Z,Z-Crystals,448,This is a crystallized form of Z-Power. It upgrades Marshadow’s Spectral Thief to a Z-Move.,Provided,"PROPOSED: Add a Z Special action that checks the required holder and move or type, then resolves the matching Z-Move once per battle; require Z-Ring access.",
pokefile-item-0449,Mewnium Z,Z-Crystals,449,This is a crystallized form of Z-Power. It upgrades Mew’s Psychic to a Z-Move.,Provided,"PROPOSED: Add a Z Special action that checks the required holder and move or type, then resolves the matching Z-Move once per battle; require Z-Ring access.",
pokefile-item-0450,Normalium Z,Z-Crystals,450,This is a crystallized form of Z-Power. It upgrades Normal-type moves to Z-Moves.,Provided,"PROPOSED: Add a Z Special action that checks the required holder and move or type, then resolves the matching Z-Move once per battle; require Z-Ring access.",
pokefile-item-0451,Pikanium Z,Z-Crystals,451,This is a crystallized form of Z-Power. It upgrades Pikachu’s Volt Tackle to a Z-Move.,Provided,"PROPOSED: Add a Z Special action that checks the required holder and move or type, then resolves the matching Z-Move once per battle; require Z-Ring access.",
pokefile-item-0452,Pikashunium Z,Z-Crystals,452,This is a crystallized form of Z-Power. It upgrades a Thunderbolt by Pikachu in a cap to a Z-Move.,Provided,"PROPOSED: Add a Z Special action that checks the required holder and move or type, then resolves the matching Z-Move once per battle; require Z-Ring access.",
pokefile-item-0453,Poisonium Z,Z-Crystals,453,This is a crystallized form of Z-Power. It upgrades Poison-type moves to Z-Moves.,Provided,"PROPOSED: Add a Z Special action that checks the required holder and move or type, then resolves the matching Z-Move once per battle; require Z-Ring access.",
pokefile-item-0454,Primarium Z,Z-Crystals,454,This is a crystallized form of Z-Power. It upgrades Primarina’s Sparkling Aria to a Z-Move.,Provided,"PROPOSED: Add a Z Special action that checks the required holder and move or type, then resolves the matching Z-Move once per battle; require Z-Ring access.",
pokefile-item-0455,Psychium Z,Z-Crystals,455,This is a crystallized form of Z-Power. It upgrades Psychic-type moves to Z-Moves.,Provided,"PROPOSED: Add a Z Special action that checks the required holder and move or type, then resolves the matching Z-Move once per battle; require Z-Ring access.",
pokefile-item-0456,Rockium Z,Z-Crystals,456,This is a crystallized form of Z-Power. It upgrades Rock-type moves to Z-Moves.,Provided,"PROPOSED: Add a Z Special action that checks the required holder and move or type, then resolves the matching Z-Move once per battle; require Z-Ring access.",
pokefile-item-0457,Snorlium Z,Z-Crystals,457,This is a crystallized form of Z-Power. It upgrades Snorlax’s Giga Impact to a Z-Move.,Provided,"PROPOSED: Add a Z Special action that checks the required holder and move or type, then resolves the matching Z-Move once per battle; require Z-Ring access.",
pokefile-item-0458,Steelium Z,Z-Crystals,458,This is a crystallized form of Z-Power. It upgrades Steel-type moves to Z-Moves.,Provided,"PROPOSED: Add a Z Special action that checks the required holder and move or type, then resolves the matching Z-Move once per battle; require Z-Ring access.",
pokefile-item-0459,Tapunium Z,Z-Crystals,459,This is a crystallized form of Z-Power. It upgrades the tapu’s Nature’s Madness to a Z-Move.,Provided,"PROPOSED: Add a Z Special action that checks the required holder and move or type, then resolves the matching Z-Move once per battle; require Z-Ring access.",
pokefile-item-0460,Waterium Z,Z-Crystals,460,This is a crystallized form of Z-Power. It upgrades Water-type moves to Z-Moves.,Provided,"PROPOSED: Add a Z Special action that checks the required holder and move or type, then resolves the matching Z-Move once per battle; require Z-Ring access.",
