Gap ID,Source CSV,Source Row(s) / Filter,Affected Row Count,Entry / Scope,Gap Category,Information Needed,Why It Blocks Implementation,Suggested CSV Field or Decision,Evidence / Examples,Status,Decision / Resolution
GAP-0001,Pokemon Stats.csv,All Pokémon rows (2-1352),1351,All Pokémon/forms,Ability assignment,"Assign an ability ID to each playable species/form; say whether forms inherit, replace, or choose an ability.","The runtime species record requires a registered ability, but this source has no ability assignment.",Ability ID; form override/slot,The stats file contains no ability column.,Open,
GAP-0002,Pokemon Stats.csv,All Pokémon rows (2-1352),1351,All Pokémon/forms,Four starting moves,Choose four distinct move IDs for every battle-ready species/form.,The game requires four distinct starting moves; stats and types do not identify a legal loadout.,Starting Move 1-4 (stable move IDs),No move or loadout columns are present.,Open,
GAP-0003,Pokemon Stats.csv,All Pokémon rows (2-1352),1351,All Pokémon/forms,Level-up learnsets,List each learnable move and required level.,Progression cannot offer level-up moves without a species-to-move schedule.,"Separate table: Species/Form ID, Level, Move ID",No level-up move data is present.,Open,
GAP-0004,Pokemon Stats.csv,All Pokémon rows (2-1352),1351,All Pokémon/forms,TM compatibility,List TM moves each species/form can learn.,TM use needs an explicit compatibility check.,"Separate table: Species/Form ID, TM/Move ID",No TM compatibility data is present.,Open,
GAP-0005,Pokemon Stats.csv,All Pokémon rows (2-1352),1351,All Pokémon/forms,Roster and encounter availability,"Mark starter, recruit, enemy/encounter-only, form-only, or catalog-only; provide party cost when draftable.","The game cannot infer which of the 1,351 entries should appear in runs.",Availability; party cost; encounter/form restrictions,No roster or encounter assignment exists.,Open,
GAP-0006,Pokemon Stats.csv,2,1,Bulbasaur,Evolution target and trigger,"Give each target an exact target ID and trigger condition (level, item, move, time, trade, or another explicit rule).",Evolves gives target names but no conditions; runtime evolution needs a target ID and a testable trigger.,Target ID; Method; Required Level/Item/Move/Time; Branch conditions,Evolves: Ivysaur,Open,
GAP-0007,Pokemon Stats.csv,3,1,Ivysaur,Evolution target and trigger,"Give each target an exact target ID and trigger condition (level, item, move, time, trade, or another explicit rule).",Evolves gives target names but no conditions; runtime evolution needs a target ID and a testable trigger.,Target ID; Method; Required Level/Item/Move/Time; Branch conditions,Evolves: Venusaur,Open,
GAP-0008,Pokemon Stats.csv,5,1,Charmander,Evolution target and trigger,"Give each target an exact target ID and trigger condition (level, item, move, time, trade, or another explicit rule).",Evolves gives target names but no conditions; runtime evolution needs a target ID and a testable trigger.,Target ID; Method; Required Level/Item/Move/Time; Branch conditions,Evolves: Charmeleon,Open,
GAP-0009,Pokemon Stats.csv,6,1,Charmeleon,Evolution target and trigger,"Give each target an exact target ID and trigger condition (level, item, move, time, trade, or another explicit rule).",Evolves gives target names but no conditions; runtime evolution needs a target ID and a testable trigger.,Target ID; Method; Required Level/Item/Move/Time; Branch conditions,Evolves: Charizard,Open,
GAP-0010,Pokemon Stats.csv,8,1,Squirtle,Evolution target and trigger,"Give each target an exact target ID and trigger condition (level, item, move, time, trade, or another explicit rule).",Evolves gives target names but no conditions; runtime evolution needs a target ID and a testable trigger.,Target ID; Method; Required Level/Item/Move/Time; Branch conditions,Evolves: Wartortle,Open,
GAP-0011,Pokemon Stats.csv,9,1,Wartortle,Evolution target and trigger,"Give each target an exact target ID and trigger condition (level, item, move, time, trade, or another explicit rule).",Evolves gives target names but no conditions; runtime evolution needs a target ID and a testable trigger.,Target ID; Method; Required Level/Item/Move/Time; Branch conditions,Evolves: Blastoise,Open,
GAP-0012,Pokemon Stats.csv,11,1,Caterpie,Evolution target and trigger,"Give each target an exact target ID and trigger condition (level, item, move, time, trade, or another explicit rule).",Evolves gives target names but no conditions; runtime evolution needs a target ID and a testable trigger.,Target ID; Method; Required Level/Item/Move/Time; Branch conditions,Evolves: Metapod,Open,
GAP-0013,Pokemon Stats.csv,12,1,Metapod,Evolution target and trigger,"Give each target an exact target ID and trigger condition (level, item, move, time, trade, or another explicit rule).",Evolves gives target names but no conditions; runtime evolution needs a target ID and a testable trigger.,Target ID; Method; Required Level/Item/Move/Time; Branch conditions,Evolves: Butterfree,Open,
GAP-0014,Pokemon Stats.csv,14,1,Weedle,Evolution target and trigger,"Give each target an exact target ID and trigger condition (level, item, move, time, trade, or another explicit rule).",Evolves gives target names but no conditions; runtime evolution needs a target ID and a testable trigger.,Target ID; Method; Required Level/Item/Move/Time; Branch conditions,Evolves: Kakuna,Open,
GAP-0015,Pokemon Stats.csv,15,1,Kakuna,Evolution target and trigger,"Give each target an exact target ID and trigger condition (level, item, move, time, trade, or another explicit rule).",Evolves gives target names but no conditions; runtime evolution needs a target ID and a testable trigger.,Target ID; Method; Required Level/Item/Move/Time; Branch conditions,Evolves: Beedrill,Open,
GAP-0016,Pokemon Stats.csv,17,1,Pidgey,Evolution target and trigger,"Give each target an exact target ID and trigger condition (level, item, move, time, trade, or another explicit rule).",Evolves gives target names but no conditions; runtime evolution needs a target ID and a testable trigger.,Target ID; Method; Required Level/Item/Move/Time; Branch conditions,Evolves: Pidgeotto,Open,
GAP-0017,Pokemon Stats.csv,18,1,Pidgeotto,Evolution target and trigger,"Give each target an exact target ID and trigger condition (level, item, move, time, trade, or another explicit rule).",Evolves gives target names but no conditions; runtime evolution needs a target ID and a testable trigger.,Target ID; Method; Required Level/Item/Move/Time; Branch conditions,Evolves: Pidgeot,Open,
GAP-0018,Pokemon Stats.csv,20,1,Rattata,Evolution target and trigger,"Give each target an exact target ID and trigger condition (level, item, move, time, trade, or another explicit rule).",Evolves gives target names but no conditions; runtime evolution needs a target ID and a testable trigger.,Target ID; Method; Required Level/Item/Move/Time; Branch conditions,Evolves: Raticate,Open,
GAP-0019,Pokemon Stats.csv,22,1,Spearow,Evolution target and trigger,"Give each target an exact target ID and trigger condition (level, item, move, time, trade, or another explicit rule).",Evolves gives target names but no conditions; runtime evolution needs a target ID and a testable trigger.,Target ID; Method; Required Level/Item/Move/Time; Branch conditions,Evolves: Fearow,Open,
GAP-0020,Pokemon Stats.csv,24,1,Ekans,Evolution target and trigger,"Give each target an exact target ID and trigger condition (level, item, move, time, trade, or another explicit rule).",Evolves gives target names but no conditions; runtime evolution needs a target ID and a testable trigger.,Target ID; Method; Required Level/Item/Move/Time; Branch conditions,Evolves: Arbok,Open,
GAP-0021,Pokemon Stats.csv,26,1,Pikachu,Evolution target and trigger,"Give each target an exact target ID and trigger condition (level, item, move, time, trade, or another explicit rule).",Evolves gives target names but no conditions; runtime evolution needs a target ID and a testable trigger.,Target ID; Method; Required Level/Item/Move/Time; Branch conditions,Evolves: Raichu,Open,
GAP-0022,Pokemon Stats.csv,28,1,Sandshrew,Evolution target and trigger,"Give each target an exact target ID and trigger condition (level, item, move, time, trade, or another explicit rule).",Evolves gives target names but no conditions; runtime evolution needs a target ID and a testable trigger.,Target ID; Method; Required Level/Item/Move/Time; Branch conditions,Evolves: Sandslash,Open,
GAP-0023,Pokemon Stats.csv,30,1,Nidoran F,Evolution target and trigger,"Give each target an exact target ID and trigger condition (level, item, move, time, trade, or another explicit rule).",Evolves gives target names but no conditions; runtime evolution needs a target ID and a testable trigger.,Target ID; Method; Required Level/Item/Move/Time; Branch conditions,Evolves: Nidorina,Open,
GAP-0024,Pokemon Stats.csv,31,1,Nidorina,Evolution target and trigger,"Give each target an exact target ID and trigger condition (level, item, move, time, trade, or another explicit rule).",Evolves gives target names but no conditions; runtime evolution needs a target ID and a testable trigger.,Target ID; Method; Required Level/Item/Move/Time; Branch conditions,Evolves: Nidoqueen,Open,
GAP-0025,Pokemon Stats.csv,33,1,Nidoran M,Evolution target and trigger,"Give each target an exact target ID and trigger condition (level, item, move, time, trade, or another explicit rule).",Evolves gives target names but no conditions; runtime evolution needs a target ID and a testable trigger.,Target ID; Method; Required Level/Item/Move/Time; Branch conditions,Evolves: Nidorino,Open,
GAP-0026,Pokemon Stats.csv,34,1,Nidorino,Evolution target and trigger,"Give each target an exact target ID and trigger condition (level, item, move, time, trade, or another explicit rule).",Evolves gives target names but no conditions; runtime evolution needs a target ID and a testable trigger.,Target ID; Method; Required Level/Item/Move/Time; Branch conditions,Evolves: Nidoking,Open,
GAP-0027,Pokemon Stats.csv,36,1,Clefairy,Evolution target and trigger,"Give each target an exact target ID and trigger condition (level, item, move, time, trade, or another explicit rule).",Evolves gives target names but no conditions; runtime evolution needs a target ID and a testable trigger.,Target ID; Method; Required Level/Item/Move/Time; Branch conditions,Evolves: Clefable,Open,
GAP-0028,Pokemon Stats.csv,38,1,Vulpix,Evolution target and trigger,"Give each target an exact target ID and trigger condition (level, item, move, time, trade, or another explicit rule).",Evolves gives target names but no conditions; runtime evolution needs a target ID and a testable trigger.,Target ID; Method; Required Level/Item/Move/Time; Branch conditions,Evolves: Ninetales,Open,
GAP-0029,Pokemon Stats.csv,40,1,Jigglypuff,Evolution target and trigger,"Give each target an exact target ID and trigger condition (level, item, move, time, trade, or another explicit rule).",Evolves gives target names but no conditions; runtime evolution needs a target ID and a testable trigger.,Target ID; Method; Required Level/Item/Move/Time; Branch conditions,Evolves: Wigglytuff,Open,
GAP-0030,Pokemon Stats.csv,42,1,Zubat,Evolution target and trigger,"Give each target an exact target ID and trigger condition (level, item, move, time, trade, or another explicit rule).",Evolves gives target names but no conditions; runtime evolution needs a target ID and a testable trigger.,Target ID; Method; Required Level/Item/Move/Time; Branch conditions,Evolves: Golbat,Open,
GAP-0031,Pokemon Stats.csv,43,1,Golbat,Evolution target and trigger,"Give each target an exact target ID and trigger condition (level, item, move, time, trade, or another explicit rule).",Evolves gives target names but no conditions; runtime evolution needs a target ID and a testable trigger.,Target ID; Method; Required Level/Item/Move/Time; Branch conditions,Evolves: Crobat,Open,
GAP-0032,Pokemon Stats.csv,44,1,Oddish,Evolution target and trigger,"Give each target an exact target ID and trigger condition (level, item, move, time, trade, or another explicit rule).",Evolves gives target names but no conditions; runtime evolution needs a target ID and a testable trigger.,Target ID; Method; Required Level/Item/Move/Time; Branch conditions,Evolves: Gloom,Open,
GAP-0033,Pokemon Stats.csv,45,1,Gloom,Evolution target and trigger,"Give each target an exact target ID and trigger condition (level, item, move, time, trade, or another explicit rule). This entry has branches, so provide one trigger per target.",Evolves gives target names but no conditions; runtime evolution needs a target ID and a testable trigger.,Target ID; Method; Required Level/Item/Move/Time; Branch conditions,Evolves: Vileplume; Bellossom,Open,
GAP-0034,Pokemon Stats.csv,47,1,Paras,Evolution target and trigger,"Give each target an exact target ID and trigger condition (level, item, move, time, trade, or another explicit rule).",Evolves gives target names but no conditions; runtime evolution needs a target ID and a testable trigger.,Target ID; Method; Required Level/Item/Move/Time; Branch conditions,Evolves: Parasect,Open,
GAP-0035,Pokemon Stats.csv,49,1,Venonat,Evolution target and trigger,"Give each target an exact target ID and trigger condition (level, item, move, time, trade, or another explicit rule).",Evolves gives target names but no conditions; runtime evolution needs a target ID and a testable trigger.,Target ID; Method; Required Level/Item/Move/Time; Branch conditions,Evolves: Venomoth,Open,
GAP-0036,Pokemon Stats.csv,51,1,Diglett,Evolution target and trigger,"Give each target an exact target ID and trigger condition (level, item, move, time, trade, or another explicit rule).",Evolves gives target names but no conditions; runtime evolution needs a target ID and a testable trigger.,Target ID; Method; Required Level/Item/Move/Time; Branch conditions,Evolves: Dugtrio,Open,
GAP-0037,Pokemon Stats.csv,53,1,Meowth,Evolution target and trigger,"Give each target an exact target ID and trigger condition (level, item, move, time, trade, or another explicit rule). This entry has branches, so provide one trigger per target.",Evolves gives target names but no conditions; runtime evolution needs a target ID and a testable trigger.,Target ID; Method; Required Level/Item/Move/Time; Branch conditions,Evolves: Persian; Perrserker,Open,
GAP-0038,Pokemon Stats.csv,55,1,Psyduck,Evolution target and trigger,"Give each target an exact target ID and trigger condition (level, item, move, time, trade, or another explicit rule).",Evolves gives target names but no conditions; runtime evolution needs a target ID and a testable trigger.,Target ID; Method; Required Level/Item/Move/Time; Branch conditions,Evolves: Golduck,Open,
GAP-0039,Pokemon Stats.csv,57,1,Mankey,Evolution target and trigger,"Give each target an exact target ID and trigger condition (level, item, move, time, trade, or another explicit rule).",Evolves gives target names but no conditions; runtime evolution needs a target ID and a testable trigger.,Target ID; Method; Required Level/Item/Move/Time; Branch conditions,Evolves: Primeape,Open,
GAP-0040,Pokemon Stats.csv,58,1,Primeape,Evolution target and trigger,"Give each target an exact target ID and trigger condition (level, item, move, time, trade, or another explicit rule).",Evolves gives target names but no conditions; runtime evolution needs a target ID and a testable trigger.,Target ID; Method; Required Level/Item/Move/Time; Branch conditions,Evolves: Annihilape,Open,
GAP-0041,Pokemon Stats.csv,59,1,Growlithe,Evolution target and trigger,"Give each target an exact target ID and trigger condition (level, item, move, time, trade, or another explicit rule).",Evolves gives target names but no conditions; runtime evolution needs a target ID and a testable trigger.,Target ID; Method; Required Level/Item/Move/Time; Branch conditions,Evolves: Arcanine,Open,
GAP-0042,Pokemon Stats.csv,61,1,Poliwag,Evolution target and trigger,"Give each target an exact target ID and trigger condition (level, item, move, time, trade, or another explicit rule).",Evolves gives target names but no conditions; runtime evolution needs a target ID and a testable trigger.,Target ID; Method; Required Level/Item/Move/Time; Branch conditions,Evolves: Poliwhirl,Open,
GAP-0043,Pokemon Stats.csv,62,1,Poliwhirl,Evolution target and trigger,"Give each target an exact target ID and trigger condition (level, item, move, time, trade, or another explicit rule). This entry has branches, so provide one trigger per target.",Evolves gives target names but no conditions; runtime evolution needs a target ID and a testable trigger.,Target ID; Method; Required Level/Item/Move/Time; Branch conditions,Evolves: Poliwrath; Politoed,Open,
GAP-0044,Pokemon Stats.csv,64,1,Abra,Evolution target and trigger,"Give each target an exact target ID and trigger condition (level, item, move, time, trade, or another explicit rule).",Evolves gives target names but no conditions; runtime evolution needs a target ID and a testable trigger.,Target ID; Method; Required Level/Item/Move/Time; Branch conditions,Evolves: Kadabra,Open,
GAP-0045,Pokemon Stats.csv,65,1,Kadabra,Evolution target and trigger,"Give each target an exact target ID and trigger condition (level, item, move, time, trade, or another explicit rule).",Evolves gives target names but no conditions; runtime evolution needs a target ID and a testable trigger.,Target ID; Method; Required Level/Item/Move/Time; Branch conditions,Evolves: Alakazam,Open,
GAP-0046,Pokemon Stats.csv,67,1,Machop,Evolution target and trigger,"Give each target an exact target ID and trigger condition (level, item, move, time, trade, or another explicit rule).",Evolves gives target names but no conditions; runtime evolution needs a target ID and a testable trigger.,Target ID; Method; Required Level/Item/Move/Time; Branch conditions,Evolves: Machoke,Open,
GAP-0047,Pokemon Stats.csv,68,1,Machoke,Evolution target and trigger,"Give each target an exact target ID and trigger condition (level, item, move, time, trade, or another explicit rule).",Evolves gives target names but no conditions; runtime evolution needs a target ID and a testable trigger.,Target ID; Method; Required Level/Item/Move/Time; Branch conditions,Evolves: Machamp,Open,
GAP-0048,Pokemon Stats.csv,70,1,Bellsprout,Evolution target and trigger,"Give each target an exact target ID and trigger condition (level, item, move, time, trade, or another explicit rule).",Evolves gives target names but no conditions; runtime evolution needs a target ID and a testable trigger.,Target ID; Method; Required Level/Item/Move/Time; Branch conditions,Evolves: Weepinbell,Open,
GAP-0049,Pokemon Stats.csv,71,1,Weepinbell,Evolution target and trigger,"Give each target an exact target ID and trigger condition (level, item, move, time, trade, or another explicit rule).",Evolves gives target names but no conditions; runtime evolution needs a target ID and a testable trigger.,Target ID; Method; Required Level/Item/Move/Time; Branch conditions,Evolves: Victreebel,Open,
GAP-0050,Pokemon Stats.csv,73,1,Tentacool,Evolution target and trigger,"Give each target an exact target ID and trigger condition (level, item, move, time, trade, or another explicit rule).",Evolves gives target names but no conditions; runtime evolution needs a target ID and a testable trigger.,Target ID; Method; Required Level/Item/Move/Time; Branch conditions,Evolves: Tentacruel,Open,
GAP-0051,Pokemon Stats.csv,75,1,Geodude,Evolution target and trigger,"Give each target an exact target ID and trigger condition (level, item, move, time, trade, or another explicit rule).",Evolves gives target names but no conditions; runtime evolution needs a target ID and a testable trigger.,Target ID; Method; Required Level/Item/Move/Time; Branch conditions,Evolves: Graveler,Open,
GAP-0052,Pokemon Stats.csv,76,1,Graveler,Evolution target and trigger,"Give each target an exact target ID and trigger condition (level, item, move, time, trade, or another explicit rule).",Evolves gives target names but no conditions; runtime evolution needs a target ID and a testable trigger.,Target ID; Method; Required Level/Item/Move/Time; Branch conditions,Evolves: Golem,Open,
GAP-0053,Pokemon Stats.csv,78,1,Ponyta,Evolution target and trigger,"Give each target an exact target ID and trigger condition (level, item, move, time, trade, or another explicit rule).",Evolves gives target names but no conditions; runtime evolution needs a target ID and a testable trigger.,Target ID; Method; Required Level/Item/Move/Time; Branch conditions,Evolves: Rapidash,Open,
GAP-0054,Pokemon Stats.csv,80,1,Slowpoke,Evolution target and trigger,"Give each target an exact target ID and trigger condition (level, item, move, time, trade, or another explicit rule). This entry has branches, so provide one trigger per target.",Evolves gives target names but no conditions; runtime evolution needs a target ID and a testable trigger.,Target ID; Method; Required Level/Item/Move/Time; Branch conditions,Evolves: Slowbro; Slowking,Open,
GAP-0055,Pokemon Stats.csv,82,1,Magnemite,Evolution target and trigger,"Give each target an exact target ID and trigger condition (level, item, move, time, trade, or another explicit rule).",Evolves gives target names but no conditions; runtime evolution needs a target ID and a testable trigger.,Target ID; Method; Required Level/Item/Move/Time; Branch conditions,Evolves: Magneton,Open,
GAP-0056,Pokemon Stats.csv,83,1,Magneton,Evolution target and trigger,"Give each target an exact target ID and trigger condition (level, item, move, time, trade, or another explicit rule).",Evolves gives target names but no conditions; runtime evolution needs a target ID and a testable trigger.,Target ID; Method; Required Level/Item/Move/Time; Branch conditions,Evolves: Magnezone,Open,
GAP-0057,Pokemon Stats.csv,84,1,Farfetch’d,Evolution target and trigger,"Give each target an exact target ID and trigger condition (level, item, move, time, trade, or another explicit rule).",Evolves gives target names but no conditions; runtime evolution needs a target ID and a testable trigger.,Target ID; Method; Required Level/Item/Move/Time; Branch conditions,Evolves: Sirfetch’d,Open,
GAP-0058,Pokemon Stats.csv,85,1,Doduo,Evolution target and trigger,"Give each target an exact target ID and trigger condition (level, item, move, time, trade, or another explicit rule).",Evolves gives target names but no conditions; runtime evolution needs a target ID and a testable trigger.,Target ID; Method; Required Level/Item/Move/Time; Branch conditions,Evolves: Dodrio,Open,
GAP-0059,Pokemon Stats.csv,87,1,Seel,Evolution target and trigger,"Give each target an exact target ID and trigger condition (level, item, move, time, trade, or another explicit rule).",Evolves gives target names but no conditions; runtime evolution needs a target ID and a testable trigger.,Target ID; Method; Required Level/Item/Move/Time; Branch conditions,Evolves: Dewgong,Open,
GAP-0060,Pokemon Stats.csv,89,1,Grimer,Evolution target and trigger,"Give each target an exact target ID and trigger condition (level, item, move, time, trade, or another explicit rule).",Evolves gives target names but no conditions; runtime evolution needs a target ID and a testable trigger.,Target ID; Method; Required Level/Item/Move/Time; Branch conditions,Evolves: Muk,Open,
GAP-0061,Pokemon Stats.csv,91,1,Shellder,Evolution target and trigger,"Give each target an exact target ID and trigger condition (level, item, move, time, trade, or another explicit rule).",Evolves gives target names but no conditions; runtime evolution needs a target ID and a testable trigger.,Target ID; Method; Required Level/Item/Move/Time; Branch conditions,Evolves: Cloyster,Open,
GAP-0062,Pokemon Stats.csv,93,1,Gastly,Evolution target and trigger,"Give each target an exact target ID and trigger condition (level, item, move, time, trade, or another explicit rule).",Evolves gives target names but no conditions; runtime evolution needs a target ID and a testable trigger.,Target ID; Method; Required Level/Item/Move/Time; Branch conditions,Evolves: Haunter,Open,
GAP-0063,Pokemon Stats.csv,94,1,Haunter,Evolution target and trigger,"Give each target an exact target ID and trigger condition (level, item, move, time, trade, or another explicit rule).",Evolves gives target names but no conditions; runtime evolution needs a target ID and a testable trigger.,Target ID; Method; Required Level/Item/Move/Time; Branch conditions,Evolves: Gengar,Open,
GAP-0064,Pokemon Stats.csv,96,1,Onix,Evolution target and trigger,"Give each target an exact target ID and trigger condition (level, item, move, time, trade, or another explicit rule).",Evolves gives target names but no conditions; runtime evolution needs a target ID and a testable trigger.,Target ID; Method; Required Level/Item/Move/Time; Branch conditions,Evolves: Steelix,Open,
GAP-0065,Pokemon Stats.csv,97,1,Drowzee,Evolution target and trigger,"Give each target an exact target ID and trigger condition (level, item, move, time, trade, or another explicit rule).",Evolves gives target names but no conditions; runtime evolution needs a target ID and a testable trigger.,Target ID; Method; Required Level/Item/Move/Time; Branch conditions,Evolves: Hypno,Open,
GAP-0066,Pokemon Stats.csv,99,1,Krabby,Evolution target and trigger,"Give each target an exact target ID and trigger condition (level, item, move, time, trade, or another explicit rule).",Evolves gives target names but no conditions; runtime evolution needs a target ID and a testable trigger.,Target ID; Method; Required Level/Item/Move/Time; Branch conditions,Evolves: Kingler,Open,
GAP-0067,Pokemon Stats.csv,101,1,Voltorb,Evolution target and trigger,"Give each target an exact target ID and trigger condition (level, item, move, time, trade, or another explicit rule).",Evolves gives target names but no conditions; runtime evolution needs a target ID and a testable trigger.,Target ID; Method; Required Level/Item/Move/Time; Branch conditions,Evolves: Electrode,Open,
GAP-0068,Pokemon Stats.csv,103,1,Exeggcute,Evolution target and trigger,"Give each target an exact target ID and trigger condition (level, item, move, time, trade, or another explicit rule).",Evolves gives target names but no conditions; runtime evolution needs a target ID and a testable trigger.,Target ID; Method; Required Level/Item/Move/Time; Branch conditions,Evolves: Exeggutor,Open,
GAP-0069,Pokemon Stats.csv,105,1,Cubone,Evolution target and trigger,"Give each target an exact target ID and trigger condition (level, item, move, time, trade, or another explicit rule).",Evolves gives target names but no conditions; runtime evolution needs a target ID and a testable trigger.,Target ID; Method; Required Level/Item/Move/Time; Branch conditions,Evolves: Marowak,Open,
GAP-0070,Pokemon Stats.csv,109,1,Lickitung,Evolution target and trigger,"Give each target an exact target ID and trigger condition (level, item, move, time, trade, or another explicit rule).",Evolves gives target names but no conditions; runtime evolution needs a target ID and a testable trigger.,Target ID; Method; Required Level/Item/Move/Time; Branch conditions,Evolves: Lickilicky,Open,
GAP-0071,Pokemon Stats.csv,110,1,Koffing,Evolution target and trigger,"Give each target an exact target ID and trigger condition (level, item, move, time, trade, or another explicit rule).",Evolves gives target names but no conditions; runtime evolution needs a target ID and a testable trigger.,Target ID; Method; Required Level/Item/Move/Time; Branch conditions,Evolves: Weezing,Open,
GAP-0072,Pokemon Stats.csv,112,1,Rhyhorn,Evolution target and trigger,"Give each target an exact target ID and trigger condition (level, item, move, time, trade, or another explicit rule).",Evolves gives target names but no conditions; runtime evolution needs a target ID and a testable trigger.,Target ID; Method; Required Level/Item/Move/Time; Branch conditions,Evolves: Rhydon,Open,
GAP-0073,Pokemon Stats.csv,113,1,Rhydon,Evolution target and trigger,"Give each target an exact target ID and trigger condition (level, item, move, time, trade, or another explicit rule).",Evolves gives target names but no conditions; runtime evolution needs a target ID and a testable trigger.,Target ID; Method; Required Level/Item/Move/Time; Branch conditions,Evolves: Rhyperior,Open,
GAP-0074,Pokemon Stats.csv,114,1,Chansey,Evolution target and trigger,"Give each target an exact target ID and trigger condition (level, item, move, time, trade, or another explicit rule).",Evolves gives target names but no conditions; runtime evolution needs a target ID and a testable trigger.,Target ID; Method; Required Level/Item/Move/Time; Branch conditions,Evolves: Blissey,Open,
GAP-0075,Pokemon Stats.csv,115,1,Tangela,Evolution target and trigger,"Give each target an exact target ID and trigger condition (level, item, move, time, trade, or another explicit rule).",Evolves gives target names but no conditions; runtime evolution needs a target ID and a testable trigger.,Target ID; Method; Required Level/Item/Move/Time; Branch conditions,Evolves: Tangrowth,Open,
GAP-0076,Pokemon Stats.csv,117,1,Horsea,Evolution target and trigger,"Give each target an exact target ID and trigger condition (level, item, move, time, trade, or another explicit rule).",Evolves gives target names but no conditions; runtime evolution needs a target ID and a testable trigger.,Target ID; Method; Required Level/Item/Move/Time; Branch conditions,Evolves: Seadra,Open,
GAP-0077,Pokemon Stats.csv,118,1,Seadra,Evolution target and trigger,"Give each target an exact target ID and trigger condition (level, item, move, time, trade, or another explicit rule).",Evolves gives target names but no conditions; runtime evolution needs a target ID and a testable trigger.,Target ID; Method; Required Level/Item/Move/Time; Branch conditions,Evolves: Kingdra,Open,
GAP-0078,Pokemon Stats.csv,119,1,Goldeen,Evolution target and trigger,"Give each target an exact target ID and trigger condition (level, item, move, time, trade, or another explicit rule).",Evolves gives target names but no conditions; runtime evolution needs a target ID and a testable trigger.,Target ID; Method; Required Level/Item/Move/Time; Branch conditions,Evolves: Seaking,Open,
GAP-0079,Pokemon Stats.csv,121,1,Staryu,Evolution target and trigger,"Give each target an exact target ID and trigger condition (level, item, move, time, trade, or another explicit rule).",Evolves gives target names but no conditions; runtime evolution needs a target ID and a testable trigger.,Target ID; Method; Required Level/Item/Move/Time; Branch conditions,Evolves: Starmie,Open,
GAP-0080,Pokemon Stats.csv,123,1,Mr. Mime,Evolution target and trigger,"Give each target an exact target ID and trigger condition (level, item, move, time, trade, or another explicit rule).",Evolves gives target names but no conditions; runtime evolution needs a target ID and a testable trigger.,Target ID; Method; Required Level/Item/Move/Time; Branch conditions,Evolves: Mr. Rime,Open,
GAP-0081,Pokemon Stats.csv,124,1,Scyther,Evolution target and trigger,"Give each target an exact target ID and trigger condition (level, item, move, time, trade, or another explicit rule). This entry has branches, so provide one trigger per target.",Evolves gives target names but no conditions; runtime evolution needs a target ID and a testable trigger.,Target ID; Method; Required Level/Item/Move/Time; Branch conditions,Evolves: Scizor; Kleavor,Open,
GAP-0082,Pokemon Stats.csv,126,1,Electabuzz,Evolution target and trigger,"Give each target an exact target ID and trigger condition (level, item, move, time, trade, or another explicit rule).",Evolves gives target names but no conditions; runtime evolution needs a target ID and a testable trigger.,Target ID; Method; Required Level/Item/Move/Time; Branch conditions,Evolves: Electivire,Open,
GAP-0083,Pokemon Stats.csv,127,1,Magmar,Evolution target and trigger,"Give each target an exact target ID and trigger condition (level, item, move, time, trade, or another explicit rule).",Evolves gives target names but no conditions; runtime evolution needs a target ID and a testable trigger.,Target ID; Method; Required Level/Item/Move/Time; Branch conditions,Evolves: Magmortar,Open,
GAP-0084,Pokemon Stats.csv,130,1,Magikarp,Evolution target and trigger,"Give each target an exact target ID and trigger condition (level, item, move, time, trade, or another explicit rule).",Evolves gives target names but no conditions; runtime evolution needs a target ID and a testable trigger.,Target ID; Method; Required Level/Item/Move/Time; Branch conditions,Evolves: Gyarados,Open,
GAP-0085,Pokemon Stats.csv,134,1,Eevee,Evolution target and trigger,"Give each target an exact target ID and trigger condition (level, item, move, time, trade, or another explicit rule). This entry has branches, so provide one trigger per target.",Evolves gives target names but no conditions; runtime evolution needs a target ID and a testable trigger.,Target ID; Method; Required Level/Item/Move/Time; Branch conditions,Evolves: Vaporeon; Jolteon; Flareon; Espeon; Umbreon; Leafeon; Glaceon; Sylveon,Open,
GAP-0086,Pokemon Stats.csv,138,1,Porygon,Evolution target and trigger,"Give each target an exact target ID and trigger condition (level, item, move, time, trade, or another explicit rule).",Evolves gives target names but no conditions; runtime evolution needs a target ID and a testable trigger.,Target ID; Method; Required Level/Item/Move/Time; Branch conditions,Evolves: Porygon2,Open,
GAP-0087,Pokemon Stats.csv,139,1,Omanyte,Evolution target and trigger,"Give each target an exact target ID and trigger condition (level, item, move, time, trade, or another explicit rule).",Evolves gives target names but no conditions; runtime evolution needs a target ID and a testable trigger.,Target ID; Method; Required Level/Item/Move/Time; Branch conditions,Evolves: Omastar,Open,
GAP-0088,Pokemon Stats.csv,141,1,Kabuto,Evolution target and trigger,"Give each target an exact target ID and trigger condition (level, item, move, time, trade, or another explicit rule).",Evolves gives target names but no conditions; runtime evolution needs a target ID and a testable trigger.,Target ID; Method; Required Level/Item/Move/Time; Branch conditions,Evolves: Kabutops,Open,
GAP-0089,Pokemon Stats.csv,148,1,Dratini,Evolution target and trigger,"Give each target an exact target ID and trigger condition (level, item, move, time, trade, or another explicit rule).",Evolves gives target names but no conditions; runtime evolution needs a target ID and a testable trigger.,Target ID; Method; Required Level/Item/Move/Time; Branch conditions,Evolves: Dragonair,Open,
GAP-0090,Pokemon Stats.csv,149,1,Dragonair,Evolution target and trigger,"Give each target an exact target ID and trigger condition (level, item, move, time, trade, or another explicit rule).",Evolves gives target names but no conditions; runtime evolution needs a target ID and a testable trigger.,Target ID; Method; Required Level/Item/Move/Time; Branch conditions,Evolves: Dragonite,Open,
GAP-0091,Pokemon Stats.csv,153,1,Chikorita,Evolution target and trigger,"Give each target an exact target ID and trigger condition (level, item, move, time, trade, or another explicit rule).",Evolves gives target names but no conditions; runtime evolution needs a target ID and a testable trigger.,Target ID; Method; Required Level/Item/Move/Time; Branch conditions,Evolves: Bayleef,Open,
GAP-0092,Pokemon Stats.csv,154,1,Bayleef,Evolution target and trigger,"Give each target an exact target ID and trigger condition (level, item, move, time, trade, or another explicit rule).",Evolves gives target names but no conditions; runtime evolution needs a target ID and a testable trigger.,Target ID; Method; Required Level/Item/Move/Time; Branch conditions,Evolves: Meganium,Open,
GAP-0093,Pokemon Stats.csv,156,1,Cyndaquil,Evolution target and trigger,"Give each target an exact target ID and trigger condition (level, item, move, time, trade, or another explicit rule).",Evolves gives target names but no conditions; runtime evolution needs a target ID and a testable trigger.,Target ID; Method; Required Level/Item/Move/Time; Branch conditions,Evolves: Quilava,Open,
GAP-0094,Pokemon Stats.csv,157,1,Quilava,Evolution target and trigger,"Give each target an exact target ID and trigger condition (level, item, move, time, trade, or another explicit rule).",Evolves gives target names but no conditions; runtime evolution needs a target ID and a testable trigger.,Target ID; Method; Required Level/Item/Move/Time; Branch conditions,Evolves: Typhlosion,Open,
GAP-0095,Pokemon Stats.csv,159,1,Totodile,Evolution target and trigger,"Give each target an exact target ID and trigger condition (level, item, move, time, trade, or another explicit rule).",Evolves gives target names but no conditions; runtime evolution needs a target ID and a testable trigger.,Target ID; Method; Required Level/Item/Move/Time; Branch conditions,Evolves: Croconaw,Open,
GAP-0096,Pokemon Stats.csv,160,1,Croconaw,Evolution target and trigger,"Give each target an exact target ID and trigger condition (level, item, move, time, trade, or another explicit rule).",Evolves gives target names but no conditions; runtime evolution needs a target ID and a testable trigger.,Target ID; Method; Required Level/Item/Move/Time; Branch conditions,Evolves: Feraligatr,Open,
GAP-0097,Pokemon Stats.csv,162,1,Sentret,Evolution target and trigger,"Give each target an exact target ID and trigger condition (level, item, move, time, trade, or another explicit rule).",Evolves gives target names but no conditions; runtime evolution needs a target ID and a testable trigger.,Target ID; Method; Required Level/Item/Move/Time; Branch conditions,Evolves: Furret,Open,
GAP-0098,Pokemon Stats.csv,164,1,Hoothoot,Evolution target and trigger,"Give each target an exact target ID and trigger condition (level, item, move, time, trade, or another explicit rule).",Evolves gives target names but no conditions; runtime evolution needs a target ID and a testable trigger.,Target ID; Method; Required Level/Item/Move/Time; Branch conditions,Evolves: Noctowl,Open,
GAP-0099,Pokemon Stats.csv,166,1,Ledyba,Evolution target and trigger,"Give each target an exact target ID and trigger condition (level, item, move, time, trade, or another explicit rule).",Evolves gives target names but no conditions; runtime evolution needs a target ID and a testable trigger.,Target ID; Method; Required Level/Item/Move/Time; Branch conditions,Evolves: Ledian,Open,
GAP-0100,Pokemon Stats.csv,168,1,Spinarak,Evolution target and trigger,"Give each target an exact target ID and trigger condition (level, item, move, time, trade, or another explicit rule).",Evolves gives target names but no conditions; runtime evolution needs a target ID and a testable trigger.,Target ID; Method; Required Level/Item/Move/Time; Branch conditions,Evolves: Ariados,Open,
GAP-0101,Pokemon Stats.csv,171,1,Chinchou,Evolution target and trigger,"Give each target an exact target ID and trigger condition (level, item, move, time, trade, or another explicit rule).",Evolves gives target names but no conditions; runtime evolution needs a target ID and a testable trigger.,Target ID; Method; Required Level/Item/Move/Time; Branch conditions,Evolves: Lanturn,Open,
GAP-0102,Pokemon Stats.csv,173,1,Pichu,Evolution target and trigger,"Give each target an exact target ID and trigger condition (level, item, move, time, trade, or another explicit rule).",Evolves gives target names but no conditions; runtime evolution needs a target ID and a testable trigger.,Target ID; Method; Required Level/Item/Move/Time; Branch conditions,Evolves: Pikachu,Open,
GAP-0103,Pokemon Stats.csv,174,1,Cleffa,Evolution target and trigger,"Give each target an exact target ID and trigger condition (level, item, move, time, trade, or another explicit rule).",Evolves gives target names but no conditions; runtime evolution needs a target ID and a testable trigger.,Target ID; Method; Required Level/Item/Move/Time; Branch conditions,Evolves: Clefairy,Open,
GAP-0104,Pokemon Stats.csv,175,1,Igglybuff,Evolution target and trigger,"Give each target an exact target ID and trigger condition (level, item, move, time, trade, or another explicit rule).",Evolves gives target names but no conditions; runtime evolution needs a target ID and a testable trigger.,Target ID; Method; Required Level/Item/Move/Time; Branch conditions,Evolves: Jigglypuff,Open,
GAP-0105,Pokemon Stats.csv,176,1,Togepi,Evolution target and trigger,"Give each target an exact target ID and trigger condition (level, item, move, time, trade, or another explicit rule).",Evolves gives target names but no conditions; runtime evolution needs a target ID and a testable trigger.,Target ID; Method; Required Level/Item/Move/Time; Branch conditions,Evolves: Togetic,Open,
GAP-0106,Pokemon Stats.csv,177,1,Togetic,Evolution target and trigger,"Give each target an exact target ID and trigger condition (level, item, move, time, trade, or another explicit rule).",Evolves gives target names but no conditions; runtime evolution needs a target ID and a testable trigger.,Target ID; Method; Required Level/Item/Move/Time; Branch conditions,Evolves: Togekiss,Open,
GAP-0107,Pokemon Stats.csv,178,1,Natu,Evolution target and trigger,"Give each target an exact target ID and trigger condition (level, item, move, time, trade, or another explicit rule).",Evolves gives target names but no conditions; runtime evolution needs a target ID and a testable trigger.,Target ID; Method; Required Level/Item/Move/Time; Branch conditions,Evolves: Xatu,Open,
GAP-0108,Pokemon Stats.csv,180,1,Mareep,Evolution target and trigger,"Give each target an exact target ID and trigger condition (level, item, move, time, trade, or another explicit rule).",Evolves gives target names but no conditions; runtime evolution needs a target ID and a testable trigger.,Target ID; Method; Required Level/Item/Move/Time; Branch conditions,Evolves: Flaaffy,Open,
GAP-0109,Pokemon Stats.csv,181,1,Flaaffy,Evolution target and trigger,"Give each target an exact target ID and trigger condition (level, item, move, time, trade, or another explicit rule).",Evolves gives target names but no conditions; runtime evolution needs a target ID and a testable trigger.,Target ID; Method; Required Level/Item/Move/Time; Branch conditions,Evolves: Ampharos,Open,
GAP-0110,Pokemon Stats.csv,184,1,Marill,Evolution target and trigger,"Give each target an exact target ID and trigger condition (level, item, move, time, trade, or another explicit rule).",Evolves gives target names but no conditions; runtime evolution needs a target ID and a testable trigger.,Target ID; Method; Required Level/Item/Move/Time; Branch conditions,Evolves: Azumarill,Open,
GAP-0111,Pokemon Stats.csv,188,1,Hoppip,Evolution target and trigger,"Give each target an exact target ID and trigger condition (level, item, move, time, trade, or another explicit rule).",Evolves gives target names but no conditions; runtime evolution needs a target ID and a testable trigger.,Target ID; Method; Required Level/Item/Move/Time; Branch conditions,Evolves: Skiploom,Open,
GAP-0112,Pokemon Stats.csv,189,1,Skiploom,Evolution target and trigger,"Give each target an exact target ID and trigger condition (level, item, move, time, trade, or another explicit rule).",Evolves gives target names but no conditions; runtime evolution needs a target ID and a testable trigger.,Target ID; Method; Required Level/Item/Move/Time; Branch conditions,Evolves: Jumpluff,Open,
GAP-0113,Pokemon Stats.csv,191,1,Aipom,Evolution target and trigger,"Give each target an exact target ID and trigger condition (level, item, move, time, trade, or another explicit rule).",Evolves gives target names but no conditions; runtime evolution needs a target ID and a testable trigger.,Target ID; Method; Required Level/Item/Move/Time; Branch conditions,Evolves: Ambipom,Open,
GAP-0114,Pokemon Stats.csv,192,1,Sunkern,Evolution target and trigger,"Give each target an exact target ID and trigger condition (level, item, move, time, trade, or another explicit rule).",Evolves gives target names but no conditions; runtime evolution needs a target ID and a testable trigger.,Target ID; Method; Required Level/Item/Move/Time; Branch conditions,Evolves: Sunflora,Open,
GAP-0115,Pokemon Stats.csv,194,1,Yanma,Evolution target and trigger,"Give each target an exact target ID and trigger condition (level, item, move, time, trade, or another explicit rule).",Evolves gives target names but no conditions; runtime evolution needs a target ID and a testable trigger.,Target ID; Method; Required Level/Item/Move/Time; Branch conditions,Evolves: Yanmega,Open,
GAP-0116,Pokemon Stats.csv,195,1,Wooper,Evolution target and trigger,"Give each target an exact target ID and trigger condition (level, item, move, time, trade, or another explicit rule). This entry has branches, so provide one trigger per target.",Evolves gives target names but no conditions; runtime evolution needs a target ID and a testable trigger.,Target ID; Method; Required Level/Item/Move/Time; Branch conditions,Evolves: Quagsire; Clodsire,Open,
GAP-0117,Pokemon Stats.csv,199,1,Murkrow,Evolution target and trigger,"Give each target an exact target ID and trigger condition (level, item, move, time, trade, or another explicit rule).",Evolves gives target names but no conditions; runtime evolution needs a target ID and a testable trigger.,Target ID; Method; Required Level/Item/Move/Time; Branch conditions,Evolves: Honchkrow,Open,
GAP-0118,Pokemon Stats.csv,201,1,Misdreavus,Evolution target and trigger,"Give each target an exact target ID and trigger condition (level, item, move, time, trade, or another explicit rule).",Evolves gives target names but no conditions; runtime evolution needs a target ID and a testable trigger.,Target ID; Method; Required Level/Item/Move/Time; Branch conditions,Evolves: Mismagius,Open,
GAP-0119,Pokemon Stats.csv,204,1,Girafarig,Evolution target and trigger,"Give each target an exact target ID and trigger condition (level, item, move, time, trade, or another explicit rule).",Evolves gives target names but no conditions; runtime evolution needs a target ID and a testable trigger.,Target ID; Method; Required Level/Item/Move/Time; Branch conditions,Evolves: Farigiraf,Open,
GAP-0120,Pokemon Stats.csv,205,1,Pineco,Evolution target and trigger,"Give each target an exact target ID and trigger condition (level, item, move, time, trade, or another explicit rule).",Evolves gives target names but no conditions; runtime evolution needs a target ID and a testable trigger.,Target ID; Method; Required Level/Item/Move/Time; Branch conditions,Evolves: Forretress,Open,
GAP-0121,Pokemon Stats.csv,207,1,Dunsparce,Evolution target and trigger,"Give each target an exact target ID and trigger condition (level, item, move, time, trade, or another explicit rule). Resolve these labels to exact forms: Dudunsparce.",Evolves gives target names but no conditions; runtime evolution needs a target ID and a testable trigger.,Target ID; Method; Required Level/Item/Move/Time; Branch conditions,Evolves: Dudunsparce,Open,
GAP-0122,Pokemon Stats.csv,208,1,Gligar,Evolution target and trigger,"Give each target an exact target ID and trigger condition (level, item, move, time, trade, or another explicit rule).",Evolves gives target names but no conditions; runtime evolution needs a target ID and a testable trigger.,Target ID; Method; Required Level/Item/Move/Time; Branch conditions,Evolves: Gliscor,Open,
GAP-0123,Pokemon Stats.csv,210,1,Snubbull,Evolution target and trigger,"Give each target an exact target ID and trigger condition (level, item, move, time, trade, or another explicit rule).",Evolves gives target names but no conditions; runtime evolution needs a target ID and a testable trigger.,Target ID; Method; Required Level/Item/Move/Time; Branch conditions,Evolves: Granbull,Open,
GAP-0124,Pokemon Stats.csv,212,1,Qwilfish,Evolution target and trigger,"Give each target an exact target ID and trigger condition (level, item, move, time, trade, or another explicit rule).",Evolves gives target names but no conditions; runtime evolution needs a target ID and a testable trigger.,Target ID; Method; Required Level/Item/Move/Time; Branch conditions,Evolves: Overqwil,Open,
GAP-0125,Pokemon Stats.csv,216,1,Sneasel,Evolution target and trigger,"Give each target an exact target ID and trigger condition (level, item, move, time, trade, or another explicit rule). This entry has branches, so provide one trigger per target.",Evolves gives target names but no conditions; runtime evolution needs a target ID and a testable trigger.,Target ID; Method; Required Level/Item/Move/Time; Branch conditions,Evolves: Weavile; Sneasler,Open,
GAP-0126,Pokemon Stats.csv,217,1,Teddiursa,Evolution target and trigger,"Give each target an exact target ID and trigger condition (level, item, move, time, trade, or another explicit rule).",Evolves gives target names but no conditions; runtime evolution needs a target ID and a testable trigger.,Target ID; Method; Required Level/Item/Move/Time; Branch conditions,Evolves: Ursaring,Open,
GAP-0127,Pokemon Stats.csv,218,1,Ursaring,Evolution target and trigger,"Give each target an exact target ID and trigger condition (level, item, move, time, trade, or another explicit rule).",Evolves gives target names but no conditions; runtime evolution needs a target ID and a testable trigger.,Target ID; Method; Required Level/Item/Move/Time; Branch conditions,Evolves: Ursaluna,Open,
GAP-0128,Pokemon Stats.csv,219,1,Slugma,Evolution target and trigger,"Give each target an exact target ID and trigger condition (level, item, move, time, trade, or another explicit rule).",Evolves gives target names but no conditions; runtime evolution needs a target ID and a testable trigger.,Target ID; Method; Required Level/Item/Move/Time; Branch conditions,Evolves: Magcargo,Open,
GAP-0129,Pokemon Stats.csv,221,1,Swinub,Evolution target and trigger,"Give each target an exact target ID and trigger condition (level, item, move, time, trade, or another explicit rule).",Evolves gives target names but no conditions; runtime evolution needs a target ID and a testable trigger.,Target ID; Method; Required Level/Item/Move/Time; Branch conditions,Evolves: Piloswine,Open,
GAP-0130,Pokemon Stats.csv,222,1,Piloswine,Evolution target and trigger,"Give each target an exact target ID and trigger condition (level, item, move, time, trade, or another explicit rule).",Evolves gives target names but no conditions; runtime evolution needs a target ID and a testable trigger.,Target ID; Method; Required Level/Item/Move/Time; Branch conditions,Evolves: Mamoswine,Open,
GAP-0131,Pokemon Stats.csv,223,1,Corsola,Evolution target and trigger,"Give each target an exact target ID and trigger condition (level, item, move, time, trade, or another explicit rule).",Evolves gives target names but no conditions; runtime evolution needs a target ID and a testable trigger.,Target ID; Method; Required Level/Item/Move/Time; Branch conditions,Evolves: Cursola,Open,
GAP-0132,Pokemon Stats.csv,224,1,Remoraid,Evolution target and trigger,"Give each target an exact target ID and trigger condition (level, item, move, time, trade, or another explicit rule).",Evolves gives target names but no conditions; runtime evolution needs a target ID and a testable trigger.,Target ID; Method; Required Level/Item/Move/Time; Branch conditions,Evolves: Octillery,Open,
GAP-0133,Pokemon Stats.csv,229,1,Houndour,Evolution target and trigger,"Give each target an exact target ID and trigger condition (level, item, move, time, trade, or another explicit rule).",Evolves gives target names but no conditions; runtime evolution needs a target ID and a testable trigger.,Target ID; Method; Required Level/Item/Move/Time; Branch conditions,Evolves: Houndoom,Open,
GAP-0134,Pokemon Stats.csv,232,1,Phanpy,Evolution target and trigger,"Give each target an exact target ID and trigger condition (level, item, move, time, trade, or another explicit rule).",Evolves gives target names but no conditions; runtime evolution needs a target ID and a testable trigger.,Target ID; Method; Required Level/Item/Move/Time; Branch conditions,Evolves: Donphan,Open,
GAP-0135,Pokemon Stats.csv,234,1,Porygon2,Evolution target and trigger,"Give each target an exact target ID and trigger condition (level, item, move, time, trade, or another explicit rule).",Evolves gives target names but no conditions; runtime evolution needs a target ID and a testable trigger.,Target ID; Method; Required Level/Item/Move/Time; Branch conditions,Evolves: Porygon Z,Open,
GAP-0136,Pokemon Stats.csv,235,1,Stantler,Evolution target and trigger,"Give each target an exact target ID and trigger condition (level, item, move, time, trade, or another explicit rule).",Evolves gives target names but no conditions; runtime evolution needs a target ID and a testable trigger.,Target ID; Method; Required Level/Item/Move/Time; Branch conditions,Evolves: Wyrdeer,Open,
GAP-0137,Pokemon Stats.csv,237,1,Tyrogue,Evolution target and trigger,"Give each target an exact target ID and trigger condition (level, item, move, time, trade, or another explicit rule). This entry has branches, so provide one trigger per target.",Evolves gives target names but no conditions; runtime evolution needs a target ID and a testable trigger.,Target ID; Method; Required Level/Item/Move/Time; Branch conditions,Evolves: Hitmonlee; Hitmonchan; Hitmontop,Open,
GAP-0138,Pokemon Stats.csv,239,1,Smoochum,Evolution target and trigger,"Give each target an exact target ID and trigger condition (level, item, move, time, trade, or another explicit rule).",Evolves gives target names but no conditions; runtime evolution needs a target ID and a testable trigger.,Target ID; Method; Required Level/Item/Move/Time; Branch conditions,Evolves: Jynx,Open,
GAP-0139,Pokemon Stats.csv,240,1,Elekid,Evolution target and trigger,"Give each target an exact target ID and trigger condition (level, item, move, time, trade, or another explicit rule).",Evolves gives target names but no conditions; runtime evolution needs a target ID and a testable trigger.,Target ID; Method; Required Level/Item/Move/Time; Branch conditions,Evolves: Electabuzz,Open,
GAP-0140,Pokemon Stats.csv,241,1,Magby,Evolution target and trigger,"Give each target an exact target ID and trigger condition (level, item, move, time, trade, or another explicit rule).",Evolves gives target names but no conditions; runtime evolution needs a target ID and a testable trigger.,Target ID; Method; Required Level/Item/Move/Time; Branch conditions,Evolves: Magmar,Open,
GAP-0141,Pokemon Stats.csv,247,1,Larvitar,Evolution target and trigger,"Give each target an exact target ID and trigger condition (level, item, move, time, trade, or another explicit rule).",Evolves gives target names but no conditions; runtime evolution needs a target ID and a testable trigger.,Target ID; Method; Required Level/Item/Move/Time; Branch conditions,Evolves: Pupitar,Open,
GAP-0142,Pokemon Stats.csv,248,1,Pupitar,Evolution target and trigger,"Give each target an exact target ID and trigger condition (level, item, move, time, trade, or another explicit rule).",Evolves gives target names but no conditions; runtime evolution needs a target ID and a testable trigger.,Target ID; Method; Required Level/Item/Move/Time; Branch conditions,Evolves: Tyranitar,Open,
GAP-0143,Pokemon Stats.csv,253,1,Treecko,Evolution target and trigger,"Give each target an exact target ID and trigger condition (level, item, move, time, trade, or another explicit rule).",Evolves gives target names but no conditions; runtime evolution needs a target ID and a testable trigger.,Target ID; Method; Required Level/Item/Move/Time; Branch conditions,Evolves: Grovyle,Open,
GAP-0144,Pokemon Stats.csv,254,1,Grovyle,Evolution target and trigger,"Give each target an exact target ID and trigger condition (level, item, move, time, trade, or another explicit rule).",Evolves gives target names but no conditions; runtime evolution needs a target ID and a testable trigger.,Target ID; Method; Required Level/Item/Move/Time; Branch conditions,Evolves: Sceptile,Open,
GAP-0145,Pokemon Stats.csv,256,1,Torchic,Evolution target and trigger,"Give each target an exact target ID and trigger condition (level, item, move, time, trade, or another explicit rule).",Evolves gives target names but no conditions; runtime evolution needs a target ID and a testable trigger.,Target ID; Method; Required Level/Item/Move/Time; Branch conditions,Evolves: Combusken,Open,
GAP-0146,Pokemon Stats.csv,257,1,Combusken,Evolution target and trigger,"Give each target an exact target ID and trigger condition (level, item, move, time, trade, or another explicit rule).",Evolves gives target names but no conditions; runtime evolution needs a target ID and a testable trigger.,Target ID; Method; Required Level/Item/Move/Time; Branch conditions,Evolves: Blaziken,Open,
GAP-0147,Pokemon Stats.csv,259,1,Mudkip,Evolution target and trigger,"Give each target an exact target ID and trigger condition (level, item, move, time, trade, or another explicit rule).",Evolves gives target names but no conditions; runtime evolution needs a target ID and a testable trigger.,Target ID; Method; Required Level/Item/Move/Time; Branch conditions,Evolves: Marshtomp,Open,
GAP-0148,Pokemon Stats.csv,260,1,Marshtomp,Evolution target and trigger,"Give each target an exact target ID and trigger condition (level, item, move, time, trade, or another explicit rule).",Evolves gives target names but no conditions; runtime evolution needs a target ID and a testable trigger.,Target ID; Method; Required Level/Item/Move/Time; Branch conditions,Evolves: Swampert,Open,
GAP-0149,Pokemon Stats.csv,262,1,Poochyena,Evolution target and trigger,"Give each target an exact target ID and trigger condition (level, item, move, time, trade, or another explicit rule).",Evolves gives target names but no conditions; runtime evolution needs a target ID and a testable trigger.,Target ID; Method; Required Level/Item/Move/Time; Branch conditions,Evolves: Mightyena,Open,
GAP-0150,Pokemon Stats.csv,264,1,Zigzagoon,Evolution target and trigger,"Give each target an exact target ID and trigger condition (level, item, move, time, trade, or another explicit rule).",Evolves gives target names but no conditions; runtime evolution needs a target ID and a testable trigger.,Target ID; Method; Required Level/Item/Move/Time; Branch conditions,Evolves: Linoone,Open,
GAP-0151,Pokemon Stats.csv,265,1,Linoone,Evolution target and trigger,"Give each target an exact target ID and trigger condition (level, item, move, time, trade, or another explicit rule).",Evolves gives target names but no conditions; runtime evolution needs a target ID and a testable trigger.,Target ID; Method; Required Level/Item/Move/Time; Branch conditions,Evolves: Obstagoon,Open,
GAP-0152,Pokemon Stats.csv,266,1,Wurmple,Evolution target and trigger,"Give each target an exact target ID and trigger condition (level, item, move, time, trade, or another explicit rule). This entry has branches, so provide one trigger per target.",Evolves gives target names but no conditions; runtime evolution needs a target ID and a testable trigger.,Target ID; Method; Required Level/Item/Move/Time; Branch conditions,Evolves: Silcoon; Cascoon,Open,
GAP-0153,Pokemon Stats.csv,267,1,Silcoon,Evolution target and trigger,"Give each target an exact target ID and trigger condition (level, item, move, time, trade, or another explicit rule).",Evolves gives target names but no conditions; runtime evolution needs a target ID and a testable trigger.,Target ID; Method; Required Level/Item/Move/Time; Branch conditions,Evolves: Beautifly,Open,
GAP-0154,Pokemon Stats.csv,269,1,Cascoon,Evolution target and trigger,"Give each target an exact target ID and trigger condition (level, item, move, time, trade, or another explicit rule).",Evolves gives target names but no conditions; runtime evolution needs a target ID and a testable trigger.,Target ID; Method; Required Level/Item/Move/Time; Branch conditions,Evolves: Dustox,Open,
GAP-0155,Pokemon Stats.csv,271,1,Lotad,Evolution target and trigger,"Give each target an exact target ID and trigger condition (level, item, move, time, trade, or another explicit rule).",Evolves gives target names but no conditions; runtime evolution needs a target ID and a testable trigger.,Target ID; Method; Required Level/Item/Move/Time; Branch conditions,Evolves: Lombre,Open,
GAP-0156,Pokemon Stats.csv,272,1,Lombre,Evolution target and trigger,"Give each target an exact target ID and trigger condition (level, item, move, time, trade, or another explicit rule).",Evolves gives target names but no conditions; runtime evolution needs a target ID and a testable trigger.,Target ID; Method; Required Level/Item/Move/Time; Branch conditions,Evolves: Ludicolo,Open,
GAP-0157,Pokemon Stats.csv,274,1,Seedot,Evolution target and trigger,"Give each target an exact target ID and trigger condition (level, item, move, time, trade, or another explicit rule).",Evolves gives target names but no conditions; runtime evolution needs a target ID and a testable trigger.,Target ID; Method; Required Level/Item/Move/Time; Branch conditions,Evolves: Nuzleaf,Open,
GAP-0158,Pokemon Stats.csv,275,1,Nuzleaf,Evolution target and trigger,"Give each target an exact target ID and trigger condition (level, item, move, time, trade, or another explicit rule).",Evolves gives target names but no conditions; runtime evolution needs a target ID and a testable trigger.,Target ID; Method; Required Level/Item/Move/Time; Branch conditions,Evolves: Shiftry,Open,
GAP-0159,Pokemon Stats.csv,277,1,Taillow,Evolution target and trigger,"Give each target an exact target ID and trigger condition (level, item, move, time, trade, or another explicit rule).",Evolves gives target names but no conditions; runtime evolution needs a target ID and a testable trigger.,Target ID; Method; Required Level/Item/Move/Time; Branch conditions,Evolves: Swellow,Open,
GAP-0160,Pokemon Stats.csv,279,1,Wingull,Evolution target and trigger,"Give each target an exact target ID and trigger condition (level, item, move, time, trade, or another explicit rule).",Evolves gives target names but no conditions; runtime evolution needs a target ID and a testable trigger.,Target ID; Method; Required Level/Item/Move/Time; Branch conditions,Evolves: Pelipper,Open,
GAP-0161,Pokemon Stats.csv,281,1,Ralts,Evolution target and trigger,"Give each target an exact target ID and trigger condition (level, item, move, time, trade, or another explicit rule).",Evolves gives target names but no conditions; runtime evolution needs a target ID and a testable trigger.,Target ID; Method; Required Level/Item/Move/Time; Branch conditions,Evolves: Kirlia,Open,
GAP-0162,Pokemon Stats.csv,282,1,Kirlia,Evolution target and trigger,"Give each target an exact target ID and trigger condition (level, item, move, time, trade, or another explicit rule). This entry has branches, so provide one trigger per target.",Evolves gives target names but no conditions; runtime evolution needs a target ID and a testable trigger.,Target ID; Method; Required Level/Item/Move/Time; Branch conditions,Evolves: Gardevoir; Gallade,Open,
GAP-0163,Pokemon Stats.csv,284,1,Surskit,Evolution target and trigger,"Give each target an exact target ID and trigger condition (level, item, move, time, trade, or another explicit rule).",Evolves gives target names but no conditions; runtime evolution needs a target ID and a testable trigger.,Target ID; Method; Required Level/Item/Move/Time; Branch conditions,Evolves: Masquerain,Open,
GAP-0164,Pokemon Stats.csv,286,1,Shroomish,Evolution target and trigger,"Give each target an exact target ID and trigger condition (level, item, move, time, trade, or another explicit rule).",Evolves gives target names but no conditions; runtime evolution needs a target ID and a testable trigger.,Target ID; Method; Required Level/Item/Move/Time; Branch conditions,Evolves: Breloom,Open,
GAP-0165,Pokemon Stats.csv,288,1,Slakoth,Evolution target and trigger,"Give each target an exact target ID and trigger condition (level, item, move, time, trade, or another explicit rule).",Evolves gives target names but no conditions; runtime evolution needs a target ID and a testable trigger.,Target ID; Method; Required Level/Item/Move/Time; Branch conditions,Evolves: Vigoroth,Open,
GAP-0166,Pokemon Stats.csv,289,1,Vigoroth,Evolution target and trigger,"Give each target an exact target ID and trigger condition (level, item, move, time, trade, or another explicit rule).",Evolves gives target names but no conditions; runtime evolution needs a target ID and a testable trigger.,Target ID; Method; Required Level/Item/Move/Time; Branch conditions,Evolves: Slaking,Open,
GAP-0167,Pokemon Stats.csv,291,1,Nincada,Evolution target and trigger,"Give each target an exact target ID and trigger condition (level, item, move, time, trade, or another explicit rule). This entry has branches, so provide one trigger per target.",Evolves gives target names but no conditions; runtime evolution needs a target ID and a testable trigger.,Target ID; Method; Required Level/Item/Move/Time; Branch conditions,Evolves: Ninjask; Shedinja,Open,
GAP-0168,Pokemon Stats.csv,294,1,Whismur,Evolution target and trigger,"Give each target an exact target ID and trigger condition (level, item, move, time, trade, or another explicit rule).",Evolves gives target names but no conditions; runtime evolution needs a target ID and a testable trigger.,Target ID; Method; Required Level/Item/Move/Time; Branch conditions,Evolves: Loudred,Open,
GAP-0169,Pokemon Stats.csv,295,1,Loudred,Evolution target and trigger,"Give each target an exact target ID and trigger condition (level, item, move, time, trade, or another explicit rule).",Evolves gives target names but no conditions; runtime evolution needs a target ID and a testable trigger.,Target ID; Method; Required Level/Item/Move/Time; Branch conditions,Evolves: Exploud,Open,
GAP-0170,Pokemon Stats.csv,297,1,Makuhita,Evolution target and trigger,"Give each target an exact target ID and trigger condition (level, item, move, time, trade, or another explicit rule).",Evolves gives target names but no conditions; runtime evolution needs a target ID and a testable trigger.,Target ID; Method; Required Level/Item/Move/Time; Branch conditions,Evolves: Hariyama,Open,
GAP-0171,Pokemon Stats.csv,299,1,Azurill,Evolution target and trigger,"Give each target an exact target ID and trigger condition (level, item, move, time, trade, or another explicit rule).",Evolves gives target names but no conditions; runtime evolution needs a target ID and a testable trigger.,Target ID; Method; Required Level/Item/Move/Time; Branch conditions,Evolves: Marill,Open,
GAP-0172,Pokemon Stats.csv,300,1,Nosepass,Evolution target and trigger,"Give each target an exact target ID and trigger condition (level, item, move, time, trade, or another explicit rule).",Evolves gives target names but no conditions; runtime evolution needs a target ID and a testable trigger.,Target ID; Method; Required Level/Item/Move/Time; Branch conditions,Evolves: Probopass,Open,
GAP-0173,Pokemon Stats.csv,301,1,Skitty,Evolution target and trigger,"Give each target an exact target ID and trigger condition (level, item, move, time, trade, or another explicit rule).",Evolves gives target names but no conditions; runtime evolution needs a target ID and a testable trigger.,Target ID; Method; Required Level/Item/Move/Time; Branch conditions,Evolves: Delcatty,Open,
GAP-0174,Pokemon Stats.csv,305,1,Aron,Evolution target and trigger,"Give each target an exact target ID and trigger condition (level, item, move, time, trade, or another explicit rule).",Evolves gives target names but no conditions; runtime evolution needs a target ID and a testable trigger.,Target ID; Method; Required Level/Item/Move/Time; Branch conditions,Evolves: Lairon,Open,
GAP-0175,Pokemon Stats.csv,306,1,Lairon,Evolution target and trigger,"Give each target an exact target ID and trigger condition (level, item, move, time, trade, or another explicit rule).",Evolves gives target names but no conditions; runtime evolution needs a target ID and a testable trigger.,Target ID; Method; Required Level/Item/Move/Time; Branch conditions,Evolves: Aggron,Open,
GAP-0176,Pokemon Stats.csv,308,1,Meditite,Evolution target and trigger,"Give each target an exact target ID and trigger condition (level, item, move, time, trade, or another explicit rule).",Evolves gives target names but no conditions; runtime evolution needs a target ID and a testable trigger.,Target ID; Method; Required Level/Item/Move/Time; Branch conditions,Evolves: Medicham,Open,
GAP-0177,Pokemon Stats.csv,310,1,Electrike,Evolution target and trigger,"Give each target an exact target ID and trigger condition (level, item, move, time, trade, or another explicit rule).",Evolves gives target names but no conditions; runtime evolution needs a target ID and a testable trigger.,Target ID; Method; Required Level/Item/Move/Time; Branch conditions,Evolves: Manectric,Open,
GAP-0178,Pokemon Stats.csv,316,1,Roselia,Evolution target and trigger,"Give each target an exact target ID and trigger condition (level, item, move, time, trade, or another explicit rule).",Evolves gives target names but no conditions; runtime evolution needs a target ID and a testable trigger.,Target ID; Method; Required Level/Item/Move/Time; Branch conditions,Evolves: Roserade,Open,
GAP-0179,Pokemon Stats.csv,317,1,Gulpin,Evolution target and trigger,"Give each target an exact target ID and trigger condition (level, item, move, time, trade, or another explicit rule).",Evolves gives target names but no conditions; runtime evolution needs a target ID and a testable trigger.,Target ID; Method; Required Level/Item/Move/Time; Branch conditions,Evolves: Swalot,Open,
GAP-0180,Pokemon Stats.csv,319,1,Carvanha,Evolution target and trigger,"Give each target an exact target ID and trigger condition (level, item, move, time, trade, or another explicit rule).",Evolves gives target names but no conditions; runtime evolution needs a target ID and a testable trigger.,Target ID; Method; Required Level/Item/Move/Time; Branch conditions,Evolves: Sharpedo,Open,
GAP-0181,Pokemon Stats.csv,321,1,Wailmer,Evolution target and trigger,"Give each target an exact target ID and trigger condition (level, item, move, time, trade, or another explicit rule).",Evolves gives target names but no conditions; runtime evolution needs a target ID and a testable trigger.,Target ID; Method; Required Level/Item/Move/Time; Branch conditions,Evolves: Wailord,Open,
GAP-0182,Pokemon Stats.csv,323,1,Numel,Evolution target and trigger,"Give each target an exact target ID and trigger condition (level, item, move, time, trade, or another explicit rule).",Evolves gives target names but no conditions; runtime evolution needs a target ID and a testable trigger.,Target ID; Method; Required Level/Item/Move/Time; Branch conditions,Evolves: Camerupt,Open,
GAP-0183,Pokemon Stats.csv,326,1,Spoink,Evolution target and trigger,"Give each target an exact target ID and trigger condition (level, item, move, time, trade, or another explicit rule).",Evolves gives target names but no conditions; runtime evolution needs a target ID and a testable trigger.,Target ID; Method; Required Level/Item/Move/Time; Branch conditions,Evolves: Grumpig,Open,
GAP-0184,Pokemon Stats.csv,329,1,Trapinch,Evolution target and trigger,"Give each target an exact target ID and trigger condition (level, item, move, time, trade, or another explicit rule).",Evolves gives target names but no conditions; runtime evolution needs a target ID and a testable trigger.,Target ID; Method; Required Level/Item/Move/Time; Branch conditions,Evolves: Vibrava,Open,
GAP-0185,Pokemon Stats.csv,330,1,Vibrava,Evolution target and trigger,"Give each target an exact target ID and trigger condition (level, item, move, time, trade, or another explicit rule).",Evolves gives target names but no conditions; runtime evolution needs a target ID and a testable trigger.,Target ID; Method; Required Level/Item/Move/Time; Branch conditions,Evolves: Flygon,Open,
GAP-0186,Pokemon Stats.csv,332,1,Cacnea,Evolution target and trigger,"Give each target an exact target ID and trigger condition (level, item, move, time, trade, or another explicit rule).",Evolves gives target names but no conditions; runtime evolution needs a target ID and a testable trigger.,Target ID; Method; Required Level/Item/Move/Time; Branch conditions,Evolves: Cacturne,Open,
GAP-0187,Pokemon Stats.csv,334,1,Swablu,Evolution target and trigger,"Give each target an exact target ID and trigger condition (level, item, move, time, trade, or another explicit rule).",Evolves gives target names but no conditions; runtime evolution needs a target ID and a testable trigger.,Target ID; Method; Required Level/Item/Move/Time; Branch conditions,Evolves: Altaria,Open,
GAP-0188,Pokemon Stats.csv,340,1,Barboach,Evolution target and trigger,"Give each target an exact target ID and trigger condition (level, item, move, time, trade, or another explicit rule).",Evolves gives target names but no conditions; runtime evolution needs a target ID and a testable trigger.,Target ID; Method; Required Level/Item/Move/Time; Branch conditions,Evolves: Whiscash,Open,
GAP-0189,Pokemon Stats.csv,342,1,Corphish,Evolution target and trigger,"Give each target an exact target ID and trigger condition (level, item, move, time, trade, or another explicit rule).",Evolves gives target names but no conditions; runtime evolution needs a target ID and a testable trigger.,Target ID; Method; Required Level/Item/Move/Time; Branch conditions,Evolves: Crawdaunt,Open,
GAP-0190,Pokemon Stats.csv,344,1,Baltoy,Evolution target and trigger,"Give each target an exact target ID and trigger condition (level, item, move, time, trade, or another explicit rule).",Evolves gives target names but no conditions; runtime evolution needs a target ID and a testable trigger.,Target ID; Method; Required Level/Item/Move/Time; Branch conditions,Evolves: Claydol,Open,
GAP-0191,Pokemon Stats.csv,346,1,Lileep,Evolution target and trigger,"Give each target an exact target ID and trigger condition (level, item, move, time, trade, or another explicit rule).",Evolves gives target names but no conditions; runtime evolution needs a target ID and a testable trigger.,Target ID; Method; Required Level/Item/Move/Time; Branch conditions,Evolves: Cradily,Open,
GAP-0192,Pokemon Stats.csv,348,1,Anorith,Evolution target and trigger,"Give each target an exact target ID and trigger condition (level, item, move, time, trade, or another explicit rule).",Evolves gives target names but no conditions; runtime evolution needs a target ID and a testable trigger.,Target ID; Method; Required Level/Item/Move/Time; Branch conditions,Evolves: Armaldo,Open,
GAP-0193,Pokemon Stats.csv,350,1,Feebas,Evolution target and trigger,"Give each target an exact target ID and trigger condition (level, item, move, time, trade, or another explicit rule).",Evolves gives target names but no conditions; runtime evolution needs a target ID and a testable trigger.,Target ID; Method; Required Level/Item/Move/Time; Branch conditions,Evolves: Milotic,Open,
GAP-0194,Pokemon Stats.csv,354,1,Shuppet,Evolution target and trigger,"Give each target an exact target ID and trigger condition (level, item, move, time, trade, or another explicit rule).",Evolves gives target names but no conditions; runtime evolution needs a target ID and a testable trigger.,Target ID; Method; Required Level/Item/Move/Time; Branch conditions,Evolves: Banette,Open,
GAP-0195,Pokemon Stats.csv,356,1,Duskull,Evolution target and trigger,"Give each target an exact target ID and trigger condition (level, item, move, time, trade, or another explicit rule).",Evolves gives target names but no conditions; runtime evolution needs a target ID and a testable trigger.,Target ID; Method; Required Level/Item/Move/Time; Branch conditions,Evolves: Dusclops,Open,
GAP-0196,Pokemon Stats.csv,357,1,Dusclops,Evolution target and trigger,"Give each target an exact target ID and trigger condition (level, item, move, time, trade, or another explicit rule).",Evolves gives target names but no conditions; runtime evolution needs a target ID and a testable trigger.,Target ID; Method; Required Level/Item/Move/Time; Branch conditions,Evolves: Dusknoir,Open,
GAP-0197,Pokemon Stats.csv,361,1,Wynaut,Evolution target and trigger,"Give each target an exact target ID and trigger condition (level, item, move, time, trade, or another explicit rule).",Evolves gives target names but no conditions; runtime evolution needs a target ID and a testable trigger.,Target ID; Method; Required Level/Item/Move/Time; Branch conditions,Evolves: Wobbuffet,Open,
GAP-0198,Pokemon Stats.csv,362,1,Snorunt,Evolution target and trigger,"Give each target an exact target ID and trigger condition (level, item, move, time, trade, or another explicit rule). This entry has branches, so provide one trigger per target.",Evolves gives target names but no conditions; runtime evolution needs a target ID and a testable trigger.,Target ID; Method; Required Level/Item/Move/Time; Branch conditions,Evolves: Glalie; Froslass,Open,
GAP-0199,Pokemon Stats.csv,364,1,Spheal,Evolution target and trigger,"Give each target an exact target ID and trigger condition (level, item, move, time, trade, or another explicit rule).",Evolves gives target names but no conditions; runtime evolution needs a target ID and a testable trigger.,Target ID; Method; Required Level/Item/Move/Time; Branch conditions,Evolves: Sealeo,Open,
GAP-0200,Pokemon Stats.csv,365,1,Sealeo,Evolution target and trigger,"Give each target an exact target ID and trigger condition (level, item, move, time, trade, or another explicit rule).",Evolves gives target names but no conditions; runtime evolution needs a target ID and a testable trigger.,Target ID; Method; Required Level/Item/Move/Time; Branch conditions,Evolves: Walrein,Open,
GAP-0201,Pokemon Stats.csv,367,1,Clamperl,Evolution target and trigger,"Give each target an exact target ID and trigger condition (level, item, move, time, trade, or another explicit rule). This entry has branches, so provide one trigger per target.",Evolves gives target names but no conditions; runtime evolution needs a target ID and a testable trigger.,Target ID; Method; Required Level/Item/Move/Time; Branch conditions,Evolves: Huntail; Gorebyss,Open,
GAP-0202,Pokemon Stats.csv,372,1,Bagon,Evolution target and trigger,"Give each target an exact target ID and trigger condition (level, item, move, time, trade, or another explicit rule).",Evolves gives target names but no conditions; runtime evolution needs a target ID and a testable trigger.,Target ID; Method; Required Level/Item/Move/Time; Branch conditions,Evolves: Shelgon,Open,
GAP-0203,Pokemon Stats.csv,373,1,Shelgon,Evolution target and trigger,"Give each target an exact target ID and trigger condition (level, item, move, time, trade, or another explicit rule).",Evolves gives target names but no conditions; runtime evolution needs a target ID and a testable trigger.,Target ID; Method; Required Level/Item/Move/Time; Branch conditions,Evolves: Salamence,Open,
GAP-0204,Pokemon Stats.csv,375,1,Beldum,Evolution target and trigger,"Give each target an exact target ID and trigger condition (level, item, move, time, trade, or another explicit rule).",Evolves gives target names but no conditions; runtime evolution needs a target ID and a testable trigger.,Target ID; Method; Required Level/Item/Move/Time; Branch conditions,Evolves: Metang,Open,
GAP-0205,Pokemon Stats.csv,376,1,Metang,Evolution target and trigger,"Give each target an exact target ID and trigger condition (level, item, move, time, trade, or another explicit rule).",Evolves gives target names but no conditions; runtime evolution needs a target ID and a testable trigger.,Target ID; Method; Required Level/Item/Move/Time; Branch conditions,Evolves: Metagross,Open,
GAP-0206,Pokemon Stats.csv,387,1,Deoxys Normal [0386 (normal)],Form origin and behavior,"Classify as a permanent form, selectable variant, or temporary battle form. For transformations, give base ID, trigger, duration, and reversion.",The suffixed key identifies a row but not how the form is obtained or whether it is selectable.,Form Kind; Base ID; Activation; Duration; Reversion; Availability,Dex key: 0386 (normal); Type: Psychic,Open,
GAP-0207,Pokemon Stats.csv,388,1,Turtwig,Evolution target and trigger,"Give each target an exact target ID and trigger condition (level, item, move, time, trade, or another explicit rule).",Evolves gives target names but no conditions; runtime evolution needs a target ID and a testable trigger.,Target ID; Method; Required Level/Item/Move/Time; Branch conditions,Evolves: Grotle,Open,
GAP-0208,Pokemon Stats.csv,389,1,Grotle,Evolution target and trigger,"Give each target an exact target ID and trigger condition (level, item, move, time, trade, or another explicit rule).",Evolves gives target names but no conditions; runtime evolution needs a target ID and a testable trigger.,Target ID; Method; Required Level/Item/Move/Time; Branch conditions,Evolves: Torterra,Open,
GAP-0209,Pokemon Stats.csv,391,1,Chimchar,Evolution target and trigger,"Give each target an exact target ID and trigger condition (level, item, move, time, trade, or another explicit rule).",Evolves gives target names but no conditions; runtime evolution needs a target ID and a testable trigger.,Target ID; Method; Required Level/Item/Move/Time; Branch conditions,Evolves: Monferno,Open,
GAP-0210,Pokemon Stats.csv,392,1,Monferno,Evolution target and trigger,"Give each target an exact target ID and trigger condition (level, item, move, time, trade, or another explicit rule).",Evolves gives target names but no conditions; runtime evolution needs a target ID and a testable trigger.,Target ID; Method; Required Level/Item/Move/Time; Branch conditions,Evolves: Infernape,Open,
GAP-0211,Pokemon Stats.csv,394,1,Piplup,Evolution target and trigger,"Give each target an exact target ID and trigger condition (level, item, move, time, trade, or another explicit rule).",Evolves gives target names but no conditions; runtime evolution needs a target ID and a testable trigger.,Target ID; Method; Required Level/Item/Move/Time; Branch conditions,Evolves: Prinplup,Open,
GAP-0212,Pokemon Stats.csv,395,1,Prinplup,Evolution target and trigger,"Give each target an exact target ID and trigger condition (level, item, move, time, trade, or another explicit rule).",Evolves gives target names but no conditions; runtime evolution needs a target ID and a testable trigger.,Target ID; Method; Required Level/Item/Move/Time; Branch conditions,Evolves: Empoleon,Open,
GAP-0213,Pokemon Stats.csv,397,1,Starly,Evolution target and trigger,"Give each target an exact target ID and trigger condition (level, item, move, time, trade, or another explicit rule).",Evolves gives target names but no conditions; runtime evolution needs a target ID and a testable trigger.,Target ID; Method; Required Level/Item/Move/Time; Branch conditions,Evolves: Staravia,Open,
GAP-0214,Pokemon Stats.csv,398,1,Staravia,Evolution target and trigger,"Give each target an exact target ID and trigger condition (level, item, move, time, trade, or another explicit rule).",Evolves gives target names but no conditions; runtime evolution needs a target ID and a testable trigger.,Target ID; Method; Required Level/Item/Move/Time; Branch conditions,Evolves: Staraptor,Open,
GAP-0215,Pokemon Stats.csv,400,1,Bidoof,Evolution target and trigger,"Give each target an exact target ID and trigger condition (level, item, move, time, trade, or another explicit rule).",Evolves gives target names but no conditions; runtime evolution needs a target ID and a testable trigger.,Target ID; Method; Required Level/Item/Move/Time; Branch conditions,Evolves: Bibarel,Open,
GAP-0216,Pokemon Stats.csv,402,1,Kricketot,Evolution target and trigger,"Give each target an exact target ID and trigger condition (level, item, move, time, trade, or another explicit rule).",Evolves gives target names but no conditions; runtime evolution needs a target ID and a testable trigger.,Target ID; Method; Required Level/Item/Move/Time; Branch conditions,Evolves: Kricketune,Open,
GAP-0217,Pokemon Stats.csv,404,1,Shinx,Evolution target and trigger,"Give each target an exact target ID and trigger condition (level, item, move, time, trade, or another explicit rule).",Evolves gives target names but no conditions; runtime evolution needs a target ID and a testable trigger.,Target ID; Method; Required Level/Item/Move/Time; Branch conditions,Evolves: Luxio,Open,
GAP-0218,Pokemon Stats.csv,405,1,Luxio,Evolution target and trigger,"Give each target an exact target ID and trigger condition (level, item, move, time, trade, or another explicit rule).",Evolves gives target names but no conditions; runtime evolution needs a target ID and a testable trigger.,Target ID; Method; Required Level/Item/Move/Time; Branch conditions,Evolves: Luxray,Open,
GAP-0219,Pokemon Stats.csv,407,1,Budew,Evolution target and trigger,"Give each target an exact target ID and trigger condition (level, item, move, time, trade, or another explicit rule).",Evolves gives target names but no conditions; runtime evolution needs a target ID and a testable trigger.,Target ID; Method; Required Level/Item/Move/Time; Branch conditions,Evolves: Roselia,Open,
GAP-0220,Pokemon Stats.csv,409,1,Cranidos,Evolution target and trigger,"Give each target an exact target ID and trigger condition (level, item, move, time, trade, or another explicit rule).",Evolves gives target names but no conditions; runtime evolution needs a target ID and a testable trigger.,Target ID; Method; Required Level/Item/Move/Time; Branch conditions,Evolves: Rampardos,Open,
GAP-0221,Pokemon Stats.csv,411,1,Shieldon,Evolution target and trigger,"Give each target an exact target ID and trigger condition (level, item, move, time, trade, or another explicit rule).",Evolves gives target names but no conditions; runtime evolution needs a target ID and a testable trigger.,Target ID; Method; Required Level/Item/Move/Time; Branch conditions,Evolves: Bastiodon,Open,
GAP-0222,Pokemon Stats.csv,413,1,Burmy,Evolution target and trigger,"Give each target an exact target ID and trigger condition (level, item, move, time, trade, or another explicit rule). This entry has branches, so provide one trigger per target. Resolve these labels to exact forms: Wormadam.",Evolves gives target names but no conditions; runtime evolution needs a target ID and a testable trigger.,Target ID; Method; Required Level/Item/Move/Time; Branch conditions,Evolves: Wormadam; Mothim,Open,
GAP-0223,Pokemon Stats.csv,414,1,Wormadam Plant [0413 (plant)],Form origin and behavior,"Classify as a permanent form, selectable variant, or temporary battle form. For transformations, give base ID, trigger, duration, and reversion.",The suffixed key identifies a row but not how the form is obtained or whether it is selectable.,Form Kind; Base ID; Activation; Duration; Reversion; Availability,Dex key: 0413 (plant); Type: Bug / Grass,Open,
GAP-0224,Pokemon Stats.csv,416,1,Combee,Evolution target and trigger,"Give each target an exact target ID and trigger condition (level, item, move, time, trade, or another explicit rule).",Evolves gives target names but no conditions; runtime evolution needs a target ID and a testable trigger.,Target ID; Method; Required Level/Item/Move/Time; Branch conditions,Evolves: Vespiquen,Open,
GAP-0225,Pokemon Stats.csv,419,1,Buizel,Evolution target and trigger,"Give each target an exact target ID and trigger condition (level, item, move, time, trade, or another explicit rule).",Evolves gives target names but no conditions; runtime evolution needs a target ID and a testable trigger.,Target ID; Method; Required Level/Item/Move/Time; Branch conditions,Evolves: Floatzel,Open,
GAP-0226,Pokemon Stats.csv,421,1,Cherubi,Evolution target and trigger,"Give each target an exact target ID and trigger condition (level, item, move, time, trade, or another explicit rule).",Evolves gives target names but no conditions; runtime evolution needs a target ID and a testable trigger.,Target ID; Method; Required Level/Item/Move/Time; Branch conditions,Evolves: Cherrim,Open,
GAP-0227,Pokemon Stats.csv,423,1,Shellos,Evolution target and trigger,"Give each target an exact target ID and trigger condition (level, item, move, time, trade, or another explicit rule).",Evolves gives target names but no conditions; runtime evolution needs a target ID and a testable trigger.,Target ID; Method; Required Level/Item/Move/Time; Branch conditions,Evolves: Gastrodon,Open,
GAP-0228,Pokemon Stats.csv,426,1,Drifloon,Evolution target and trigger,"Give each target an exact target ID and trigger condition (level, item, move, time, trade, or another explicit rule).",Evolves gives target names but no conditions; runtime evolution needs a target ID and a testable trigger.,Target ID; Method; Required Level/Item/Move/Time; Branch conditions,Evolves: Drifblim,Open,
GAP-0229,Pokemon Stats.csv,428,1,Buneary,Evolution target and trigger,"Give each target an exact target ID and trigger condition (level, item, move, time, trade, or another explicit rule).",Evolves gives target names but no conditions; runtime evolution needs a target ID and a testable trigger.,Target ID; Method; Required Level/Item/Move/Time; Branch conditions,Evolves: Lopunny,Open,
GAP-0230,Pokemon Stats.csv,432,1,Glameow,Evolution target and trigger,"Give each target an exact target ID and trigger condition (level, item, move, time, trade, or another explicit rule).",Evolves gives target names but no conditions; runtime evolution needs a target ID and a testable trigger.,Target ID; Method; Required Level/Item/Move/Time; Branch conditions,Evolves: Purugly,Open,
GAP-0231,Pokemon Stats.csv,434,1,Chingling,Evolution target and trigger,"Give each target an exact target ID and trigger condition (level, item, move, time, trade, or another explicit rule).",Evolves gives target names but no conditions; runtime evolution needs a target ID and a testable trigger.,Target ID; Method; Required Level/Item/Move/Time; Branch conditions,Evolves: Chimecho,Open,
GAP-0232,Pokemon Stats.csv,435,1,Stunky,Evolution target and trigger,"Give each target an exact target ID and trigger condition (level, item, move, time, trade, or another explicit rule).",Evolves gives target names but no conditions; runtime evolution needs a target ID and a testable trigger.,Target ID; Method; Required Level/Item/Move/Time; Branch conditions,Evolves: Skuntank,Open,
GAP-0233,Pokemon Stats.csv,437,1,Bronzor,Evolution target and trigger,"Give each target an exact target ID and trigger condition (level, item, move, time, trade, or another explicit rule).",Evolves gives target names but no conditions; runtime evolution needs a target ID and a testable trigger.,Target ID; Method; Required Level/Item/Move/Time; Branch conditions,Evolves: Bronzong,Open,
GAP-0234,Pokemon Stats.csv,439,1,Bonsly,Evolution target and trigger,"Give each target an exact target ID and trigger condition (level, item, move, time, trade, or another explicit rule).",Evolves gives target names but no conditions; runtime evolution needs a target ID and a testable trigger.,Target ID; Method; Required Level/Item/Move/Time; Branch conditions,Evolves: Sudowoodo,Open,
GAP-0235,Pokemon Stats.csv,440,1,Mime Jr..,Evolution target and trigger,"Give each target an exact target ID and trigger condition (level, item, move, time, trade, or another explicit rule).",Evolves gives target names but no conditions; runtime evolution needs a target ID and a testable trigger.,Target ID; Method; Required Level/Item/Move/Time; Branch conditions,Evolves: Mr. Mime,Open,
GAP-0236,Pokemon Stats.csv,441,1,Happiny,Evolution target and trigger,"Give each target an exact target ID and trigger condition (level, item, move, time, trade, or another explicit rule).",Evolves gives target names but no conditions; runtime evolution needs a target ID and a testable trigger.,Target ID; Method; Required Level/Item/Move/Time; Branch conditions,Evolves: Chansey,Open,
GAP-0237,Pokemon Stats.csv,444,1,Gible,Evolution target and trigger,"Give each target an exact target ID and trigger condition (level, item, move, time, trade, or another explicit rule).",Evolves gives target names but no conditions; runtime evolution needs a target ID and a testable trigger.,Target ID; Method; Required Level/Item/Move/Time; Branch conditions,Evolves: Gabite,Open,
GAP-0238,Pokemon Stats.csv,445,1,Gabite,Evolution target and trigger,"Give each target an exact target ID and trigger condition (level, item, move, time, trade, or another explicit rule).",Evolves gives target names but no conditions; runtime evolution needs a target ID and a testable trigger.,Target ID; Method; Required Level/Item/Move/Time; Branch conditions,Evolves: Garchomp,Open,
GAP-0239,Pokemon Stats.csv,447,1,Munchlax,Evolution target and trigger,"Give each target an exact target ID and trigger condition (level, item, move, time, trade, or another explicit rule).",Evolves gives target names but no conditions; runtime evolution needs a target ID and a testable trigger.,Target ID; Method; Required Level/Item/Move/Time; Branch conditions,Evolves: Snorlax,Open,
GAP-0240,Pokemon Stats.csv,448,1,Riolu,Evolution target and trigger,"Give each target an exact target ID and trigger condition (level, item, move, time, trade, or another explicit rule).",Evolves gives target names but no conditions; runtime evolution needs a target ID and a testable trigger.,Target ID; Method; Required Level/Item/Move/Time; Branch conditions,Evolves: Lucario,Open,
GAP-0241,Pokemon Stats.csv,450,1,Hippopotas,Evolution target and trigger,"Give each target an exact target ID and trigger condition (level, item, move, time, trade, or another explicit rule).",Evolves gives target names but no conditions; runtime evolution needs a target ID and a testable trigger.,Target ID; Method; Required Level/Item/Move/Time; Branch conditions,Evolves: Hippowdon,Open,
GAP-0242,Pokemon Stats.csv,452,1,Skorupi,Evolution target and trigger,"Give each target an exact target ID and trigger condition (level, item, move, time, trade, or another explicit rule).",Evolves gives target names but no conditions; runtime evolution needs a target ID and a testable trigger.,Target ID; Method; Required Level/Item/Move/Time; Branch conditions,Evolves: Drapion,Open,
GAP-0243,Pokemon Stats.csv,454,1,Croagunk,Evolution target and trigger,"Give each target an exact target ID and trigger condition (level, item, move, time, trade, or another explicit rule).",Evolves gives target names but no conditions; runtime evolution needs a target ID and a testable trigger.,Target ID; Method; Required Level/Item/Move/Time; Branch conditions,Evolves: Toxicroak,Open,
GAP-0244,Pokemon Stats.csv,457,1,Finneon,Evolution target and trigger,"Give each target an exact target ID and trigger condition (level, item, move, time, trade, or another explicit rule).",Evolves gives target names but no conditions; runtime evolution needs a target ID and a testable trigger.,Target ID; Method; Required Level/Item/Move/Time; Branch conditions,Evolves: Lumineon,Open,
GAP-0245,Pokemon Stats.csv,459,1,Mantyke,Evolution target and trigger,"Give each target an exact target ID and trigger condition (level, item, move, time, trade, or another explicit rule).",Evolves gives target names but no conditions; runtime evolution needs a target ID and a testable trigger.,Target ID; Method; Required Level/Item/Move/Time; Branch conditions,Evolves: Mantine,Open,
GAP-0246,Pokemon Stats.csv,460,1,Snover,Evolution target and trigger,"Give each target an exact target ID and trigger condition (level, item, move, time, trade, or another explicit rule).",Evolves gives target names but no conditions; runtime evolution needs a target ID and a testable trigger.,Target ID; Method; Required Level/Item/Move/Time; Branch conditions,Evolves: Abomasnow,Open,
GAP-0247,Pokemon Stats.csv,488,1,Giratina Altered [0487 (altered)],Form origin and behavior,"Classify as a permanent form, selectable variant, or temporary battle form. For transformations, give base ID, trigger, duration, and reversion.",The suffixed key identifies a row but not how the form is obtained or whether it is selectable.,Form Kind; Base ID; Activation; Duration; Reversion; Availability,Dex key: 0487 (altered); Type: Ghost / Dragon,Open,
GAP-0248,Pokemon Stats.csv,493,1,Shaymin Land [0492 (land)],Form origin and behavior,"Classify as a permanent form, selectable variant, or temporary battle form. For transformations, give base ID, trigger, duration, and reversion.",The suffixed key identifies a row but not how the form is obtained or whether it is selectable.,Form Kind; Base ID; Activation; Duration; Reversion; Availability,Dex key: 0492 (land); Type: Grass,Open,
GAP-0249,Pokemon Stats.csv,496,1,Snivy,Evolution target and trigger,"Give each target an exact target ID and trigger condition (level, item, move, time, trade, or another explicit rule).",Evolves gives target names but no conditions; runtime evolution needs a target ID and a testable trigger.,Target ID; Method; Required Level/Item/Move/Time; Branch conditions,Evolves: Servine,Open,
GAP-0250,Pokemon Stats.csv,497,1,Servine,Evolution target and trigger,"Give each target an exact target ID and trigger condition (level, item, move, time, trade, or another explicit rule).",Evolves gives target names but no conditions; runtime evolution needs a target ID and a testable trigger.,Target ID; Method; Required Level/Item/Move/Time; Branch conditions,Evolves: Serperior,Open,
GAP-0251,Pokemon Stats.csv,499,1,Tepig,Evolution target and trigger,"Give each target an exact target ID and trigger condition (level, item, move, time, trade, or another explicit rule).",Evolves gives target names but no conditions; runtime evolution needs a target ID and a testable trigger.,Target ID; Method; Required Level/Item/Move/Time; Branch conditions,Evolves: Pignite,Open,
GAP-0252,Pokemon Stats.csv,500,1,Pignite,Evolution target and trigger,"Give each target an exact target ID and trigger condition (level, item, move, time, trade, or another explicit rule).",Evolves gives target names but no conditions; runtime evolution needs a target ID and a testable trigger.,Target ID; Method; Required Level/Item/Move/Time; Branch conditions,Evolves: Emboar,Open,
GAP-0253,Pokemon Stats.csv,502,1,Oshawott,Evolution target and trigger,"Give each target an exact target ID and trigger condition (level, item, move, time, trade, or another explicit rule).",Evolves gives target names but no conditions; runtime evolution needs a target ID and a testable trigger.,Target ID; Method; Required Level/Item/Move/Time; Branch conditions,Evolves: Dewott,Open,
GAP-0254,Pokemon Stats.csv,503,1,Dewott,Evolution target and trigger,"Give each target an exact target ID and trigger condition (level, item, move, time, trade, or another explicit rule).",Evolves gives target names but no conditions; runtime evolution needs a target ID and a testable trigger.,Target ID; Method; Required Level/Item/Move/Time; Branch conditions,Evolves: Samurott,Open,
GAP-0255,Pokemon Stats.csv,505,1,Patrat,Evolution target and trigger,"Give each target an exact target ID and trigger condition (level, item, move, time, trade, or another explicit rule).",Evolves gives target names but no conditions; runtime evolution needs a target ID and a testable trigger.,Target ID; Method; Required Level/Item/Move/Time; Branch conditions,Evolves: Watchog,Open,
GAP-0256,Pokemon Stats.csv,507,1,Lillipup,Evolution target and trigger,"Give each target an exact target ID and trigger condition (level, item, move, time, trade, or another explicit rule).",Evolves gives target names but no conditions; runtime evolution needs a target ID and a testable trigger.,Target ID; Method; Required Level/Item/Move/Time; Branch conditions,Evolves: Herdier,Open,
GAP-0257,Pokemon Stats.csv,508,1,Herdier,Evolution target and trigger,"Give each target an exact target ID and trigger condition (level, item, move, time, trade, or another explicit rule).",Evolves gives target names but no conditions; runtime evolution needs a target ID and a testable trigger.,Target ID; Method; Required Level/Item/Move/Time; Branch conditions,Evolves: Stoutland,Open,
GAP-0258,Pokemon Stats.csv,510,1,Purrloin,Evolution target and trigger,"Give each target an exact target ID and trigger condition (level, item, move, time, trade, or another explicit rule).",Evolves gives target names but no conditions; runtime evolution needs a target ID and a testable trigger.,Target ID; Method; Required Level/Item/Move/Time; Branch conditions,Evolves: Liepard,Open,
GAP-0259,Pokemon Stats.csv,512,1,Pansage,Evolution target and trigger,"Give each target an exact target ID and trigger condition (level, item, move, time, trade, or another explicit rule).",Evolves gives target names but no conditions; runtime evolution needs a target ID and a testable trigger.,Target ID; Method; Required Level/Item/Move/Time; Branch conditions,Evolves: Simisage,Open,
GAP-0260,Pokemon Stats.csv,514,1,Pansear,Evolution target and trigger,"Give each target an exact target ID and trigger condition (level, item, move, time, trade, or another explicit rule).",Evolves gives target names but no conditions; runtime evolution needs a target ID and a testable trigger.,Target ID; Method; Required Level/Item/Move/Time; Branch conditions,Evolves: Simisear,Open,
GAP-0261,Pokemon Stats.csv,516,1,Panpour,Evolution target and trigger,"Give each target an exact target ID and trigger condition (level, item, move, time, trade, or another explicit rule).",Evolves gives target names but no conditions; runtime evolution needs a target ID and a testable trigger.,Target ID; Method; Required Level/Item/Move/Time; Branch conditions,Evolves: Simipour,Open,
GAP-0262,Pokemon Stats.csv,518,1,Munna,Evolution target and trigger,"Give each target an exact target ID and trigger condition (level, item, move, time, trade, or another explicit rule).",Evolves gives target names but no conditions; runtime evolution needs a target ID and a testable trigger.,Target ID; Method; Required Level/Item/Move/Time; Branch conditions,Evolves: Musharna,Open,
GAP-0263,Pokemon Stats.csv,520,1,Pidove,Evolution target and trigger,"Give each target an exact target ID and trigger condition (level, item, move, time, trade, or another explicit rule).",Evolves gives target names but no conditions; runtime evolution needs a target ID and a testable trigger.,Target ID; Method; Required Level/Item/Move/Time; Branch conditions,Evolves: Tranquill,Open,
GAP-0264,Pokemon Stats.csv,521,1,Tranquill,Evolution target and trigger,"Give each target an exact target ID and trigger condition (level, item, move, time, trade, or another explicit rule).",Evolves gives target names but no conditions; runtime evolution needs a target ID and a testable trigger.,Target ID; Method; Required Level/Item/Move/Time; Branch conditions,Evolves: Unfezant,Open,
GAP-0265,Pokemon Stats.csv,523,1,Blitzle,Evolution target and trigger,"Give each target an exact target ID and trigger condition (level, item, move, time, trade, or another explicit rule).",Evolves gives target names but no conditions; runtime evolution needs a target ID and a testable trigger.,Target ID; Method; Required Level/Item/Move/Time; Branch conditions,Evolves: Zebstrika,Open,
GAP-0266,Pokemon Stats.csv,525,1,Roggenrola,Evolution target and trigger,"Give each target an exact target ID and trigger condition (level, item, move, time, trade, or another explicit rule).",Evolves gives target names but no conditions; runtime evolution needs a target ID and a testable trigger.,Target ID; Method; Required Level/Item/Move/Time; Branch conditions,Evolves: Boldore,Open,
GAP-0267,Pokemon Stats.csv,526,1,Boldore,Evolution target and trigger,"Give each target an exact target ID and trigger condition (level, item, move, time, trade, or another explicit rule).",Evolves gives target names but no conditions; runtime evolution needs a target ID and a testable trigger.,Target ID; Method; Required Level/Item/Move/Time; Branch conditions,Evolves: Gigalith,Open,
GAP-0268,Pokemon Stats.csv,528,1,Woobat,Evolution target and trigger,"Give each target an exact target ID and trigger condition (level, item, move, time, trade, or another explicit rule).",Evolves gives target names but no conditions; runtime evolution needs a target ID and a testable trigger.,Target ID; Method; Required Level/Item/Move/Time; Branch conditions,Evolves: Swoobat,Open,
GAP-0269,Pokemon Stats.csv,530,1,Drilbur,Evolution target and trigger,"Give each target an exact target ID and trigger condition (level, item, move, time, trade, or another explicit rule).",Evolves gives target names but no conditions; runtime evolution needs a target ID and a testable trigger.,Target ID; Method; Required Level/Item/Move/Time; Branch conditions,Evolves: Excadrill,Open,
GAP-0270,Pokemon Stats.csv,533,1,Timburr,Evolution target and trigger,"Give each target an exact target ID and trigger condition (level, item, move, time, trade, or another explicit rule).",Evolves gives target names but no conditions; runtime evolution needs a target ID and a testable trigger.,Target ID; Method; Required Level/Item/Move/Time; Branch conditions,Evolves: Gurdurr,Open,
GAP-0271,Pokemon Stats.csv,534,1,Gurdurr,Evolution target and trigger,"Give each target an exact target ID and trigger condition (level, item, move, time, trade, or another explicit rule).",Evolves gives target names but no conditions; runtime evolution needs a target ID and a testable trigger.,Target ID; Method; Required Level/Item/Move/Time; Branch conditions,Evolves: Conkeldurr,Open,
GAP-0272,Pokemon Stats.csv,536,1,Tympole,Evolution target and trigger,"Give each target an exact target ID and trigger condition (level, item, move, time, trade, or another explicit rule).",Evolves gives target names but no conditions; runtime evolution needs a target ID and a testable trigger.,Target ID; Method; Required Level/Item/Move/Time; Branch conditions,Evolves: Palpitoad,Open,
GAP-0273,Pokemon Stats.csv,537,1,Palpitoad,Evolution target and trigger,"Give each target an exact target ID and trigger condition (level, item, move, time, trade, or another explicit rule).",Evolves gives target names but no conditions; runtime evolution needs a target ID and a testable trigger.,Target ID; Method; Required Level/Item/Move/Time; Branch conditions,Evolves: Seismitoad,Open,
GAP-0274,Pokemon Stats.csv,541,1,Sewaddle,Evolution target and trigger,"Give each target an exact target ID and trigger condition (level, item, move, time, trade, or another explicit rule).",Evolves gives target names but no conditions; runtime evolution needs a target ID and a testable trigger.,Target ID; Method; Required Level/Item/Move/Time; Branch conditions,Evolves: Swadloon,Open,
GAP-0275,Pokemon Stats.csv,542,1,Swadloon,Evolution target and trigger,"Give each target an exact target ID and trigger condition (level, item, move, time, trade, or another explicit rule).",Evolves gives target names but no conditions; runtime evolution needs a target ID and a testable trigger.,Target ID; Method; Required Level/Item/Move/Time; Branch conditions,Evolves: Leavanny,Open,
GAP-0276,Pokemon Stats.csv,544,1,Venipede,Evolution target and trigger,"Give each target an exact target ID and trigger condition (level, item, move, time, trade, or another explicit rule).",Evolves gives target names but no conditions; runtime evolution needs a target ID and a testable trigger.,Target ID; Method; Required Level/Item/Move/Time; Branch conditions,Evolves: Whirlipede,Open,
GAP-0277,Pokemon Stats.csv,545,1,Whirlipede,Evolution target and trigger,"Give each target an exact target ID and trigger condition (level, item, move, time, trade, or another explicit rule).",Evolves gives target names but no conditions; runtime evolution needs a target ID and a testable trigger.,Target ID; Method; Required Level/Item/Move/Time; Branch conditions,Evolves: Scolipede,Open,
GAP-0278,Pokemon Stats.csv,547,1,Cottonee,Evolution target and trigger,"Give each target an exact target ID and trigger condition (level, item, move, time, trade, or another explicit rule).",Evolves gives target names but no conditions; runtime evolution needs a target ID and a testable trigger.,Target ID; Method; Required Level/Item/Move/Time; Branch conditions,Evolves: Whimsicott,Open,
GAP-0279,Pokemon Stats.csv,549,1,Petilil,Evolution target and trigger,"Give each target an exact target ID and trigger condition (level, item, move, time, trade, or another explicit rule).",Evolves gives target names but no conditions; runtime evolution needs a target ID and a testable trigger.,Target ID; Method; Required Level/Item/Move/Time; Branch conditions,Evolves: Lilligant,Open,
GAP-0280,Pokemon Stats.csv,551,1,Basculin Red Striped,Evolution target and trigger,"Give each target an exact target ID and trigger condition (level, item, move, time, trade, or another explicit rule). Resolve these labels to exact forms: Basculegion.",Evolves gives target names but no conditions; runtime evolution needs a target ID and a testable trigger.,Target ID; Method; Required Level/Item/Move/Time; Branch conditions,Evolves: Basculegion,Open,
GAP-0281,Pokemon Stats.csv,551,1,Basculin Red Striped [0550 (red-striped)],Form origin and behavior,"Classify as a permanent form, selectable variant, or temporary battle form. For transformations, give base ID, trigger, duration, and reversion.",The suffixed key identifies a row but not how the form is obtained or whether it is selectable.,Form Kind; Base ID; Activation; Duration; Reversion; Availability,Dex key: 0550 (red-striped); Type: Water,Open,
GAP-0282,Pokemon Stats.csv,552,1,Sandile,Evolution target and trigger,"Give each target an exact target ID and trigger condition (level, item, move, time, trade, or another explicit rule).",Evolves gives target names but no conditions; runtime evolution needs a target ID and a testable trigger.,Target ID; Method; Required Level/Item/Move/Time; Branch conditions,Evolves: Krokorok,Open,
GAP-0283,Pokemon Stats.csv,553,1,Krokorok,Evolution target and trigger,"Give each target an exact target ID and trigger condition (level, item, move, time, trade, or another explicit rule).",Evolves gives target names but no conditions; runtime evolution needs a target ID and a testable trigger.,Target ID; Method; Required Level/Item/Move/Time; Branch conditions,Evolves: Krookodile,Open,
GAP-0284,Pokemon Stats.csv,555,1,Darumaka,Evolution target and trigger,"Give each target an exact target ID and trigger condition (level, item, move, time, trade, or another explicit rule). Resolve these labels to exact forms: Darmanitan.",Evolves gives target names but no conditions; runtime evolution needs a target ID and a testable trigger.,Target ID; Method; Required Level/Item/Move/Time; Branch conditions,Evolves: Darmanitan,Open,
GAP-0285,Pokemon Stats.csv,556,1,Darmanitan Standard [0555 (standard)],Form origin and behavior,"Classify as a permanent form, selectable variant, or temporary battle form. For transformations, give base ID, trigger, duration, and reversion.",The suffixed key identifies a row but not how the form is obtained or whether it is selectable.,Form Kind; Base ID; Activation; Duration; Reversion; Availability,Dex key: 0555 (standard); Type: Fire,Open,
GAP-0286,Pokemon Stats.csv,558,1,Dwebble,Evolution target and trigger,"Give each target an exact target ID and trigger condition (level, item, move, time, trade, or another explicit rule).",Evolves gives target names but no conditions; runtime evolution needs a target ID and a testable trigger.,Target ID; Method; Required Level/Item/Move/Time; Branch conditions,Evolves: Crustle,Open,
GAP-0287,Pokemon Stats.csv,560,1,Scraggy,Evolution target and trigger,"Give each target an exact target ID and trigger condition (level, item, move, time, trade, or another explicit rule).",Evolves gives target names but no conditions; runtime evolution needs a target ID and a testable trigger.,Target ID; Method; Required Level/Item/Move/Time; Branch conditions,Evolves: Scrafty,Open,
GAP-0288,Pokemon Stats.csv,563,1,Yamask,Evolution target and trigger,"Give each target an exact target ID and trigger condition (level, item, move, time, trade, or another explicit rule). This entry has branches, so provide one trigger per target.",Evolves gives target names but no conditions; runtime evolution needs a target ID and a testable trigger.,Target ID; Method; Required Level/Item/Move/Time; Branch conditions,Evolves: Cofagrigus; Runerigus,Open,
GAP-0289,Pokemon Stats.csv,565,1,Tirtouga,Evolution target and trigger,"Give each target an exact target ID and trigger condition (level, item, move, time, trade, or another explicit rule).",Evolves gives target names but no conditions; runtime evolution needs a target ID and a testable trigger.,Target ID; Method; Required Level/Item/Move/Time; Branch conditions,Evolves: Carracosta,Open,
GAP-0290,Pokemon Stats.csv,567,1,Archen,Evolution target and trigger,"Give each target an exact target ID and trigger condition (level, item, move, time, trade, or another explicit rule).",Evolves gives target names but no conditions; runtime evolution needs a target ID and a testable trigger.,Target ID; Method; Required Level/Item/Move/Time; Branch conditions,Evolves: Archeops,Open,
GAP-0291,Pokemon Stats.csv,569,1,Trubbish,Evolution target and trigger,"Give each target an exact target ID and trigger condition (level, item, move, time, trade, or another explicit rule).",Evolves gives target names but no conditions; runtime evolution needs a target ID and a testable trigger.,Target ID; Method; Required Level/Item/Move/Time; Branch conditions,Evolves: Garbodor,Open,
GAP-0292,Pokemon Stats.csv,571,1,Zorua,Evolution target and trigger,"Give each target an exact target ID and trigger condition (level, item, move, time, trade, or another explicit rule).",Evolves gives target names but no conditions; runtime evolution needs a target ID and a testable trigger.,Target ID; Method; Required Level/Item/Move/Time; Branch conditions,Evolves: Zoroark,Open,
GAP-0293,Pokemon Stats.csv,573,1,Minccino,Evolution target and trigger,"Give each target an exact target ID and trigger condition (level, item, move, time, trade, or another explicit rule).",Evolves gives target names but no conditions; runtime evolution needs a target ID and a testable trigger.,Target ID; Method; Required Level/Item/Move/Time; Branch conditions,Evolves: Cinccino,Open,
GAP-0294,Pokemon Stats.csv,575,1,Gothita,Evolution target and trigger,"Give each target an exact target ID and trigger condition (level, item, move, time, trade, or another explicit rule).",Evolves gives target names but no conditions; runtime evolution needs a target ID and a testable trigger.,Target ID; Method; Required Level/Item/Move/Time; Branch conditions,Evolves: Gothorita,Open,
GAP-0295,Pokemon Stats.csv,576,1,Gothorita,Evolution target and trigger,"Give each target an exact target ID and trigger condition (level, item, move, time, trade, or another explicit rule).",Evolves gives target names but no conditions; runtime evolution needs a target ID and a testable trigger.,Target ID; Method; Required Level/Item/Move/Time; Branch conditions,Evolves: Gothitelle,Open,
GAP-0296,Pokemon Stats.csv,578,1,Solosis,Evolution target and trigger,"Give each target an exact target ID and trigger condition (level, item, move, time, trade, or another explicit rule).",Evolves gives target names but no conditions; runtime evolution needs a target ID and a testable trigger.,Target ID; Method; Required Level/Item/Move/Time; Branch conditions,Evolves: Duosion,Open,
GAP-0297,Pokemon Stats.csv,579,1,Duosion,Evolution target and trigger,"Give each target an exact target ID and trigger condition (level, item, move, time, trade, or another explicit rule).",Evolves gives target names but no conditions; runtime evolution needs a target ID and a testable trigger.,Target ID; Method; Required Level/Item/Move/Time; Branch conditions,Evolves: Reuniclus,Open,
GAP-0298,Pokemon Stats.csv,581,1,Ducklett,Evolution target and trigger,"Give each target an exact target ID and trigger condition (level, item, move, time, trade, or another explicit rule).",Evolves gives target names but no conditions; runtime evolution needs a target ID and a testable trigger.,Target ID; Method; Required Level/Item/Move/Time; Branch conditions,Evolves: Swanna,Open,
GAP-0299,Pokemon Stats.csv,583,1,Vanillite,Evolution target and trigger,"Give each target an exact target ID and trigger condition (level, item, move, time, trade, or another explicit rule).",Evolves gives target names but no conditions; runtime evolution needs a target ID and a testable trigger.,Target ID; Method; Required Level/Item/Move/Time; Branch conditions,Evolves: Vanillish,Open,
GAP-0300,Pokemon Stats.csv,584,1,Vanillish,Evolution target and trigger,"Give each target an exact target ID and trigger condition (level, item, move, time, trade, or another explicit rule).",Evolves gives target names but no conditions; runtime evolution needs a target ID and a testable trigger.,Target ID; Method; Required Level/Item/Move/Time; Branch conditions,Evolves: Vanilluxe,Open,
GAP-0301,Pokemon Stats.csv,586,1,Deerling,Evolution target and trigger,"Give each target an exact target ID and trigger condition (level, item, move, time, trade, or another explicit rule).",Evolves gives target names but no conditions; runtime evolution needs a target ID and a testable trigger.,Target ID; Method; Required Level/Item/Move/Time; Branch conditions,Evolves: Sawsbuck,Open,
GAP-0302,Pokemon Stats.csv,589,1,Karrablast,Evolution target and trigger,"Give each target an exact target ID and trigger condition (level, item, move, time, trade, or another explicit rule).",Evolves gives target names but no conditions; runtime evolution needs a target ID and a testable trigger.,Target ID; Method; Required Level/Item/Move/Time; Branch conditions,Evolves: Escavalier,Open,
GAP-0303,Pokemon Stats.csv,591,1,Foongus,Evolution target and trigger,"Give each target an exact target ID and trigger condition (level, item, move, time, trade, or another explicit rule).",Evolves gives target names but no conditions; runtime evolution needs a target ID and a testable trigger.,Target ID; Method; Required Level/Item/Move/Time; Branch conditions,Evolves: Amoonguss,Open,
GAP-0304,Pokemon Stats.csv,593,1,Frillish Male,Evolution target and trigger,"Give each target an exact target ID and trigger condition (level, item, move, time, trade, or another explicit rule). Resolve these labels to exact forms: Jellicent.",Evolves gives target names but no conditions; runtime evolution needs a target ID and a testable trigger.,Target ID; Method; Required Level/Item/Move/Time; Branch conditions,Evolves: Jellicent,Open,
GAP-0305,Pokemon Stats.csv,593,1,Frillish Male [0592 (male)],Form origin and behavior,"Classify as a permanent form, selectable variant, or temporary battle form. For transformations, give base ID, trigger, duration, and reversion.",The suffixed key identifies a row but not how the form is obtained or whether it is selectable.,Form Kind; Base ID; Activation; Duration; Reversion; Availability,Dex key: 0592 (male); Type: Water / Ghost,Open,
GAP-0306,Pokemon Stats.csv,594,1,Jellicent Male [0593 (male)],Form origin and behavior,"Classify as a permanent form, selectable variant, or temporary battle form. For transformations, give base ID, trigger, duration, and reversion.",The suffixed key identifies a row but not how the form is obtained or whether it is selectable.,Form Kind; Base ID; Activation; Duration; Reversion; Availability,Dex key: 0593 (male); Type: Water / Ghost,Open,
GAP-0307,Pokemon Stats.csv,596,1,Joltik,Evolution target and trigger,"Give each target an exact target ID and trigger condition (level, item, move, time, trade, or another explicit rule).",Evolves gives target names but no conditions; runtime evolution needs a target ID and a testable trigger.,Target ID; Method; Required Level/Item/Move/Time; Branch conditions,Evolves: Galvantula,Open,
GAP-0308,Pokemon Stats.csv,598,1,Ferroseed,Evolution target and trigger,"Give each target an exact target ID and trigger condition (level, item, move, time, trade, or another explicit rule).",Evolves gives target names but no conditions; runtime evolution needs a target ID and a testable trigger.,Target ID; Method; Required Level/Item/Move/Time; Branch conditions,Evolves: Ferrothorn,Open,
GAP-0309,Pokemon Stats.csv,600,1,Klink,Evolution target and trigger,"Give each target an exact target ID and trigger condition (level, item, move, time, trade, or another explicit rule).",Evolves gives target names but no conditions; runtime evolution needs a target ID and a testable trigger.,Target ID; Method; Required Level/Item/Move/Time; Branch conditions,Evolves: Klang,Open,
GAP-0310,Pokemon Stats.csv,601,1,Klang,Evolution target and trigger,"Give each target an exact target ID and trigger condition (level, item, move, time, trade, or another explicit rule).",Evolves gives target names but no conditions; runtime evolution needs a target ID and a testable trigger.,Target ID; Method; Required Level/Item/Move/Time; Branch conditions,Evolves: Klinklang,Open,
GAP-0311,Pokemon Stats.csv,603,1,Tynamo,Evolution target and trigger,"Give each target an exact target ID and trigger condition (level, item, move, time, trade, or another explicit rule).",Evolves gives target names but no conditions; runtime evolution needs a target ID and a testable trigger.,Target ID; Method; Required Level/Item/Move/Time; Branch conditions,Evolves: Eelektrik,Open,
GAP-0312,Pokemon Stats.csv,604,1,Eelektrik,Evolution target and trigger,"Give each target an exact target ID and trigger condition (level, item, move, time, trade, or another explicit rule).",Evolves gives target names but no conditions; runtime evolution needs a target ID and a testable trigger.,Target ID; Method; Required Level/Item/Move/Time; Branch conditions,Evolves: Eelektross,Open,
GAP-0313,Pokemon Stats.csv,606,1,Elgyem,Evolution target and trigger,"Give each target an exact target ID and trigger condition (level, item, move, time, trade, or another explicit rule).",Evolves gives target names but no conditions; runtime evolution needs a target ID and a testable trigger.,Target ID; Method; Required Level/Item/Move/Time; Branch conditions,Evolves: Beheeyem,Open,
GAP-0314,Pokemon Stats.csv,608,1,Litwick,Evolution target and trigger,"Give each target an exact target ID and trigger condition (level, item, move, time, trade, or another explicit rule).",Evolves gives target names but no conditions; runtime evolution needs a target ID and a testable trigger.,Target ID; Method; Required Level/Item/Move/Time; Branch conditions,Evolves: Lampent,Open,
GAP-0315,Pokemon Stats.csv,609,1,Lampent,Evolution target and trigger,"Give each target an exact target ID and trigger condition (level, item, move, time, trade, or another explicit rule).",Evolves gives target names but no conditions; runtime evolution needs a target ID and a testable trigger.,Target ID; Method; Required Level/Item/Move/Time; Branch conditions,Evolves: Chandelure,Open,
GAP-0316,Pokemon Stats.csv,611,1,Axew,Evolution target and trigger,"Give each target an exact target ID and trigger condition (level, item, move, time, trade, or another explicit rule).",Evolves gives target names but no conditions; runtime evolution needs a target ID and a testable trigger.,Target ID; Method; Required Level/Item/Move/Time; Branch conditions,Evolves: Fraxure,Open,
GAP-0317,Pokemon Stats.csv,612,1,Fraxure,Evolution target and trigger,"Give each target an exact target ID and trigger condition (level, item, move, time, trade, or another explicit rule).",Evolves gives target names but no conditions; runtime evolution needs a target ID and a testable trigger.,Target ID; Method; Required Level/Item/Move/Time; Branch conditions,Evolves: Haxorus,Open,
GAP-0318,Pokemon Stats.csv,614,1,Cubchoo,Evolution target and trigger,"Give each target an exact target ID and trigger condition (level, item, move, time, trade, or another explicit rule).",Evolves gives target names but no conditions; runtime evolution needs a target ID and a testable trigger.,Target ID; Method; Required Level/Item/Move/Time; Branch conditions,Evolves: Beartic,Open,
GAP-0319,Pokemon Stats.csv,617,1,Shelmet,Evolution target and trigger,"Give each target an exact target ID and trigger condition (level, item, move, time, trade, or another explicit rule).",Evolves gives target names but no conditions; runtime evolution needs a target ID and a testable trigger.,Target ID; Method; Required Level/Item/Move/Time; Branch conditions,Evolves: Accelgor,Open,
GAP-0320,Pokemon Stats.csv,620,1,Mienfoo,Evolution target and trigger,"Give each target an exact target ID and trigger condition (level, item, move, time, trade, or another explicit rule).",Evolves gives target names but no conditions; runtime evolution needs a target ID and a testable trigger.,Target ID; Method; Required Level/Item/Move/Time; Branch conditions,Evolves: Mienshao,Open,
GAP-0321,Pokemon Stats.csv,623,1,Golett,Evolution target and trigger,"Give each target an exact target ID and trigger condition (level, item, move, time, trade, or another explicit rule).",Evolves gives target names but no conditions; runtime evolution needs a target ID and a testable trigger.,Target ID; Method; Required Level/Item/Move/Time; Branch conditions,Evolves: Golurk,Open,
GAP-0322,Pokemon Stats.csv,625,1,Pawniard,Evolution target and trigger,"Give each target an exact target ID and trigger condition (level, item, move, time, trade, or another explicit rule).",Evolves gives target names but no conditions; runtime evolution needs a target ID and a testable trigger.,Target ID; Method; Required Level/Item/Move/Time; Branch conditions,Evolves: Bisharp,Open,
GAP-0323,Pokemon Stats.csv,626,1,Bisharp,Evolution target and trigger,"Give each target an exact target ID and trigger condition (level, item, move, time, trade, or another explicit rule).",Evolves gives target names but no conditions; runtime evolution needs a target ID and a testable trigger.,Target ID; Method; Required Level/Item/Move/Time; Branch conditions,Evolves: Kingambit,Open,
GAP-0324,Pokemon Stats.csv,628,1,Rufflet,Evolution target and trigger,"Give each target an exact target ID and trigger condition (level, item, move, time, trade, or another explicit rule).",Evolves gives target names but no conditions; runtime evolution needs a target ID and a testable trigger.,Target ID; Method; Required Level/Item/Move/Time; Branch conditions,Evolves: Braviary,Open,
GAP-0325,Pokemon Stats.csv,630,1,Vullaby,Evolution target and trigger,"Give each target an exact target ID and trigger condition (level, item, move, time, trade, or another explicit rule).",Evolves gives target names but no conditions; runtime evolution needs a target ID and a testable trigger.,Target ID; Method; Required Level/Item/Move/Time; Branch conditions,Evolves: Mandibuzz,Open,
GAP-0326,Pokemon Stats.csv,634,1,Deino,Evolution target and trigger,"Give each target an exact target ID and trigger condition (level, item, move, time, trade, or another explicit rule).",Evolves gives target names but no conditions; runtime evolution needs a target ID and a testable trigger.,Target ID; Method; Required Level/Item/Move/Time; Branch conditions,Evolves: Zweilous,Open,
GAP-0327,Pokemon Stats.csv,635,1,Zweilous,Evolution target and trigger,"Give each target an exact target ID and trigger condition (level, item, move, time, trade, or another explicit rule).",Evolves gives target names but no conditions; runtime evolution needs a target ID and a testable trigger.,Target ID; Method; Required Level/Item/Move/Time; Branch conditions,Evolves: Hydreigon,Open,
GAP-0328,Pokemon Stats.csv,637,1,Larvesta,Evolution target and trigger,"Give each target an exact target ID and trigger condition (level, item, move, time, trade, or another explicit rule).",Evolves gives target names but no conditions; runtime evolution needs a target ID and a testable trigger.,Target ID; Method; Required Level/Item/Move/Time; Branch conditions,Evolves: Volcarona,Open,
GAP-0329,Pokemon Stats.csv,642,1,Tornadus Incarnate [0641 (incarnate)],Form origin and behavior,"Classify as a permanent form, selectable variant, or temporary battle form. For transformations, give base ID, trigger, duration, and reversion.",The suffixed key identifies a row but not how the form is obtained or whether it is selectable.,Form Kind; Base ID; Activation; Duration; Reversion; Availability,Dex key: 0641 (incarnate); Type: Flying,Open,
GAP-0330,Pokemon Stats.csv,643,1,Thundurus Incarnate [0642 (incarnate)],Form origin and behavior,"Classify as a permanent form, selectable variant, or temporary battle form. For transformations, give base ID, trigger, duration, and reversion.",The suffixed key identifies a row but not how the form is obtained or whether it is selectable.,Form Kind; Base ID; Activation; Duration; Reversion; Availability,Dex key: 0642 (incarnate); Type: Electric / Flying,Open,
GAP-0331,Pokemon Stats.csv,646,1,Landorus Incarnate [0645 (incarnate)],Form origin and behavior,"Classify as a permanent form, selectable variant, or temporary battle form. For transformations, give base ID, trigger, duration, and reversion.",The suffixed key identifies a row but not how the form is obtained or whether it is selectable.,Form Kind; Base ID; Activation; Duration; Reversion; Availability,Dex key: 0645 (incarnate); Type: Ground / Flying,Open,
GAP-0332,Pokemon Stats.csv,648,1,Keldeo Ordinary [0647 (ordinary)],Form origin and behavior,"Classify as a permanent form, selectable variant, or temporary battle form. For transformations, give base ID, trigger, duration, and reversion.",The suffixed key identifies a row but not how the form is obtained or whether it is selectable.,Form Kind; Base ID; Activation; Duration; Reversion; Availability,Dex key: 0647 (ordinary); Type: Water / Fighting,Open,
GAP-0333,Pokemon Stats.csv,649,1,Meloetta Aria [0648 (aria)],Form origin and behavior,"Classify as a permanent form, selectable variant, or temporary battle form. For transformations, give base ID, trigger, duration, and reversion.",The suffixed key identifies a row but not how the form is obtained or whether it is selectable.,Form Kind; Base ID; Activation; Duration; Reversion; Availability,Dex key: 0648 (aria); Type: Normal / Psychic,Open,
GAP-0334,Pokemon Stats.csv,651,1,Chespin,Evolution target and trigger,"Give each target an exact target ID and trigger condition (level, item, move, time, trade, or another explicit rule).",Evolves gives target names but no conditions; runtime evolution needs a target ID and a testable trigger.,Target ID; Method; Required Level/Item/Move/Time; Branch conditions,Evolves: Quilladin,Open,
GAP-0335,Pokemon Stats.csv,652,1,Quilladin,Evolution target and trigger,"Give each target an exact target ID and trigger condition (level, item, move, time, trade, or another explicit rule).",Evolves gives target names but no conditions; runtime evolution needs a target ID and a testable trigger.,Target ID; Method; Required Level/Item/Move/Time; Branch conditions,Evolves: Chesnaught,Open,
GAP-0336,Pokemon Stats.csv,654,1,Fennekin,Evolution target and trigger,"Give each target an exact target ID and trigger condition (level, item, move, time, trade, or another explicit rule).",Evolves gives target names but no conditions; runtime evolution needs a target ID and a testable trigger.,Target ID; Method; Required Level/Item/Move/Time; Branch conditions,Evolves: Braixen,Open,
GAP-0337,Pokemon Stats.csv,655,1,Braixen,Evolution target and trigger,"Give each target an exact target ID and trigger condition (level, item, move, time, trade, or another explicit rule).",Evolves gives target names but no conditions; runtime evolution needs a target ID and a testable trigger.,Target ID; Method; Required Level/Item/Move/Time; Branch conditions,Evolves: Delphox,Open,
GAP-0338,Pokemon Stats.csv,657,1,Froakie,Evolution target and trigger,"Give each target an exact target ID and trigger condition (level, item, move, time, trade, or another explicit rule).",Evolves gives target names but no conditions; runtime evolution needs a target ID and a testable trigger.,Target ID; Method; Required Level/Item/Move/Time; Branch conditions,Evolves: Frogadier,Open,
GAP-0339,Pokemon Stats.csv,658,1,Frogadier,Evolution target and trigger,"Give each target an exact target ID and trigger condition (level, item, move, time, trade, or another explicit rule).",Evolves gives target names but no conditions; runtime evolution needs a target ID and a testable trigger.,Target ID; Method; Required Level/Item/Move/Time; Branch conditions,Evolves: Greninja,Open,
GAP-0340,Pokemon Stats.csv,660,1,Bunnelby,Evolution target and trigger,"Give each target an exact target ID and trigger condition (level, item, move, time, trade, or another explicit rule).",Evolves gives target names but no conditions; runtime evolution needs a target ID and a testable trigger.,Target ID; Method; Required Level/Item/Move/Time; Branch conditions,Evolves: Diggersby,Open,
GAP-0341,Pokemon Stats.csv,662,1,Fletchling,Evolution target and trigger,"Give each target an exact target ID and trigger condition (level, item, move, time, trade, or another explicit rule).",Evolves gives target names but no conditions; runtime evolution needs a target ID and a testable trigger.,Target ID; Method; Required Level/Item/Move/Time; Branch conditions,Evolves: Fletchinder,Open,
GAP-0342,Pokemon Stats.csv,663,1,Fletchinder,Evolution target and trigger,"Give each target an exact target ID and trigger condition (level, item, move, time, trade, or another explicit rule).",Evolves gives target names but no conditions; runtime evolution needs a target ID and a testable trigger.,Target ID; Method; Required Level/Item/Move/Time; Branch conditions,Evolves: Talonflame,Open,
GAP-0343,Pokemon Stats.csv,665,1,Scatterbug,Evolution target and trigger,"Give each target an exact target ID and trigger condition (level, item, move, time, trade, or another explicit rule).",Evolves gives target names but no conditions; runtime evolution needs a target ID and a testable trigger.,Target ID; Method; Required Level/Item/Move/Time; Branch conditions,Evolves: Spewpa,Open,
GAP-0344,Pokemon Stats.csv,666,1,Spewpa,Evolution target and trigger,"Give each target an exact target ID and trigger condition (level, item, move, time, trade, or another explicit rule).",Evolves gives target names but no conditions; runtime evolution needs a target ID and a testable trigger.,Target ID; Method; Required Level/Item/Move/Time; Branch conditions,Evolves: Vivillon,Open,
GAP-0345,Pokemon Stats.csv,668,1,Litleo,Evolution target and trigger,"Give each target an exact target ID and trigger condition (level, item, move, time, trade, or another explicit rule). Resolve these labels to exact forms: Pyroar.",Evolves gives target names but no conditions; runtime evolution needs a target ID and a testable trigger.,Target ID; Method; Required Level/Item/Move/Time; Branch conditions,Evolves: Pyroar,Open,
GAP-0346,Pokemon Stats.csv,669,1,Pyroar Male [0668 (male)],Form origin and behavior,"Classify as a permanent form, selectable variant, or temporary battle form. For transformations, give base ID, trigger, duration, and reversion.",The suffixed key identifies a row but not how the form is obtained or whether it is selectable.,Form Kind; Base ID; Activation; Duration; Reversion; Availability,Dex key: 0668 (male); Type: Fire / Normal,Open,
GAP-0347,Pokemon Stats.csv,670,1,Flabébé,Evolution target and trigger,"Give each target an exact target ID and trigger condition (level, item, move, time, trade, or another explicit rule).",Evolves gives target names but no conditions; runtime evolution needs a target ID and a testable trigger.,Target ID; Method; Required Level/Item/Move/Time; Branch conditions,Evolves: Floette,Open,
GAP-0348,Pokemon Stats.csv,671,1,Floette,Evolution target and trigger,"Give each target an exact target ID and trigger condition (level, item, move, time, trade, or another explicit rule).",Evolves gives target names but no conditions; runtime evolution needs a target ID and a testable trigger.,Target ID; Method; Required Level/Item/Move/Time; Branch conditions,Evolves: Florges,Open,
GAP-0349,Pokemon Stats.csv,673,1,Skiddo,Evolution target and trigger,"Give each target an exact target ID and trigger condition (level, item, move, time, trade, or another explicit rule).",Evolves gives target names but no conditions; runtime evolution needs a target ID and a testable trigger.,Target ID; Method; Required Level/Item/Move/Time; Branch conditions,Evolves: Gogoat,Open,
GAP-0350,Pokemon Stats.csv,675,1,Pancham,Evolution target and trigger,"Give each target an exact target ID and trigger condition (level, item, move, time, trade, or another explicit rule).",Evolves gives target names but no conditions; runtime evolution needs a target ID and a testable trigger.,Target ID; Method; Required Level/Item/Move/Time; Branch conditions,Evolves: Pangoro,Open,
GAP-0351,Pokemon Stats.csv,678,1,Espurr,Evolution target and trigger,"Give each target an exact target ID and trigger condition (level, item, move, time, trade, or another explicit rule). Resolve these labels to exact forms: Meowstic.",Evolves gives target names but no conditions; runtime evolution needs a target ID and a testable trigger.,Target ID; Method; Required Level/Item/Move/Time; Branch conditions,Evolves: Meowstic,Open,
GAP-0352,Pokemon Stats.csv,679,1,Meowstic Male [0678 (male)],Form origin and behavior,"Classify as a permanent form, selectable variant, or temporary battle form. For transformations, give base ID, trigger, duration, and reversion.",The suffixed key identifies a row but not how the form is obtained or whether it is selectable.,Form Kind; Base ID; Activation; Duration; Reversion; Availability,Dex key: 0678 (male); Type: Psychic,Open,
GAP-0353,Pokemon Stats.csv,680,1,Honedge,Evolution target and trigger,"Give each target an exact target ID and trigger condition (level, item, move, time, trade, or another explicit rule).",Evolves gives target names but no conditions; runtime evolution needs a target ID and a testable trigger.,Target ID; Method; Required Level/Item/Move/Time; Branch conditions,Evolves: Doublade,Open,
GAP-0354,Pokemon Stats.csv,681,1,Doublade,Evolution target and trigger,"Give each target an exact target ID and trigger condition (level, item, move, time, trade, or another explicit rule). Resolve these labels to exact forms: Aegislash.",Evolves gives target names but no conditions; runtime evolution needs a target ID and a testable trigger.,Target ID; Method; Required Level/Item/Move/Time; Branch conditions,Evolves: Aegislash,Open,
GAP-0355,Pokemon Stats.csv,682,1,Aegislash Shield [0681 (shield)],Form origin and behavior,"Classify as a permanent form, selectable variant, or temporary battle form. For transformations, give base ID, trigger, duration, and reversion.",The suffixed key identifies a row but not how the form is obtained or whether it is selectable.,Form Kind; Base ID; Activation; Duration; Reversion; Availability,Dex key: 0681 (shield); Type: Steel / Ghost,Open,
GAP-0356,Pokemon Stats.csv,683,1,Spritzee,Evolution target and trigger,"Give each target an exact target ID and trigger condition (level, item, move, time, trade, or another explicit rule).",Evolves gives target names but no conditions; runtime evolution needs a target ID and a testable trigger.,Target ID; Method; Required Level/Item/Move/Time; Branch conditions,Evolves: Aromatisse,Open,
GAP-0357,Pokemon Stats.csv,685,1,Swirlix,Evolution target and trigger,"Give each target an exact target ID and trigger condition (level, item, move, time, trade, or another explicit rule).",Evolves gives target names but no conditions; runtime evolution needs a target ID and a testable trigger.,Target ID; Method; Required Level/Item/Move/Time; Branch conditions,Evolves: Slurpuff,Open,
GAP-0358,Pokemon Stats.csv,687,1,Inkay,Evolution target and trigger,"Give each target an exact target ID and trigger condition (level, item, move, time, trade, or another explicit rule).",Evolves gives target names but no conditions; runtime evolution needs a target ID and a testable trigger.,Target ID; Method; Required Level/Item/Move/Time; Branch conditions,Evolves: Malamar,Open,
GAP-0359,Pokemon Stats.csv,689,1,Binacle,Evolution target and trigger,"Give each target an exact target ID and trigger condition (level, item, move, time, trade, or another explicit rule).",Evolves gives target names but no conditions; runtime evolution needs a target ID and a testable trigger.,Target ID; Method; Required Level/Item/Move/Time; Branch conditions,Evolves: Barbaracle,Open,
GAP-0360,Pokemon Stats.csv,691,1,Skrelp,Evolution target and trigger,"Give each target an exact target ID and trigger condition (level, item, move, time, trade, or another explicit rule).",Evolves gives target names but no conditions; runtime evolution needs a target ID and a testable trigger.,Target ID; Method; Required Level/Item/Move/Time; Branch conditions,Evolves: Dragalge,Open,
GAP-0361,Pokemon Stats.csv,693,1,Clauncher,Evolution target and trigger,"Give each target an exact target ID and trigger condition (level, item, move, time, trade, or another explicit rule).",Evolves gives target names but no conditions; runtime evolution needs a target ID and a testable trigger.,Target ID; Method; Required Level/Item/Move/Time; Branch conditions,Evolves: Clawitzer,Open,
GAP-0362,Pokemon Stats.csv,695,1,Helioptile,Evolution target and trigger,"Give each target an exact target ID and trigger condition (level, item, move, time, trade, or another explicit rule).",Evolves gives target names but no conditions; runtime evolution needs a target ID and a testable trigger.,Target ID; Method; Required Level/Item/Move/Time; Branch conditions,Evolves: Heliolisk,Open,
GAP-0363,Pokemon Stats.csv,697,1,Tyrunt,Evolution target and trigger,"Give each target an exact target ID and trigger condition (level, item, move, time, trade, or another explicit rule).",Evolves gives target names but no conditions; runtime evolution needs a target ID and a testable trigger.,Target ID; Method; Required Level/Item/Move/Time; Branch conditions,Evolves: Tyrantrum,Open,
GAP-0364,Pokemon Stats.csv,699,1,Amaura,Evolution target and trigger,"Give each target an exact target ID and trigger condition (level, item, move, time, trade, or another explicit rule).",Evolves gives target names but no conditions; runtime evolution needs a target ID and a testable trigger.,Target ID; Method; Required Level/Item/Move/Time; Branch conditions,Evolves: Aurorus,Open,
GAP-0365,Pokemon Stats.csv,705,1,Goomy,Evolution target and trigger,"Give each target an exact target ID and trigger condition (level, item, move, time, trade, or another explicit rule).",Evolves gives target names but no conditions; runtime evolution needs a target ID and a testable trigger.,Target ID; Method; Required Level/Item/Move/Time; Branch conditions,Evolves: Sliggoo,Open,
GAP-0366,Pokemon Stats.csv,706,1,Sliggoo,Evolution target and trigger,"Give each target an exact target ID and trigger condition (level, item, move, time, trade, or another explicit rule).",Evolves gives target names but no conditions; runtime evolution needs a target ID and a testable trigger.,Target ID; Method; Required Level/Item/Move/Time; Branch conditions,Evolves: Goodra,Open,
GAP-0367,Pokemon Stats.csv,709,1,Phantump,Evolution target and trigger,"Give each target an exact target ID and trigger condition (level, item, move, time, trade, or another explicit rule).",Evolves gives target names but no conditions; runtime evolution needs a target ID and a testable trigger.,Target ID; Method; Required Level/Item/Move/Time; Branch conditions,Evolves: Trevenant,Open,
GAP-0368,Pokemon Stats.csv,711,1,Pumpkaboo Average,Evolution target and trigger,"Give each target an exact target ID and trigger condition (level, item, move, time, trade, or another explicit rule). Resolve these labels to exact forms: Gourgeist.",Evolves gives target names but no conditions; runtime evolution needs a target ID and a testable trigger.,Target ID; Method; Required Level/Item/Move/Time; Branch conditions,Evolves: Gourgeist,Open,
GAP-0369,Pokemon Stats.csv,711,1,Pumpkaboo Average [0710 (average)],Form origin and behavior,"Classify as a permanent form, selectable variant, or temporary battle form. For transformations, give base ID, trigger, duration, and reversion.",The suffixed key identifies a row but not how the form is obtained or whether it is selectable.,Form Kind; Base ID; Activation; Duration; Reversion; Availability,Dex key: 0710 (average); Type: Ghost / Grass,Open,
GAP-0370,Pokemon Stats.csv,712,1,Gourgeist Average [0711 (average)],Form origin and behavior,"Classify as a permanent form, selectable variant, or temporary battle form. For transformations, give base ID, trigger, duration, and reversion.",The suffixed key identifies a row but not how the form is obtained or whether it is selectable.,Form Kind; Base ID; Activation; Duration; Reversion; Availability,Dex key: 0711 (average); Type: Ghost / Grass,Open,
GAP-0371,Pokemon Stats.csv,713,1,Bergmite,Evolution target and trigger,"Give each target an exact target ID and trigger condition (level, item, move, time, trade, or another explicit rule).",Evolves gives target names but no conditions; runtime evolution needs a target ID and a testable trigger.,Target ID; Method; Required Level/Item/Move/Time; Branch conditions,Evolves: Avalugg,Open,
GAP-0372,Pokemon Stats.csv,715,1,Noibat,Evolution target and trigger,"Give each target an exact target ID and trigger condition (level, item, move, time, trade, or another explicit rule).",Evolves gives target names but no conditions; runtime evolution needs a target ID and a testable trigger.,Target ID; Method; Required Level/Item/Move/Time; Branch conditions,Evolves: Noivern,Open,
GAP-0373,Pokemon Stats.csv,719,1,Zygarde 50 [0718 (50)],Form origin and behavior,"Classify as a permanent form, selectable variant, or temporary battle form. For transformations, give base ID, trigger, duration, and reversion.",The suffixed key identifies a row but not how the form is obtained or whether it is selectable.,Form Kind; Base ID; Activation; Duration; Reversion; Availability,Dex key: 0718 (50); Type: Dragon / Ground,Open,
GAP-0374,Pokemon Stats.csv,723,1,Rowlet,Evolution target and trigger,"Give each target an exact target ID and trigger condition (level, item, move, time, trade, or another explicit rule).",Evolves gives target names but no conditions; runtime evolution needs a target ID and a testable trigger.,Target ID; Method; Required Level/Item/Move/Time; Branch conditions,Evolves: Dartrix,Open,
GAP-0375,Pokemon Stats.csv,724,1,Dartrix,Evolution target and trigger,"Give each target an exact target ID and trigger condition (level, item, move, time, trade, or another explicit rule).",Evolves gives target names but no conditions; runtime evolution needs a target ID and a testable trigger.,Target ID; Method; Required Level/Item/Move/Time; Branch conditions,Evolves: Decidueye,Open,
GAP-0376,Pokemon Stats.csv,726,1,Litten,Evolution target and trigger,"Give each target an exact target ID and trigger condition (level, item, move, time, trade, or another explicit rule).",Evolves gives target names but no conditions; runtime evolution needs a target ID and a testable trigger.,Target ID; Method; Required Level/Item/Move/Time; Branch conditions,Evolves: Torracat,Open,
GAP-0377,Pokemon Stats.csv,727,1,Torracat,Evolution target and trigger,"Give each target an exact target ID and trigger condition (level, item, move, time, trade, or another explicit rule).",Evolves gives target names but no conditions; runtime evolution needs a target ID and a testable trigger.,Target ID; Method; Required Level/Item/Move/Time; Branch conditions,Evolves: Incineroar,Open,
GAP-0378,Pokemon Stats.csv,729,1,Popplio,Evolution target and trigger,"Give each target an exact target ID and trigger condition (level, item, move, time, trade, or another explicit rule).",Evolves gives target names but no conditions; runtime evolution needs a target ID and a testable trigger.,Target ID; Method; Required Level/Item/Move/Time; Branch conditions,Evolves: Brionne,Open,
GAP-0379,Pokemon Stats.csv,730,1,Brionne,Evolution target and trigger,"Give each target an exact target ID and trigger condition (level, item, move, time, trade, or another explicit rule).",Evolves gives target names but no conditions; runtime evolution needs a target ID and a testable trigger.,Target ID; Method; Required Level/Item/Move/Time; Branch conditions,Evolves: Primarina,Open,
GAP-0380,Pokemon Stats.csv,732,1,Pikipek,Evolution target and trigger,"Give each target an exact target ID and trigger condition (level, item, move, time, trade, or another explicit rule).",Evolves gives target names but no conditions; runtime evolution needs a target ID and a testable trigger.,Target ID; Method; Required Level/Item/Move/Time; Branch conditions,Evolves: Trumbeak,Open,
GAP-0381,Pokemon Stats.csv,733,1,Trumbeak,Evolution target and trigger,"Give each target an exact target ID and trigger condition (level, item, move, time, trade, or another explicit rule).",Evolves gives target names but no conditions; runtime evolution needs a target ID and a testable trigger.,Target ID; Method; Required Level/Item/Move/Time; Branch conditions,Evolves: Toucannon,Open,
GAP-0382,Pokemon Stats.csv,735,1,Yungoos,Evolution target and trigger,"Give each target an exact target ID and trigger condition (level, item, move, time, trade, or another explicit rule).",Evolves gives target names but no conditions; runtime evolution needs a target ID and a testable trigger.,Target ID; Method; Required Level/Item/Move/Time; Branch conditions,Evolves: Gumshoos,Open,
GAP-0383,Pokemon Stats.csv,737,1,Grubbin,Evolution target and trigger,"Give each target an exact target ID and trigger condition (level, item, move, time, trade, or another explicit rule).",Evolves gives target names but no conditions; runtime evolution needs a target ID and a testable trigger.,Target ID; Method; Required Level/Item/Move/Time; Branch conditions,Evolves: Charjabug,Open,
GAP-0384,Pokemon Stats.csv,738,1,Charjabug,Evolution target and trigger,"Give each target an exact target ID and trigger condition (level, item, move, time, trade, or another explicit rule).",Evolves gives target names but no conditions; runtime evolution needs a target ID and a testable trigger.,Target ID; Method; Required Level/Item/Move/Time; Branch conditions,Evolves: Vikavolt,Open,
GAP-0385,Pokemon Stats.csv,740,1,Crabrawler,Evolution target and trigger,"Give each target an exact target ID and trigger condition (level, item, move, time, trade, or another explicit rule).",Evolves gives target names but no conditions; runtime evolution needs a target ID and a testable trigger.,Target ID; Method; Required Level/Item/Move/Time; Branch conditions,Evolves: Crabominable,Open,
GAP-0386,Pokemon Stats.csv,742,1,Oricorio Baile [0741 (baile)],Form origin and behavior,"Classify as a permanent form, selectable variant, or temporary battle form. For transformations, give base ID, trigger, duration, and reversion.",The suffixed key identifies a row but not how the form is obtained or whether it is selectable.,Form Kind; Base ID; Activation; Duration; Reversion; Availability,Dex key: 0741 (baile); Type: Fire / Flying,Open,
GAP-0387,Pokemon Stats.csv,743,1,Cutiefly,Evolution target and trigger,"Give each target an exact target ID and trigger condition (level, item, move, time, trade, or another explicit rule).",Evolves gives target names but no conditions; runtime evolution needs a target ID and a testable trigger.,Target ID; Method; Required Level/Item/Move/Time; Branch conditions,Evolves: Ribombee,Open,
GAP-0388,Pokemon Stats.csv,745,1,Rockruff,Evolution target and trigger,"Give each target an exact target ID and trigger condition (level, item, move, time, trade, or another explicit rule). Resolve these labels to exact forms: Lycanroc.",Evolves gives target names but no conditions; runtime evolution needs a target ID and a testable trigger.,Target ID; Method; Required Level/Item/Move/Time; Branch conditions,Evolves: Lycanroc,Open,
GAP-0389,Pokemon Stats.csv,746,1,Lycanroc Midday [0745 (midday)],Form origin and behavior,"Classify as a permanent form, selectable variant, or temporary battle form. For transformations, give base ID, trigger, duration, and reversion.",The suffixed key identifies a row but not how the form is obtained or whether it is selectable.,Form Kind; Base ID; Activation; Duration; Reversion; Availability,Dex key: 0745 (midday); Type: Rock,Open,
GAP-0390,Pokemon Stats.csv,747,1,Wishiwashi Solo [0746 (solo)],Form origin and behavior,"Classify as a permanent form, selectable variant, or temporary battle form. For transformations, give base ID, trigger, duration, and reversion.",The suffixed key identifies a row but not how the form is obtained or whether it is selectable.,Form Kind; Base ID; Activation; Duration; Reversion; Availability,Dex key: 0746 (solo); Type: Water,Open,
GAP-0391,Pokemon Stats.csv,748,1,Mareanie,Evolution target and trigger,"Give each target an exact target ID and trigger condition (level, item, move, time, trade, or another explicit rule).",Evolves gives target names but no conditions; runtime evolution needs a target ID and a testable trigger.,Target ID; Method; Required Level/Item/Move/Time; Branch conditions,Evolves: Toxapex,Open,
GAP-0392,Pokemon Stats.csv,750,1,Mudbray,Evolution target and trigger,"Give each target an exact target ID and trigger condition (level, item, move, time, trade, or another explicit rule).",Evolves gives target names but no conditions; runtime evolution needs a target ID and a testable trigger.,Target ID; Method; Required Level/Item/Move/Time; Branch conditions,Evolves: Mudsdale,Open,
GAP-0393,Pokemon Stats.csv,752,1,Dewpider,Evolution target and trigger,"Give each target an exact target ID and trigger condition (level, item, move, time, trade, or another explicit rule).",Evolves gives target names but no conditions; runtime evolution needs a target ID and a testable trigger.,Target ID; Method; Required Level/Item/Move/Time; Branch conditions,Evolves: Araquanid,Open,
GAP-0394,Pokemon Stats.csv,754,1,Fomantis,Evolution target and trigger,"Give each target an exact target ID and trigger condition (level, item, move, time, trade, or another explicit rule).",Evolves gives target names but no conditions; runtime evolution needs a target ID and a testable trigger.,Target ID; Method; Required Level/Item/Move/Time; Branch conditions,Evolves: Lurantis,Open,
GAP-0395,Pokemon Stats.csv,756,1,Morelull,Evolution target and trigger,"Give each target an exact target ID and trigger condition (level, item, move, time, trade, or another explicit rule).",Evolves gives target names but no conditions; runtime evolution needs a target ID and a testable trigger.,Target ID; Method; Required Level/Item/Move/Time; Branch conditions,Evolves: Shiinotic,Open,
GAP-0396,Pokemon Stats.csv,758,1,Salandit,Evolution target and trigger,"Give each target an exact target ID and trigger condition (level, item, move, time, trade, or another explicit rule).",Evolves gives target names but no conditions; runtime evolution needs a target ID and a testable trigger.,Target ID; Method; Required Level/Item/Move/Time; Branch conditions,Evolves: Salazzle,Open,
GAP-0397,Pokemon Stats.csv,760,1,Stufful,Evolution target and trigger,"Give each target an exact target ID and trigger condition (level, item, move, time, trade, or another explicit rule).",Evolves gives target names but no conditions; runtime evolution needs a target ID and a testable trigger.,Target ID; Method; Required Level/Item/Move/Time; Branch conditions,Evolves: Bewear,Open,
GAP-0398,Pokemon Stats.csv,762,1,Bounsweet,Evolution target and trigger,"Give each target an exact target ID and trigger condition (level, item, move, time, trade, or another explicit rule).",Evolves gives target names but no conditions; runtime evolution needs a target ID and a testable trigger.,Target ID; Method; Required Level/Item/Move/Time; Branch conditions,Evolves: Steenee,Open,
GAP-0399,Pokemon Stats.csv,763,1,Steenee,Evolution target and trigger,"Give each target an exact target ID and trigger condition (level, item, move, time, trade, or another explicit rule).",Evolves gives target names but no conditions; runtime evolution needs a target ID and a testable trigger.,Target ID; Method; Required Level/Item/Move/Time; Branch conditions,Evolves: Tsareena,Open,
GAP-0400,Pokemon Stats.csv,768,1,Wimpod,Evolution target and trigger,"Give each target an exact target ID and trigger condition (level, item, move, time, trade, or another explicit rule).",Evolves gives target names but no conditions; runtime evolution needs a target ID and a testable trigger.,Target ID; Method; Required Level/Item/Move/Time; Branch conditions,Evolves: Golisopod,Open,
GAP-0401,Pokemon Stats.csv,770,1,Sandygast,Evolution target and trigger,"Give each target an exact target ID and trigger condition (level, item, move, time, trade, or another explicit rule).",Evolves gives target names but no conditions; runtime evolution needs a target ID and a testable trigger.,Target ID; Method; Required Level/Item/Move/Time; Branch conditions,Evolves: Palossand,Open,
GAP-0402,Pokemon Stats.csv,773,1,Type Null,Evolution target and trigger,"Give each target an exact target ID and trigger condition (level, item, move, time, trade, or another explicit rule).",Evolves gives target names but no conditions; runtime evolution needs a target ID and a testable trigger.,Target ID; Method; Required Level/Item/Move/Time; Branch conditions,Evolves: Silvally,Open,
GAP-0403,Pokemon Stats.csv,775,1,Minior Red Meteor [0774 (red-meteor)],Form origin and behavior,"Classify as a permanent form, selectable variant, or temporary battle form. For transformations, give base ID, trigger, duration, and reversion.",The suffixed key identifies a row but not how the form is obtained or whether it is selectable.,Form Kind; Base ID; Activation; Duration; Reversion; Availability,Dex key: 0774 (red-meteor); Type: Rock / Flying,Open,
GAP-0404,Pokemon Stats.csv,779,1,Mimikyu Disguised [0778 (disguised)],Form origin and behavior,"Classify as a permanent form, selectable variant, or temporary battle form. For transformations, give base ID, trigger, duration, and reversion.",The suffixed key identifies a row but not how the form is obtained or whether it is selectable.,Form Kind; Base ID; Activation; Duration; Reversion; Availability,Dex key: 0778 (disguised); Type: Ghost / Fairy,Open,
GAP-0405,Pokemon Stats.csv,783,1,Jangmo O,Evolution target and trigger,"Give each target an exact target ID and trigger condition (level, item, move, time, trade, or another explicit rule).",Evolves gives target names but no conditions; runtime evolution needs a target ID and a testable trigger.,Target ID; Method; Required Level/Item/Move/Time; Branch conditions,Evolves: Hakamo O,Open,
GAP-0406,Pokemon Stats.csv,784,1,Hakamo O,Evolution target and trigger,"Give each target an exact target ID and trigger condition (level, item, move, time, trade, or another explicit rule).",Evolves gives target names but no conditions; runtime evolution needs a target ID and a testable trigger.,Target ID; Method; Required Level/Item/Move/Time; Branch conditions,Evolves: Kommo O,Open,
GAP-0407,Pokemon Stats.csv,790,1,Cosmog,Evolution target and trigger,"Give each target an exact target ID and trigger condition (level, item, move, time, trade, or another explicit rule).",Evolves gives target names but no conditions; runtime evolution needs a target ID and a testable trigger.,Target ID; Method; Required Level/Item/Move/Time; Branch conditions,Evolves: Cosmoem,Open,
GAP-0408,Pokemon Stats.csv,791,1,Cosmoem,Evolution target and trigger,"Give each target an exact target ID and trigger condition (level, item, move, time, trade, or another explicit rule). This entry has branches, so provide one trigger per target.",Evolves gives target names but no conditions; runtime evolution needs a target ID and a testable trigger.,Target ID; Method; Required Level/Item/Move/Time; Branch conditions,Evolves: Solgaleo; Lunala,Open,
GAP-0409,Pokemon Stats.csv,804,1,Poipole,Evolution target and trigger,"Give each target an exact target ID and trigger condition (level, item, move, time, trade, or another explicit rule).",Evolves gives target names but no conditions; runtime evolution needs a target ID and a testable trigger.,Target ID; Method; Required Level/Item/Move/Time; Branch conditions,Evolves: Naganadel,Open,
GAP-0410,Pokemon Stats.csv,809,1,Meltan,Evolution target and trigger,"Give each target an exact target ID and trigger condition (level, item, move, time, trade, or another explicit rule).",Evolves gives target names but no conditions; runtime evolution needs a target ID and a testable trigger.,Target ID; Method; Required Level/Item/Move/Time; Branch conditions,Evolves: Melmetal,Open,
GAP-0411,Pokemon Stats.csv,811,1,Grookey,Evolution target and trigger,"Give each target an exact target ID and trigger condition (level, item, move, time, trade, or another explicit rule).",Evolves gives target names but no conditions; runtime evolution needs a target ID and a testable trigger.,Target ID; Method; Required Level/Item/Move/Time; Branch conditions,Evolves: Thwackey,Open,
GAP-0412,Pokemon Stats.csv,812,1,Thwackey,Evolution target and trigger,"Give each target an exact target ID and trigger condition (level, item, move, time, trade, or another explicit rule).",Evolves gives target names but no conditions; runtime evolution needs a target ID and a testable trigger.,Target ID; Method; Required Level/Item/Move/Time; Branch conditions,Evolves: Rillaboom,Open,
GAP-0413,Pokemon Stats.csv,814,1,Scorbunny,Evolution target and trigger,"Give each target an exact target ID and trigger condition (level, item, move, time, trade, or another explicit rule).",Evolves gives target names but no conditions; runtime evolution needs a target ID and a testable trigger.,Target ID; Method; Required Level/Item/Move/Time; Branch conditions,Evolves: Raboot,Open,
GAP-0414,Pokemon Stats.csv,815,1,Raboot,Evolution target and trigger,"Give each target an exact target ID and trigger condition (level, item, move, time, trade, or another explicit rule).",Evolves gives target names but no conditions; runtime evolution needs a target ID and a testable trigger.,Target ID; Method; Required Level/Item/Move/Time; Branch conditions,Evolves: Cinderace,Open,
GAP-0415,Pokemon Stats.csv,817,1,Sobble,Evolution target and trigger,"Give each target an exact target ID and trigger condition (level, item, move, time, trade, or another explicit rule).",Evolves gives target names but no conditions; runtime evolution needs a target ID and a testable trigger.,Target ID; Method; Required Level/Item/Move/Time; Branch conditions,Evolves: Drizzile,Open,
GAP-0416,Pokemon Stats.csv,818,1,Drizzile,Evolution target and trigger,"Give each target an exact target ID and trigger condition (level, item, move, time, trade, or another explicit rule).",Evolves gives target names but no conditions; runtime evolution needs a target ID and a testable trigger.,Target ID; Method; Required Level/Item/Move/Time; Branch conditions,Evolves: Inteleon,Open,
GAP-0417,Pokemon Stats.csv,820,1,Skwovet,Evolution target and trigger,"Give each target an exact target ID and trigger condition (level, item, move, time, trade, or another explicit rule).",Evolves gives target names but no conditions; runtime evolution needs a target ID and a testable trigger.,Target ID; Method; Required Level/Item/Move/Time; Branch conditions,Evolves: Greedent,Open,
GAP-0418,Pokemon Stats.csv,822,1,Rookidee,Evolution target and trigger,"Give each target an exact target ID and trigger condition (level, item, move, time, trade, or another explicit rule).",Evolves gives target names but no conditions; runtime evolution needs a target ID and a testable trigger.,Target ID; Method; Required Level/Item/Move/Time; Branch conditions,Evolves: Corvisquire,Open,
GAP-0419,Pokemon Stats.csv,823,1,Corvisquire,Evolution target and trigger,"Give each target an exact target ID and trigger condition (level, item, move, time, trade, or another explicit rule).",Evolves gives target names but no conditions; runtime evolution needs a target ID and a testable trigger.,Target ID; Method; Required Level/Item/Move/Time; Branch conditions,Evolves: Corviknight,Open,
GAP-0420,Pokemon Stats.csv,825,1,Blipbug,Evolution target and trigger,"Give each target an exact target ID and trigger condition (level, item, move, time, trade, or another explicit rule).",Evolves gives target names but no conditions; runtime evolution needs a target ID and a testable trigger.,Target ID; Method; Required Level/Item/Move/Time; Branch conditions,Evolves: Dottler,Open,
GAP-0421,Pokemon Stats.csv,826,1,Dottler,Evolution target and trigger,"Give each target an exact target ID and trigger condition (level, item, move, time, trade, or another explicit rule).",Evolves gives target names but no conditions; runtime evolution needs a target ID and a testable trigger.,Target ID; Method; Required Level/Item/Move/Time; Branch conditions,Evolves: Orbeetle,Open,
GAP-0422,Pokemon Stats.csv,828,1,Nickit,Evolution target and trigger,"Give each target an exact target ID and trigger condition (level, item, move, time, trade, or another explicit rule).",Evolves gives target names but no conditions; runtime evolution needs a target ID and a testable trigger.,Target ID; Method; Required Level/Item/Move/Time; Branch conditions,Evolves: Thievul,Open,
GAP-0423,Pokemon Stats.csv,830,1,Gossifleur,Evolution target and trigger,"Give each target an exact target ID and trigger condition (level, item, move, time, trade, or another explicit rule).",Evolves gives target names but no conditions; runtime evolution needs a target ID and a testable trigger.,Target ID; Method; Required Level/Item/Move/Time; Branch conditions,Evolves: Eldegoss,Open,
GAP-0424,Pokemon Stats.csv,832,1,Wooloo,Evolution target and trigger,"Give each target an exact target ID and trigger condition (level, item, move, time, trade, or another explicit rule).",Evolves gives target names but no conditions; runtime evolution needs a target ID and a testable trigger.,Target ID; Method; Required Level/Item/Move/Time; Branch conditions,Evolves: Dubwool,Open,
GAP-0425,Pokemon Stats.csv,834,1,Chewtle,Evolution target and trigger,"Give each target an exact target ID and trigger condition (level, item, move, time, trade, or another explicit rule).",Evolves gives target names but no conditions; runtime evolution needs a target ID and a testable trigger.,Target ID; Method; Required Level/Item/Move/Time; Branch conditions,Evolves: Drednaw,Open,
GAP-0426,Pokemon Stats.csv,836,1,Yamper,Evolution target and trigger,"Give each target an exact target ID and trigger condition (level, item, move, time, trade, or another explicit rule).",Evolves gives target names but no conditions; runtime evolution needs a target ID and a testable trigger.,Target ID; Method; Required Level/Item/Move/Time; Branch conditions,Evolves: Boltund,Open,
GAP-0427,Pokemon Stats.csv,838,1,Rolycoly,Evolution target and trigger,"Give each target an exact target ID and trigger condition (level, item, move, time, trade, or another explicit rule).",Evolves gives target names but no conditions; runtime evolution needs a target ID and a testable trigger.,Target ID; Method; Required Level/Item/Move/Time; Branch conditions,Evolves: Carkol,Open,
GAP-0428,Pokemon Stats.csv,839,1,Carkol,Evolution target and trigger,"Give each target an exact target ID and trigger condition (level, item, move, time, trade, or another explicit rule).",Evolves gives target names but no conditions; runtime evolution needs a target ID and a testable trigger.,Target ID; Method; Required Level/Item/Move/Time; Branch conditions,Evolves: Coalossal,Open,
GAP-0429,Pokemon Stats.csv,841,1,Applin,Evolution target and trigger,"Give each target an exact target ID and trigger condition (level, item, move, time, trade, or another explicit rule). This entry has branches, so provide one trigger per target.",Evolves gives target names but no conditions; runtime evolution needs a target ID and a testable trigger.,Target ID; Method; Required Level/Item/Move/Time; Branch conditions,Evolves: Flapple; Appletun; Dipplin,Open,
GAP-0430,Pokemon Stats.csv,844,1,Silicobra,Evolution target and trigger,"Give each target an exact target ID and trigger condition (level, item, move, time, trade, or another explicit rule).",Evolves gives target names but no conditions; runtime evolution needs a target ID and a testable trigger.,Target ID; Method; Required Level/Item/Move/Time; Branch conditions,Evolves: Sandaconda,Open,
GAP-0431,Pokemon Stats.csv,847,1,Arrokuda,Evolution target and trigger,"Give each target an exact target ID and trigger condition (level, item, move, time, trade, or another explicit rule).",Evolves gives target names but no conditions; runtime evolution needs a target ID and a testable trigger.,Target ID; Method; Required Level/Item/Move/Time; Branch conditions,Evolves: Barraskewda,Open,
GAP-0432,Pokemon Stats.csv,849,1,Toxel,Evolution target and trigger,"Give each target an exact target ID and trigger condition (level, item, move, time, trade, or another explicit rule). Resolve these labels to exact forms: Toxtricity.",Evolves gives target names but no conditions; runtime evolution needs a target ID and a testable trigger.,Target ID; Method; Required Level/Item/Move/Time; Branch conditions,Evolves: Toxtricity,Open,
GAP-0433,Pokemon Stats.csv,850,1,Toxtricity Amped [0849 (amped)],Form origin and behavior,"Classify as a permanent form, selectable variant, or temporary battle form. For transformations, give base ID, trigger, duration, and reversion.",The suffixed key identifies a row but not how the form is obtained or whether it is selectable.,Form Kind; Base ID; Activation; Duration; Reversion; Availability,Dex key: 0849 (amped); Type: Electric / Poison,Open,
GAP-0434,Pokemon Stats.csv,851,1,Sizzlipede,Evolution target and trigger,"Give each target an exact target ID and trigger condition (level, item, move, time, trade, or another explicit rule).",Evolves gives target names but no conditions; runtime evolution needs a target ID and a testable trigger.,Target ID; Method; Required Level/Item/Move/Time; Branch conditions,Evolves: Centiskorch,Open,
GAP-0435,Pokemon Stats.csv,853,1,Clobbopus,Evolution target and trigger,"Give each target an exact target ID and trigger condition (level, item, move, time, trade, or another explicit rule).",Evolves gives target names but no conditions; runtime evolution needs a target ID and a testable trigger.,Target ID; Method; Required Level/Item/Move/Time; Branch conditions,Evolves: Grapploct,Open,
GAP-0436,Pokemon Stats.csv,855,1,Sinistea,Evolution target and trigger,"Give each target an exact target ID and trigger condition (level, item, move, time, trade, or another explicit rule).",Evolves gives target names but no conditions; runtime evolution needs a target ID and a testable trigger.,Target ID; Method; Required Level/Item/Move/Time; Branch conditions,Evolves: Polteageist,Open,
GAP-0437,Pokemon Stats.csv,857,1,Hatenna,Evolution target and trigger,"Give each target an exact target ID and trigger condition (level, item, move, time, trade, or another explicit rule).",Evolves gives target names but no conditions; runtime evolution needs a target ID and a testable trigger.,Target ID; Method; Required Level/Item/Move/Time; Branch conditions,Evolves: Hattrem,Open,
GAP-0438,Pokemon Stats.csv,858,1,Hattrem,Evolution target and trigger,"Give each target an exact target ID and trigger condition (level, item, move, time, trade, or another explicit rule).",Evolves gives target names but no conditions; runtime evolution needs a target ID and a testable trigger.,Target ID; Method; Required Level/Item/Move/Time; Branch conditions,Evolves: Hatterene,Open,
GAP-0439,Pokemon Stats.csv,860,1,Impidimp,Evolution target and trigger,"Give each target an exact target ID and trigger condition (level, item, move, time, trade, or another explicit rule).",Evolves gives target names but no conditions; runtime evolution needs a target ID and a testable trigger.,Target ID; Method; Required Level/Item/Move/Time; Branch conditions,Evolves: Morgrem,Open,
GAP-0440,Pokemon Stats.csv,861,1,Morgrem,Evolution target and trigger,"Give each target an exact target ID and trigger condition (level, item, move, time, trade, or another explicit rule).",Evolves gives target names but no conditions; runtime evolution needs a target ID and a testable trigger.,Target ID; Method; Required Level/Item/Move/Time; Branch conditions,Evolves: Grimmsnarl,Open,
GAP-0441,Pokemon Stats.csv,869,1,Milcery,Evolution target and trigger,"Give each target an exact target ID and trigger condition (level, item, move, time, trade, or another explicit rule).",Evolves gives target names but no conditions; runtime evolution needs a target ID and a testable trigger.,Target ID; Method; Required Level/Item/Move/Time; Branch conditions,Evolves: Alcremie,Open,
GAP-0442,Pokemon Stats.csv,873,1,Snom,Evolution target and trigger,"Give each target an exact target ID and trigger condition (level, item, move, time, trade, or another explicit rule).",Evolves gives target names but no conditions; runtime evolution needs a target ID and a testable trigger.,Target ID; Method; Required Level/Item/Move/Time; Branch conditions,Evolves: Frosmoth,Open,
GAP-0443,Pokemon Stats.csv,876,1,Eiscue Ice [0875 (ice)],Form origin and behavior,"Classify as a permanent form, selectable variant, or temporary battle form. For transformations, give base ID, trigger, duration, and reversion.",The suffixed key identifies a row but not how the form is obtained or whether it is selectable.,Form Kind; Base ID; Activation; Duration; Reversion; Availability,Dex key: 0875 (ice); Type: Ice,Open,
GAP-0444,Pokemon Stats.csv,877,1,Indeedee Male [0876 (male)],Form origin and behavior,"Classify as a permanent form, selectable variant, or temporary battle form. For transformations, give base ID, trigger, duration, and reversion.",The suffixed key identifies a row but not how the form is obtained or whether it is selectable.,Form Kind; Base ID; Activation; Duration; Reversion; Availability,Dex key: 0876 (male); Type: Psychic / Normal,Open,
GAP-0445,Pokemon Stats.csv,878,1,Morpeko Full Belly [0877 (full-belly)],Form origin and behavior,"Classify as a permanent form, selectable variant, or temporary battle form. For transformations, give base ID, trigger, duration, and reversion.",The suffixed key identifies a row but not how the form is obtained or whether it is selectable.,Form Kind; Base ID; Activation; Duration; Reversion; Availability,Dex key: 0877 (full-belly); Type: Electric / Dark,Open,
GAP-0446,Pokemon Stats.csv,879,1,Cufant,Evolution target and trigger,"Give each target an exact target ID and trigger condition (level, item, move, time, trade, or another explicit rule).",Evolves gives target names but no conditions; runtime evolution needs a target ID and a testable trigger.,Target ID; Method; Required Level/Item/Move/Time; Branch conditions,Evolves: Copperajah,Open,
GAP-0447,Pokemon Stats.csv,885,1,Duraludon,Evolution target and trigger,"Give each target an exact target ID and trigger condition (level, item, move, time, trade, or another explicit rule).",Evolves gives target names but no conditions; runtime evolution needs a target ID and a testable trigger.,Target ID; Method; Required Level/Item/Move/Time; Branch conditions,Evolves: Archaludon,Open,
GAP-0448,Pokemon Stats.csv,886,1,Dreepy,Evolution target and trigger,"Give each target an exact target ID and trigger condition (level, item, move, time, trade, or another explicit rule).",Evolves gives target names but no conditions; runtime evolution needs a target ID and a testable trigger.,Target ID; Method; Required Level/Item/Move/Time; Branch conditions,Evolves: Drakloak,Open,
GAP-0449,Pokemon Stats.csv,887,1,Drakloak,Evolution target and trigger,"Give each target an exact target ID and trigger condition (level, item, move, time, trade, or another explicit rule).",Evolves gives target names but no conditions; runtime evolution needs a target ID and a testable trigger.,Target ID; Method; Required Level/Item/Move/Time; Branch conditions,Evolves: Dragapult,Open,
GAP-0450,Pokemon Stats.csv,892,1,Kubfu,Evolution target and trigger,"Give each target an exact target ID and trigger condition (level, item, move, time, trade, or another explicit rule). Resolve these labels to exact forms: Urshifu.",Evolves gives target names but no conditions; runtime evolution needs a target ID and a testable trigger.,Target ID; Method; Required Level/Item/Move/Time; Branch conditions,Evolves: Urshifu,Open,
GAP-0451,Pokemon Stats.csv,893,1,Urshifu Single Strike [0892 (single-strike)],Form origin and behavior,"Classify as a permanent form, selectable variant, or temporary battle form. For transformations, give base ID, trigger, duration, and reversion.",The suffixed key identifies a row but not how the form is obtained or whether it is selectable.,Form Kind; Base ID; Activation; Duration; Reversion; Availability,Dex key: 0892 (single-strike); Type: Fighting / Dark,Open,
GAP-0452,Pokemon Stats.csv,903,1,Basculegion Male [0902 (male)],Form origin and behavior,"Classify as a permanent form, selectable variant, or temporary battle form. For transformations, give base ID, trigger, duration, and reversion.",The suffixed key identifies a row but not how the form is obtained or whether it is selectable.,Form Kind; Base ID; Activation; Duration; Reversion; Availability,Dex key: 0902 (male); Type: Water / Ghost,Open,
GAP-0453,Pokemon Stats.csv,906,1,Enamorus Incarnate [0905 (incarnate)],Form origin and behavior,"Classify as a permanent form, selectable variant, or temporary battle form. For transformations, give base ID, trigger, duration, and reversion.",The suffixed key identifies a row but not how the form is obtained or whether it is selectable.,Form Kind; Base ID; Activation; Duration; Reversion; Availability,Dex key: 0905 (incarnate); Type: Fairy / Flying,Open,
GAP-0454,Pokemon Stats.csv,907,1,Sprigatito,Evolution target and trigger,"Give each target an exact target ID and trigger condition (level, item, move, time, trade, or another explicit rule).",Evolves gives target names but no conditions; runtime evolution needs a target ID and a testable trigger.,Target ID; Method; Required Level/Item/Move/Time; Branch conditions,Evolves: Floragato,Open,
GAP-0455,Pokemon Stats.csv,908,1,Floragato,Evolution target and trigger,"Give each target an exact target ID and trigger condition (level, item, move, time, trade, or another explicit rule).",Evolves gives target names but no conditions; runtime evolution needs a target ID and a testable trigger.,Target ID; Method; Required Level/Item/Move/Time; Branch conditions,Evolves: Meowscarada,Open,
GAP-0456,Pokemon Stats.csv,910,1,Fuecoco,Evolution target and trigger,"Give each target an exact target ID and trigger condition (level, item, move, time, trade, or another explicit rule).",Evolves gives target names but no conditions; runtime evolution needs a target ID and a testable trigger.,Target ID; Method; Required Level/Item/Move/Time; Branch conditions,Evolves: Crocalor,Open,
GAP-0457,Pokemon Stats.csv,911,1,Crocalor,Evolution target and trigger,"Give each target an exact target ID and trigger condition (level, item, move, time, trade, or another explicit rule).",Evolves gives target names but no conditions; runtime evolution needs a target ID and a testable trigger.,Target ID; Method; Required Level/Item/Move/Time; Branch conditions,Evolves: Skeledirge,Open,
GAP-0458,Pokemon Stats.csv,913,1,Quaxly,Evolution target and trigger,"Give each target an exact target ID and trigger condition (level, item, move, time, trade, or another explicit rule).",Evolves gives target names but no conditions; runtime evolution needs a target ID and a testable trigger.,Target ID; Method; Required Level/Item/Move/Time; Branch conditions,Evolves: Quaxwell,Open,
GAP-0459,Pokemon Stats.csv,914,1,Quaxwell,Evolution target and trigger,"Give each target an exact target ID and trigger condition (level, item, move, time, trade, or another explicit rule).",Evolves gives target names but no conditions; runtime evolution needs a target ID and a testable trigger.,Target ID; Method; Required Level/Item/Move/Time; Branch conditions,Evolves: Quaquaval,Open,
GAP-0460,Pokemon Stats.csv,916,1,Lechonk,Evolution target and trigger,"Give each target an exact target ID and trigger condition (level, item, move, time, trade, or another explicit rule). Resolve these labels to exact forms: Oinkologne.",Evolves gives target names but no conditions; runtime evolution needs a target ID and a testable trigger.,Target ID; Method; Required Level/Item/Move/Time; Branch conditions,Evolves: Oinkologne,Open,
GAP-0461,Pokemon Stats.csv,917,1,Oinkologne Male [0916 (male)],Form origin and behavior,"Classify as a permanent form, selectable variant, or temporary battle form. For transformations, give base ID, trigger, duration, and reversion.",The suffixed key identifies a row but not how the form is obtained or whether it is selectable.,Form Kind; Base ID; Activation; Duration; Reversion; Availability,Dex key: 0916 (male); Type: Normal,Open,
GAP-0462,Pokemon Stats.csv,918,1,Tarountula,Evolution target and trigger,"Give each target an exact target ID and trigger condition (level, item, move, time, trade, or another explicit rule).",Evolves gives target names but no conditions; runtime evolution needs a target ID and a testable trigger.,Target ID; Method; Required Level/Item/Move/Time; Branch conditions,Evolves: Spidops,Open,
GAP-0463,Pokemon Stats.csv,920,1,Nymble,Evolution target and trigger,"Give each target an exact target ID and trigger condition (level, item, move, time, trade, or another explicit rule).",Evolves gives target names but no conditions; runtime evolution needs a target ID and a testable trigger.,Target ID; Method; Required Level/Item/Move/Time; Branch conditions,Evolves: Lokix,Open,
GAP-0464,Pokemon Stats.csv,922,1,Pawmi,Evolution target and trigger,"Give each target an exact target ID and trigger condition (level, item, move, time, trade, or another explicit rule).",Evolves gives target names but no conditions; runtime evolution needs a target ID and a testable trigger.,Target ID; Method; Required Level/Item/Move/Time; Branch conditions,Evolves: Pawmo,Open,
GAP-0465,Pokemon Stats.csv,923,1,Pawmo,Evolution target and trigger,"Give each target an exact target ID and trigger condition (level, item, move, time, trade, or another explicit rule).",Evolves gives target names but no conditions; runtime evolution needs a target ID and a testable trigger.,Target ID; Method; Required Level/Item/Move/Time; Branch conditions,Evolves: Pawmot,Open,
GAP-0466,Pokemon Stats.csv,925,1,Tandemaus,Evolution target and trigger,"Give each target an exact target ID and trigger condition (level, item, move, time, trade, or another explicit rule). Resolve these labels to exact forms: Maushold.",Evolves gives target names but no conditions; runtime evolution needs a target ID and a testable trigger.,Target ID; Method; Required Level/Item/Move/Time; Branch conditions,Evolves: Maushold,Open,
GAP-0467,Pokemon Stats.csv,926,1,Maushold Family Of Four [0925 (family-of-four)],Form origin and behavior,"Classify as a permanent form, selectable variant, or temporary battle form. For transformations, give base ID, trigger, duration, and reversion.",The suffixed key identifies a row but not how the form is obtained or whether it is selectable.,Form Kind; Base ID; Activation; Duration; Reversion; Availability,Dex key: 0925 (family-of-four); Type: Normal,Open,
GAP-0468,Pokemon Stats.csv,927,1,Fidough,Evolution target and trigger,"Give each target an exact target ID and trigger condition (level, item, move, time, trade, or another explicit rule).",Evolves gives target names but no conditions; runtime evolution needs a target ID and a testable trigger.,Target ID; Method; Required Level/Item/Move/Time; Branch conditions,Evolves: Dachsbun,Open,
GAP-0469,Pokemon Stats.csv,929,1,Smoliv,Evolution target and trigger,"Give each target an exact target ID and trigger condition (level, item, move, time, trade, or another explicit rule).",Evolves gives target names but no conditions; runtime evolution needs a target ID and a testable trigger.,Target ID; Method; Required Level/Item/Move/Time; Branch conditions,Evolves: Dolliv,Open,
GAP-0470,Pokemon Stats.csv,930,1,Dolliv,Evolution target and trigger,"Give each target an exact target ID and trigger condition (level, item, move, time, trade, or another explicit rule).",Evolves gives target names but no conditions; runtime evolution needs a target ID and a testable trigger.,Target ID; Method; Required Level/Item/Move/Time; Branch conditions,Evolves: Arboliva,Open,
GAP-0471,Pokemon Stats.csv,932,1,Squawkabilly Green Plumage [0931 (green-plumage)],Form origin and behavior,"Classify as a permanent form, selectable variant, or temporary battle form. For transformations, give base ID, trigger, duration, and reversion.",The suffixed key identifies a row but not how the form is obtained or whether it is selectable.,Form Kind; Base ID; Activation; Duration; Reversion; Availability,Dex key: 0931 (green-plumage); Type: Normal / Flying,Open,
GAP-0472,Pokemon Stats.csv,933,1,Nacli,Evolution target and trigger,"Give each target an exact target ID and trigger condition (level, item, move, time, trade, or another explicit rule).",Evolves gives target names but no conditions; runtime evolution needs a target ID and a testable trigger.,Target ID; Method; Required Level/Item/Move/Time; Branch conditions,Evolves: Naclstack,Open,
GAP-0473,Pokemon Stats.csv,934,1,Naclstack,Evolution target and trigger,"Give each target an exact target ID and trigger condition (level, item, move, time, trade, or another explicit rule).",Evolves gives target names but no conditions; runtime evolution needs a target ID and a testable trigger.,Target ID; Method; Required Level/Item/Move/Time; Branch conditions,Evolves: Garganacl,Open,
GAP-0474,Pokemon Stats.csv,936,1,Charcadet,Evolution target and trigger,"Give each target an exact target ID and trigger condition (level, item, move, time, trade, or another explicit rule). This entry has branches, so provide one trigger per target.",Evolves gives target names but no conditions; runtime evolution needs a target ID and a testable trigger.,Target ID; Method; Required Level/Item/Move/Time; Branch conditions,Evolves: Armarouge; Ceruledge,Open,
GAP-0475,Pokemon Stats.csv,939,1,Tadbulb,Evolution target and trigger,"Give each target an exact target ID and trigger condition (level, item, move, time, trade, or another explicit rule).",Evolves gives target names but no conditions; runtime evolution needs a target ID and a testable trigger.,Target ID; Method; Required Level/Item/Move/Time; Branch conditions,Evolves: Bellibolt,Open,
GAP-0476,Pokemon Stats.csv,941,1,Wattrel,Evolution target and trigger,"Give each target an exact target ID and trigger condition (level, item, move, time, trade, or another explicit rule).",Evolves gives target names but no conditions; runtime evolution needs a target ID and a testable trigger.,Target ID; Method; Required Level/Item/Move/Time; Branch conditions,Evolves: Kilowattrel,Open,
GAP-0477,Pokemon Stats.csv,943,1,Maschiff,Evolution target and trigger,"Give each target an exact target ID and trigger condition (level, item, move, time, trade, or another explicit rule).",Evolves gives target names but no conditions; runtime evolution needs a target ID and a testable trigger.,Target ID; Method; Required Level/Item/Move/Time; Branch conditions,Evolves: Mabosstiff,Open,
GAP-0478,Pokemon Stats.csv,945,1,Shroodle,Evolution target and trigger,"Give each target an exact target ID and trigger condition (level, item, move, time, trade, or another explicit rule).",Evolves gives target names but no conditions; runtime evolution needs a target ID and a testable trigger.,Target ID; Method; Required Level/Item/Move/Time; Branch conditions,Evolves: Grafaiai,Open,
GAP-0479,Pokemon Stats.csv,947,1,Bramblin,Evolution target and trigger,"Give each target an exact target ID and trigger condition (level, item, move, time, trade, or another explicit rule).",Evolves gives target names but no conditions; runtime evolution needs a target ID and a testable trigger.,Target ID; Method; Required Level/Item/Move/Time; Branch conditions,Evolves: Brambleghast,Open,
GAP-0480,Pokemon Stats.csv,949,1,Toedscool,Evolution target and trigger,"Give each target an exact target ID and trigger condition (level, item, move, time, trade, or another explicit rule).",Evolves gives target names but no conditions; runtime evolution needs a target ID and a testable trigger.,Target ID; Method; Required Level/Item/Move/Time; Branch conditions,Evolves: Toedscruel,Open,
GAP-0481,Pokemon Stats.csv,952,1,Capsakid,Evolution target and trigger,"Give each target an exact target ID and trigger condition (level, item, move, time, trade, or another explicit rule).",Evolves gives target names but no conditions; runtime evolution needs a target ID and a testable trigger.,Target ID; Method; Required Level/Item/Move/Time; Branch conditions,Evolves: Scovillain,Open,
GAP-0482,Pokemon Stats.csv,954,1,Rellor,Evolution target and trigger,"Give each target an exact target ID and trigger condition (level, item, move, time, trade, or another explicit rule).",Evolves gives target names but no conditions; runtime evolution needs a target ID and a testable trigger.,Target ID; Method; Required Level/Item/Move/Time; Branch conditions,Evolves: Rabsca,Open,
GAP-0483,Pokemon Stats.csv,956,1,Flittle,Evolution target and trigger,"Give each target an exact target ID and trigger condition (level, item, move, time, trade, or another explicit rule).",Evolves gives target names but no conditions; runtime evolution needs a target ID and a testable trigger.,Target ID; Method; Required Level/Item/Move/Time; Branch conditions,Evolves: Espathra,Open,
GAP-0484,Pokemon Stats.csv,958,1,Tinkatink,Evolution target and trigger,"Give each target an exact target ID and trigger condition (level, item, move, time, trade, or another explicit rule).",Evolves gives target names but no conditions; runtime evolution needs a target ID and a testable trigger.,Target ID; Method; Required Level/Item/Move/Time; Branch conditions,Evolves: Tinkatuff,Open,
GAP-0485,Pokemon Stats.csv,959,1,Tinkatuff,Evolution target and trigger,"Give each target an exact target ID and trigger condition (level, item, move, time, trade, or another explicit rule).",Evolves gives target names but no conditions; runtime evolution needs a target ID and a testable trigger.,Target ID; Method; Required Level/Item/Move/Time; Branch conditions,Evolves: Tinkaton,Open,
GAP-0486,Pokemon Stats.csv,961,1,Wiglett,Evolution target and trigger,"Give each target an exact target ID and trigger condition (level, item, move, time, trade, or another explicit rule).",Evolves gives target names but no conditions; runtime evolution needs a target ID and a testable trigger.,Target ID; Method; Required Level/Item/Move/Time; Branch conditions,Evolves: Wugtrio,Open,
GAP-0487,Pokemon Stats.csv,964,1,Finizen,Evolution target and trigger,"Give each target an exact target ID and trigger condition (level, item, move, time, trade, or another explicit rule). Resolve these labels to exact forms: Palafin.",Evolves gives target names but no conditions; runtime evolution needs a target ID and a testable trigger.,Target ID; Method; Required Level/Item/Move/Time; Branch conditions,Evolves: Palafin,Open,
GAP-0488,Pokemon Stats.csv,965,1,Palafin Zero [0964 (zero)],Form origin and behavior,"Classify as a permanent form, selectable variant, or temporary battle form. For transformations, give base ID, trigger, duration, and reversion.",The suffixed key identifies a row but not how the form is obtained or whether it is selectable.,Form Kind; Base ID; Activation; Duration; Reversion; Availability,Dex key: 0964 (zero); Type: Water,Open,
GAP-0489,Pokemon Stats.csv,966,1,Varoom,Evolution target and trigger,"Give each target an exact target ID and trigger condition (level, item, move, time, trade, or another explicit rule).",Evolves gives target names but no conditions; runtime evolution needs a target ID and a testable trigger.,Target ID; Method; Required Level/Item/Move/Time; Branch conditions,Evolves: Revavroom,Open,
GAP-0490,Pokemon Stats.csv,970,1,Glimmet,Evolution target and trigger,"Give each target an exact target ID and trigger condition (level, item, move, time, trade, or another explicit rule).",Evolves gives target names but no conditions; runtime evolution needs a target ID and a testable trigger.,Target ID; Method; Required Level/Item/Move/Time; Branch conditions,Evolves: Glimmora,Open,
GAP-0491,Pokemon Stats.csv,972,1,Greavard,Evolution target and trigger,"Give each target an exact target ID and trigger condition (level, item, move, time, trade, or another explicit rule).",Evolves gives target names but no conditions; runtime evolution needs a target ID and a testable trigger.,Target ID; Method; Required Level/Item/Move/Time; Branch conditions,Evolves: Houndstone,Open,
GAP-0492,Pokemon Stats.csv,975,1,Cetoddle,Evolution target and trigger,"Give each target an exact target ID and trigger condition (level, item, move, time, trade, or another explicit rule).",Evolves gives target names but no conditions; runtime evolution needs a target ID and a testable trigger.,Target ID; Method; Required Level/Item/Move/Time; Branch conditions,Evolves: Cetitan,Open,
GAP-0493,Pokemon Stats.csv,979,1,Tatsugiri Curly [0978 (curly)],Form origin and behavior,"Classify as a permanent form, selectable variant, or temporary battle form. For transformations, give base ID, trigger, duration, and reversion.",The suffixed key identifies a row but not how the form is obtained or whether it is selectable.,Form Kind; Base ID; Activation; Duration; Reversion; Availability,Dex key: 0978 (curly); Type: Dragon / Water,Open,
GAP-0494,Pokemon Stats.csv,983,1,Dudunsparce Two Segment [0982 (two-segment)],Form origin and behavior,"Classify as a permanent form, selectable variant, or temporary battle form. For transformations, give base ID, trigger, duration, and reversion.",The suffixed key identifies a row but not how the form is obtained or whether it is selectable.,Form Kind; Base ID; Activation; Duration; Reversion; Availability,Dex key: 0982 (two-segment); Type: Normal,Open,
GAP-0495,Pokemon Stats.csv,997,1,Frigibax,Evolution target and trigger,"Give each target an exact target ID and trigger condition (level, item, move, time, trade, or another explicit rule).",Evolves gives target names but no conditions; runtime evolution needs a target ID and a testable trigger.,Target ID; Method; Required Level/Item/Move/Time; Branch conditions,Evolves: Arctibax,Open,
GAP-0496,Pokemon Stats.csv,998,1,Arctibax,Evolution target and trigger,"Give each target an exact target ID and trigger condition (level, item, move, time, trade, or another explicit rule).",Evolves gives target names but no conditions; runtime evolution needs a target ID and a testable trigger.,Target ID; Method; Required Level/Item/Move/Time; Branch conditions,Evolves: Baxcalibur,Open,
GAP-0497,Pokemon Stats.csv,1000,1,Gimmighoul,Evolution target and trigger,"Give each target an exact target ID and trigger condition (level, item, move, time, trade, or another explicit rule).",Evolves gives target names but no conditions; runtime evolution needs a target ID and a testable trigger.,Target ID; Method; Required Level/Item/Move/Time; Branch conditions,Evolves: Gholdengo,Open,
GAP-0498,Pokemon Stats.csv,1012,1,Dipplin,Evolution target and trigger,"Give each target an exact target ID and trigger condition (level, item, move, time, trade, or another explicit rule).",Evolves gives target names but no conditions; runtime evolution needs a target ID and a testable trigger.,Target ID; Method; Required Level/Item/Move/Time; Branch conditions,Evolves: Hydrapple,Open,
GAP-0499,Pokemon Stats.csv,1013,1,Poltchageist,Evolution target and trigger,"Give each target an exact target ID and trigger condition (level, item, move, time, trade, or another explicit rule).",Evolves gives target names but no conditions; runtime evolution needs a target ID and a testable trigger.,Target ID; Method; Required Level/Item/Move/Time; Branch conditions,Evolves: Sinistcha,Open,
GAP-0500,Pokemon Stats.csv,1027,1,Deoxys Attack [0386 (attack)],Form origin and behavior,"Classify as a permanent form, selectable variant, or temporary battle form. For transformations, give base ID, trigger, duration, and reversion.",The suffixed key identifies a row but not how the form is obtained or whether it is selectable.,Form Kind; Base ID; Activation; Duration; Reversion; Availability,Dex key: 0386 (attack); Type: Psychic,Open,
GAP-0501,Pokemon Stats.csv,1028,1,Deoxys Defense [0386 (defense)],Form origin and behavior,"Classify as a permanent form, selectable variant, or temporary battle form. For transformations, give base ID, trigger, duration, and reversion.",The suffixed key identifies a row but not how the form is obtained or whether it is selectable.,Form Kind; Base ID; Activation; Duration; Reversion; Availability,Dex key: 0386 (defense); Type: Psychic,Open,
GAP-0502,Pokemon Stats.csv,1029,1,Deoxys Speed [0386 (speed)],Form origin and behavior,"Classify as a permanent form, selectable variant, or temporary battle form. For transformations, give base ID, trigger, duration, and reversion.",The suffixed key identifies a row but not how the form is obtained or whether it is selectable.,Form Kind; Base ID; Activation; Duration; Reversion; Availability,Dex key: 0386 (speed); Type: Psychic,Open,
GAP-0503,Pokemon Stats.csv,1030,1,Wormadam Sandy [0413 (sandy)],Form origin and behavior,"Classify as a permanent form, selectable variant, or temporary battle form. For transformations, give base ID, trigger, duration, and reversion.",The suffixed key identifies a row but not how the form is obtained or whether it is selectable.,Form Kind; Base ID; Activation; Duration; Reversion; Availability,Dex key: 0413 (sandy); Type: Bug / Ground,Open,
GAP-0504,Pokemon Stats.csv,1031,1,Wormadam Trash [0413 (trash)],Form origin and behavior,"Classify as a permanent form, selectable variant, or temporary battle form. For transformations, give base ID, trigger, duration, and reversion.",The suffixed key identifies a row but not how the form is obtained or whether it is selectable.,Form Kind; Base ID; Activation; Duration; Reversion; Availability,Dex key: 0413 (trash); Type: Bug / Steel,Open,
GAP-0505,Pokemon Stats.csv,1032,1,Shaymin Sky [0492 (sky)],Form origin and behavior,"Classify as a permanent form, selectable variant, or temporary battle form. For transformations, give base ID, trigger, duration, and reversion.",The suffixed key identifies a row but not how the form is obtained or whether it is selectable.,Form Kind; Base ID; Activation; Duration; Reversion; Availability,Dex key: 0492 (sky); Type: Grass / Flying,Open,
GAP-0506,Pokemon Stats.csv,1033,1,Giratina Origin [0487 (origin)],Form origin and behavior,"Classify as a permanent form, selectable variant, or temporary battle form. For transformations, give base ID, trigger, duration, and reversion.",The suffixed key identifies a row but not how the form is obtained or whether it is selectable.,Form Kind; Base ID; Activation; Duration; Reversion; Availability,Dex key: 0487 (origin); Type: Ghost / Dragon,Open,
GAP-0507,Pokemon Stats.csv,1034,1,Rotom Heat [0479 (heat)],Form origin and behavior,"Classify as a permanent form, selectable variant, or temporary battle form. For transformations, give base ID, trigger, duration, and reversion.",The suffixed key identifies a row but not how the form is obtained or whether it is selectable.,Form Kind; Base ID; Activation; Duration; Reversion; Availability,Dex key: 0479 (heat); Type: Electric / Fire,Open,
GAP-0508,Pokemon Stats.csv,1035,1,Rotom Wash [0479 (wash)],Form origin and behavior,"Classify as a permanent form, selectable variant, or temporary battle form. For transformations, give base ID, trigger, duration, and reversion.",The suffixed key identifies a row but not how the form is obtained or whether it is selectable.,Form Kind; Base ID; Activation; Duration; Reversion; Availability,Dex key: 0479 (wash); Type: Electric / Water,Open,
GAP-0509,Pokemon Stats.csv,1036,1,Rotom Frost [0479 (frost)],Form origin and behavior,"Classify as a permanent form, selectable variant, or temporary battle form. For transformations, give base ID, trigger, duration, and reversion.",The suffixed key identifies a row but not how the form is obtained or whether it is selectable.,Form Kind; Base ID; Activation; Duration; Reversion; Availability,Dex key: 0479 (frost); Type: Electric / Ice,Open,
GAP-0510,Pokemon Stats.csv,1037,1,Rotom Fan [0479 (fan)],Form origin and behavior,"Classify as a permanent form, selectable variant, or temporary battle form. For transformations, give base ID, trigger, duration, and reversion.",The suffixed key identifies a row but not how the form is obtained or whether it is selectable.,Form Kind; Base ID; Activation; Duration; Reversion; Availability,Dex key: 0479 (fan); Type: Electric / Flying,Open,
GAP-0511,Pokemon Stats.csv,1038,1,Rotom Mow [0479 (mow)],Form origin and behavior,"Classify as a permanent form, selectable variant, or temporary battle form. For transformations, give base ID, trigger, duration, and reversion.",The suffixed key identifies a row but not how the form is obtained or whether it is selectable.,Form Kind; Base ID; Activation; Duration; Reversion; Availability,Dex key: 0479 (mow); Type: Electric / Grass,Open,
GAP-0512,Pokemon Stats.csv,1039,1,Castform Sunny [0351 (sunny)],Form origin and behavior,"Classify as a permanent form, selectable variant, or temporary battle form. For transformations, give base ID, trigger, duration, and reversion.",The suffixed key identifies a row but not how the form is obtained or whether it is selectable.,Form Kind; Base ID; Activation; Duration; Reversion; Availability,Dex key: 0351 (sunny); Type: Fire,Open,
GAP-0513,Pokemon Stats.csv,1040,1,Castform Rainy [0351 (rainy)],Form origin and behavior,"Classify as a permanent form, selectable variant, or temporary battle form. For transformations, give base ID, trigger, duration, and reversion.",The suffixed key identifies a row but not how the form is obtained or whether it is selectable.,Form Kind; Base ID; Activation; Duration; Reversion; Availability,Dex key: 0351 (rainy); Type: Water,Open,
GAP-0514,Pokemon Stats.csv,1041,1,Castform Snowy [0351 (snowy)],Form origin and behavior,"Classify as a permanent form, selectable variant, or temporary battle form. For transformations, give base ID, trigger, duration, and reversion.",The suffixed key identifies a row but not how the form is obtained or whether it is selectable.,Form Kind; Base ID; Activation; Duration; Reversion; Availability,Dex key: 0351 (snowy); Type: Ice,Open,
GAP-0515,Pokemon Stats.csv,1042,1,Basculin Blue Striped,Evolution target and trigger,"Give each target an exact target ID and trigger condition (level, item, move, time, trade, or another explicit rule). Resolve these labels to exact forms: Basculegion.",Evolves gives target names but no conditions; runtime evolution needs a target ID and a testable trigger.,Target ID; Method; Required Level/Item/Move/Time; Branch conditions,Evolves: Basculegion,Open,
GAP-0516,Pokemon Stats.csv,1042,1,Basculin Blue Striped [0550 (blue-striped)],Form origin and behavior,"Classify as a permanent form, selectable variant, or temporary battle form. For transformations, give base ID, trigger, duration, and reversion.",The suffixed key identifies a row but not how the form is obtained or whether it is selectable.,Form Kind; Base ID; Activation; Duration; Reversion; Availability,Dex key: 0550 (blue-striped); Type: Water,Open,
GAP-0517,Pokemon Stats.csv,1043,1,Darmanitan Zen [0555 (zen)],Form origin and behavior,"Classify as a permanent form, selectable variant, or temporary battle form. For transformations, give base ID, trigger, duration, and reversion.",The suffixed key identifies a row but not how the form is obtained or whether it is selectable.,Form Kind; Base ID; Activation; Duration; Reversion; Availability,Dex key: 0555 (zen); Type: Fire / Psychic,Open,
GAP-0518,Pokemon Stats.csv,1044,1,Meloetta Pirouette [0648 (pirouette)],Form origin and behavior,"Classify as a permanent form, selectable variant, or temporary battle form. For transformations, give base ID, trigger, duration, and reversion.",The suffixed key identifies a row but not how the form is obtained or whether it is selectable.,Form Kind; Base ID; Activation; Duration; Reversion; Availability,Dex key: 0648 (pirouette); Type: Normal / Fighting,Open,
GAP-0519,Pokemon Stats.csv,1045,1,Tornadus Therian [0641 (therian)],Form origin and behavior,"Classify as a permanent form, selectable variant, or temporary battle form. For transformations, give base ID, trigger, duration, and reversion.",The suffixed key identifies a row but not how the form is obtained or whether it is selectable.,Form Kind; Base ID; Activation; Duration; Reversion; Availability,Dex key: 0641 (therian); Type: Flying,Open,
GAP-0520,Pokemon Stats.csv,1046,1,Thundurus Therian [0642 (therian)],Form origin and behavior,"Classify as a permanent form, selectable variant, or temporary battle form. For transformations, give base ID, trigger, duration, and reversion.",The suffixed key identifies a row but not how the form is obtained or whether it is selectable.,Form Kind; Base ID; Activation; Duration; Reversion; Availability,Dex key: 0642 (therian); Type: Electric / Flying,Open,
GAP-0521,Pokemon Stats.csv,1047,1,Landorus Therian [0645 (therian)],Form origin and behavior,"Classify as a permanent form, selectable variant, or temporary battle form. For transformations, give base ID, trigger, duration, and reversion.",The suffixed key identifies a row but not how the form is obtained or whether it is selectable.,Form Kind; Base ID; Activation; Duration; Reversion; Availability,Dex key: 0645 (therian); Type: Ground / Flying,Open,
GAP-0522,Pokemon Stats.csv,1048,1,Kyurem Black [0646 (black)],Form origin and behavior,"Classify as a permanent form, selectable variant, or temporary battle form. For transformations, give base ID, trigger, duration, and reversion.",The suffixed key identifies a row but not how the form is obtained or whether it is selectable.,Form Kind; Base ID; Activation; Duration; Reversion; Availability,Dex key: 0646 (black); Type: Dragon / Ice,Open,
GAP-0523,Pokemon Stats.csv,1049,1,Kyurem White [0646 (white)],Form origin and behavior,"Classify as a permanent form, selectable variant, or temporary battle form. For transformations, give base ID, trigger, duration, and reversion.",The suffixed key identifies a row but not how the form is obtained or whether it is selectable.,Form Kind; Base ID; Activation; Duration; Reversion; Availability,Dex key: 0646 (white); Type: Dragon / Ice,Open,
GAP-0524,Pokemon Stats.csv,1050,1,Keldeo Resolute [0647 (resolute)],Form origin and behavior,"Classify as a permanent form, selectable variant, or temporary battle form. For transformations, give base ID, trigger, duration, and reversion.",The suffixed key identifies a row but not how the form is obtained or whether it is selectable.,Form Kind; Base ID; Activation; Duration; Reversion; Availability,Dex key: 0647 (resolute); Type: Water / Fighting,Open,
GAP-0525,Pokemon Stats.csv,1051,1,Meowstic Female [0678 (female)],Form origin and behavior,"Classify as a permanent form, selectable variant, or temporary battle form. For transformations, give base ID, trigger, duration, and reversion.",The suffixed key identifies a row but not how the form is obtained or whether it is selectable.,Form Kind; Base ID; Activation; Duration; Reversion; Availability,Dex key: 0678 (female); Type: Psychic,Open,
GAP-0526,Pokemon Stats.csv,1052,1,Aegislash Blade [0681 (blade)],Form origin and behavior,"Classify as a permanent form, selectable variant, or temporary battle form. For transformations, give base ID, trigger, duration, and reversion.",The suffixed key identifies a row but not how the form is obtained or whether it is selectable.,Form Kind; Base ID; Activation; Duration; Reversion; Availability,Dex key: 0681 (blade); Type: Steel / Ghost,Open,
GAP-0527,Pokemon Stats.csv,1053,1,Pumpkaboo Small,Evolution target and trigger,"Give each target an exact target ID and trigger condition (level, item, move, time, trade, or another explicit rule). Resolve these labels to exact forms: Gourgeist.",Evolves gives target names but no conditions; runtime evolution needs a target ID and a testable trigger.,Target ID; Method; Required Level/Item/Move/Time; Branch conditions,Evolves: Gourgeist,Open,
GAP-0528,Pokemon Stats.csv,1053,1,Pumpkaboo Small [0710 (small)],Form origin and behavior,"Classify as a permanent form, selectable variant, or temporary battle form. For transformations, give base ID, trigger, duration, and reversion.",The suffixed key identifies a row but not how the form is obtained or whether it is selectable.,Form Kind; Base ID; Activation; Duration; Reversion; Availability,Dex key: 0710 (small); Type: Ghost / Grass,Open,
GAP-0529,Pokemon Stats.csv,1054,1,Pumpkaboo Large,Evolution target and trigger,"Give each target an exact target ID and trigger condition (level, item, move, time, trade, or another explicit rule). Resolve these labels to exact forms: Gourgeist.",Evolves gives target names but no conditions; runtime evolution needs a target ID and a testable trigger.,Target ID; Method; Required Level/Item/Move/Time; Branch conditions,Evolves: Gourgeist,Open,
GAP-0530,Pokemon Stats.csv,1054,1,Pumpkaboo Large [0710 (large)],Form origin and behavior,"Classify as a permanent form, selectable variant, or temporary battle form. For transformations, give base ID, trigger, duration, and reversion.",The suffixed key identifies a row but not how the form is obtained or whether it is selectable.,Form Kind; Base ID; Activation; Duration; Reversion; Availability,Dex key: 0710 (large); Type: Ghost / Grass,Open,
GAP-0531,Pokemon Stats.csv,1055,1,Pumpkaboo Super,Evolution target and trigger,"Give each target an exact target ID and trigger condition (level, item, move, time, trade, or another explicit rule). Resolve these labels to exact forms: Gourgeist.",Evolves gives target names but no conditions; runtime evolution needs a target ID and a testable trigger.,Target ID; Method; Required Level/Item/Move/Time; Branch conditions,Evolves: Gourgeist,Open,
GAP-0532,Pokemon Stats.csv,1055,1,Pumpkaboo Super [0710 (super)],Form origin and behavior,"Classify as a permanent form, selectable variant, or temporary battle form. For transformations, give base ID, trigger, duration, and reversion.",The suffixed key identifies a row but not how the form is obtained or whether it is selectable.,Form Kind; Base ID; Activation; Duration; Reversion; Availability,Dex key: 0710 (super); Type: Ghost / Grass,Open,
GAP-0533,Pokemon Stats.csv,1056,1,Gourgeist Small [0711 (small)],Form origin and behavior,"Classify as a permanent form, selectable variant, or temporary battle form. For transformations, give base ID, trigger, duration, and reversion.",The suffixed key identifies a row but not how the form is obtained or whether it is selectable.,Form Kind; Base ID; Activation; Duration; Reversion; Availability,Dex key: 0711 (small); Type: Ghost / Grass,Open,
GAP-0534,Pokemon Stats.csv,1057,1,Gourgeist Large [0711 (large)],Form origin and behavior,"Classify as a permanent form, selectable variant, or temporary battle form. For transformations, give base ID, trigger, duration, and reversion.",The suffixed key identifies a row but not how the form is obtained or whether it is selectable.,Form Kind; Base ID; Activation; Duration; Reversion; Availability,Dex key: 0711 (large); Type: Ghost / Grass,Open,
GAP-0535,Pokemon Stats.csv,1058,1,Gourgeist Super [0711 (super)],Form origin and behavior,"Classify as a permanent form, selectable variant, or temporary battle form. For transformations, give base ID, trigger, duration, and reversion.",The suffixed key identifies a row but not how the form is obtained or whether it is selectable.,Form Kind; Base ID; Activation; Duration; Reversion; Availability,Dex key: 0711 (super); Type: Ghost / Grass,Open,
GAP-0536,Pokemon Stats.csv,1059,1,Venusaur Mega [0003 (mega)],Form origin and behavior,"Classify as a permanent form, selectable variant, or temporary battle form. For transformations, give base ID, trigger, duration, and reversion.",The suffixed key identifies a row but not how the form is obtained or whether it is selectable.,Form Kind; Base ID; Activation; Duration; Reversion; Availability,Dex key: 0003 (mega); Type: Grass / Poison,Open,
GAP-0537,Pokemon Stats.csv,1060,1,Charizard Mega X [0006 (mega-x)],Form origin and behavior,"Classify as a permanent form, selectable variant, or temporary battle form. For transformations, give base ID, trigger, duration, and reversion.",The suffixed key identifies a row but not how the form is obtained or whether it is selectable.,Form Kind; Base ID; Activation; Duration; Reversion; Availability,Dex key: 0006 (mega-x); Type: Fire / Dragon,Open,
GAP-0538,Pokemon Stats.csv,1060,1,Charizard Mega X,Mega crosswalk conflict,"Confirm the base species ID, target form ID, and required stone for this Mega form.",The source row identifies Charizard Mega X; the existing game placeholder links the form to Charmander.,Base Species ID; Mega Form ID; Stone Item ID; migration choice,Source key: 0006 (mega-x).,Open,
GAP-0539,Pokemon Stats.csv,1061,1,Charizard Mega Y [0006 (mega-y)],Form origin and behavior,"Classify as a permanent form, selectable variant, or temporary battle form. For transformations, give base ID, trigger, duration, and reversion.",The suffixed key identifies a row but not how the form is obtained or whether it is selectable.,Form Kind; Base ID; Activation; Duration; Reversion; Availability,Dex key: 0006 (mega-y); Type: Fire / Flying,Open,
GAP-0540,Pokemon Stats.csv,1062,1,Blastoise Mega [0009 (mega)],Form origin and behavior,"Classify as a permanent form, selectable variant, or temporary battle form. For transformations, give base ID, trigger, duration, and reversion.",The suffixed key identifies a row but not how the form is obtained or whether it is selectable.,Form Kind; Base ID; Activation; Duration; Reversion; Availability,Dex key: 0009 (mega); Type: Water,Open,
GAP-0541,Pokemon Stats.csv,1063,1,Alakazam Mega [0065 (mega)],Form origin and behavior,"Classify as a permanent form, selectable variant, or temporary battle form. For transformations, give base ID, trigger, duration, and reversion.",The suffixed key identifies a row but not how the form is obtained or whether it is selectable.,Form Kind; Base ID; Activation; Duration; Reversion; Availability,Dex key: 0065 (mega); Type: Psychic,Open,
GAP-0542,Pokemon Stats.csv,1064,1,Gengar Mega [0094 (mega)],Form origin and behavior,"Classify as a permanent form, selectable variant, or temporary battle form. For transformations, give base ID, trigger, duration, and reversion.",The suffixed key identifies a row but not how the form is obtained or whether it is selectable.,Form Kind; Base ID; Activation; Duration; Reversion; Availability,Dex key: 0094 (mega); Type: Ghost / Poison,Open,
GAP-0543,Pokemon Stats.csv,1065,1,Kangaskhan Mega [0115 (mega)],Form origin and behavior,"Classify as a permanent form, selectable variant, or temporary battle form. For transformations, give base ID, trigger, duration, and reversion.",The suffixed key identifies a row but not how the form is obtained or whether it is selectable.,Form Kind; Base ID; Activation; Duration; Reversion; Availability,Dex key: 0115 (mega); Type: Normal,Open,
GAP-0544,Pokemon Stats.csv,1066,1,Pinsir Mega [0127 (mega)],Form origin and behavior,"Classify as a permanent form, selectable variant, or temporary battle form. For transformations, give base ID, trigger, duration, and reversion.",The suffixed key identifies a row but not how the form is obtained or whether it is selectable.,Form Kind; Base ID; Activation; Duration; Reversion; Availability,Dex key: 0127 (mega); Type: Bug / Flying,Open,
GAP-0545,Pokemon Stats.csv,1067,1,Gyarados Mega [0130 (mega)],Form origin and behavior,"Classify as a permanent form, selectable variant, or temporary battle form. For transformations, give base ID, trigger, duration, and reversion.",The suffixed key identifies a row but not how the form is obtained or whether it is selectable.,Form Kind; Base ID; Activation; Duration; Reversion; Availability,Dex key: 0130 (mega); Type: Water / Dark,Open,
GAP-0546,Pokemon Stats.csv,1068,1,Aerodactyl Mega [0142 (mega)],Form origin and behavior,"Classify as a permanent form, selectable variant, or temporary battle form. For transformations, give base ID, trigger, duration, and reversion.",The suffixed key identifies a row but not how the form is obtained or whether it is selectable.,Form Kind; Base ID; Activation; Duration; Reversion; Availability,Dex key: 0142 (mega); Type: Rock / Flying,Open,
GAP-0547,Pokemon Stats.csv,1069,1,Mewtwo Mega X [0150 (mega-x)],Form origin and behavior,"Classify as a permanent form, selectable variant, or temporary battle form. For transformations, give base ID, trigger, duration, and reversion.",The suffixed key identifies a row but not how the form is obtained or whether it is selectable.,Form Kind; Base ID; Activation; Duration; Reversion; Availability,Dex key: 0150 (mega-x); Type: Psychic / Fighting,Open,
GAP-0548,Pokemon Stats.csv,1070,1,Mewtwo Mega Y [0150 (mega-y)],Form origin and behavior,"Classify as a permanent form, selectable variant, or temporary battle form. For transformations, give base ID, trigger, duration, and reversion.",The suffixed key identifies a row but not how the form is obtained or whether it is selectable.,Form Kind; Base ID; Activation; Duration; Reversion; Availability,Dex key: 0150 (mega-y); Type: Psychic,Open,
GAP-0549,Pokemon Stats.csv,1071,1,Ampharos Mega [0181 (mega)],Form origin and behavior,"Classify as a permanent form, selectable variant, or temporary battle form. For transformations, give base ID, trigger, duration, and reversion.",The suffixed key identifies a row but not how the form is obtained or whether it is selectable.,Form Kind; Base ID; Activation; Duration; Reversion; Availability,Dex key: 0181 (mega); Type: Electric / Dragon,Open,
GAP-0550,Pokemon Stats.csv,1072,1,Scizor Mega [0212 (mega)],Form origin and behavior,"Classify as a permanent form, selectable variant, or temporary battle form. For transformations, give base ID, trigger, duration, and reversion.",The suffixed key identifies a row but not how the form is obtained or whether it is selectable.,Form Kind; Base ID; Activation; Duration; Reversion; Availability,Dex key: 0212 (mega); Type: Bug / Steel,Open,
GAP-0551,Pokemon Stats.csv,1073,1,Heracross Mega [0214 (mega)],Form origin and behavior,"Classify as a permanent form, selectable variant, or temporary battle form. For transformations, give base ID, trigger, duration, and reversion.",The suffixed key identifies a row but not how the form is obtained or whether it is selectable.,Form Kind; Base ID; Activation; Duration; Reversion; Availability,Dex key: 0214 (mega); Type: Bug / Fighting,Open,
GAP-0552,Pokemon Stats.csv,1074,1,Houndoom Mega [0229 (mega)],Form origin and behavior,"Classify as a permanent form, selectable variant, or temporary battle form. For transformations, give base ID, trigger, duration, and reversion.",The suffixed key identifies a row but not how the form is obtained or whether it is selectable.,Form Kind; Base ID; Activation; Duration; Reversion; Availability,Dex key: 0229 (mega); Type: Dark / Fire,Open,
GAP-0553,Pokemon Stats.csv,1075,1,Tyranitar Mega [0248 (mega)],Form origin and behavior,"Classify as a permanent form, selectable variant, or temporary battle form. For transformations, give base ID, trigger, duration, and reversion.",The suffixed key identifies a row but not how the form is obtained or whether it is selectable.,Form Kind; Base ID; Activation; Duration; Reversion; Availability,Dex key: 0248 (mega); Type: Rock / Dark,Open,
GAP-0554,Pokemon Stats.csv,1076,1,Blaziken Mega [0257 (mega)],Form origin and behavior,"Classify as a permanent form, selectable variant, or temporary battle form. For transformations, give base ID, trigger, duration, and reversion.",The suffixed key identifies a row but not how the form is obtained or whether it is selectable.,Form Kind; Base ID; Activation; Duration; Reversion; Availability,Dex key: 0257 (mega); Type: Fire / Fighting,Open,
GAP-0555,Pokemon Stats.csv,1077,1,Gardevoir Mega [0282 (mega)],Form origin and behavior,"Classify as a permanent form, selectable variant, or temporary battle form. For transformations, give base ID, trigger, duration, and reversion.",The suffixed key identifies a row but not how the form is obtained or whether it is selectable.,Form Kind; Base ID; Activation; Duration; Reversion; Availability,Dex key: 0282 (mega); Type: Psychic / Fairy,Open,
GAP-0556,Pokemon Stats.csv,1078,1,Mawile Mega [0303 (mega)],Form origin and behavior,"Classify as a permanent form, selectable variant, or temporary battle form. For transformations, give base ID, trigger, duration, and reversion.",The suffixed key identifies a row but not how the form is obtained or whether it is selectable.,Form Kind; Base ID; Activation; Duration; Reversion; Availability,Dex key: 0303 (mega); Type: Steel / Fairy,Open,
GAP-0557,Pokemon Stats.csv,1079,1,Aggron Mega [0306 (mega)],Form origin and behavior,"Classify as a permanent form, selectable variant, or temporary battle form. For transformations, give base ID, trigger, duration, and reversion.",The suffixed key identifies a row but not how the form is obtained or whether it is selectable.,Form Kind; Base ID; Activation; Duration; Reversion; Availability,Dex key: 0306 (mega); Type: Steel,Open,
GAP-0558,Pokemon Stats.csv,1080,1,Medicham Mega [0308 (mega)],Form origin and behavior,"Classify as a permanent form, selectable variant, or temporary battle form. For transformations, give base ID, trigger, duration, and reversion.",The suffixed key identifies a row but not how the form is obtained or whether it is selectable.,Form Kind; Base ID; Activation; Duration; Reversion; Availability,Dex key: 0308 (mega); Type: Fighting / Psychic,Open,
GAP-0559,Pokemon Stats.csv,1081,1,Manectric Mega [0310 (mega)],Form origin and behavior,"Classify as a permanent form, selectable variant, or temporary battle form. For transformations, give base ID, trigger, duration, and reversion.",The suffixed key identifies a row but not how the form is obtained or whether it is selectable.,Form Kind; Base ID; Activation; Duration; Reversion; Availability,Dex key: 0310 (mega); Type: Electric,Open,
GAP-0560,Pokemon Stats.csv,1082,1,Banette Mega [0354 (mega)],Form origin and behavior,"Classify as a permanent form, selectable variant, or temporary battle form. For transformations, give base ID, trigger, duration, and reversion.",The suffixed key identifies a row but not how the form is obtained or whether it is selectable.,Form Kind; Base ID; Activation; Duration; Reversion; Availability,Dex key: 0354 (mega); Type: Ghost,Open,
GAP-0561,Pokemon Stats.csv,1083,1,Absol Mega [0359 (mega)],Form origin and behavior,"Classify as a permanent form, selectable variant, or temporary battle form. For transformations, give base ID, trigger, duration, and reversion.",The suffixed key identifies a row but not how the form is obtained or whether it is selectable.,Form Kind; Base ID; Activation; Duration; Reversion; Availability,Dex key: 0359 (mega); Type: Dark,Open,
GAP-0562,Pokemon Stats.csv,1084,1,Garchomp Mega [0445 (mega)],Form origin and behavior,"Classify as a permanent form, selectable variant, or temporary battle form. For transformations, give base ID, trigger, duration, and reversion.",The suffixed key identifies a row but not how the form is obtained or whether it is selectable.,Form Kind; Base ID; Activation; Duration; Reversion; Availability,Dex key: 0445 (mega); Type: Dragon / Ground,Open,
GAP-0563,Pokemon Stats.csv,1085,1,Lucario Mega [0448 (mega)],Form origin and behavior,"Classify as a permanent form, selectable variant, or temporary battle form. For transformations, give base ID, trigger, duration, and reversion.",The suffixed key identifies a row but not how the form is obtained or whether it is selectable.,Form Kind; Base ID; Activation; Duration; Reversion; Availability,Dex key: 0448 (mega); Type: Fighting / Steel,Open,
GAP-0564,Pokemon Stats.csv,1086,1,Abomasnow Mega [0460 (mega)],Form origin and behavior,"Classify as a permanent form, selectable variant, or temporary battle form. For transformations, give base ID, trigger, duration, and reversion.",The suffixed key identifies a row but not how the form is obtained or whether it is selectable.,Form Kind; Base ID; Activation; Duration; Reversion; Availability,Dex key: 0460 (mega); Type: Grass / Ice,Open,
GAP-0565,Pokemon Stats.csv,1087,1,Floette Eternal,Evolution target and trigger,"Give each target an exact target ID and trigger condition (level, item, move, time, trade, or another explicit rule).",Evolves gives target names but no conditions; runtime evolution needs a target ID and a testable trigger.,Target ID; Method; Required Level/Item/Move/Time; Branch conditions,Evolves: Florges,Open,
GAP-0566,Pokemon Stats.csv,1087,1,Floette Eternal [0670 (eternal)],Form origin and behavior,"Classify as a permanent form, selectable variant, or temporary battle form. For transformations, give base ID, trigger, duration, and reversion.",The suffixed key identifies a row but not how the form is obtained or whether it is selectable.,Form Kind; Base ID; Activation; Duration; Reversion; Availability,Dex key: 0670 (eternal); Type: Fairy,Open,
GAP-0567,Pokemon Stats.csv,1088,1,Latias Mega [0380 (mega)],Form origin and behavior,"Classify as a permanent form, selectable variant, or temporary battle form. For transformations, give base ID, trigger, duration, and reversion.",The suffixed key identifies a row but not how the form is obtained or whether it is selectable.,Form Kind; Base ID; Activation; Duration; Reversion; Availability,Dex key: 0380 (mega); Type: Dragon / Psychic,Open,
GAP-0568,Pokemon Stats.csv,1089,1,Latios Mega [0381 (mega)],Form origin and behavior,"Classify as a permanent form, selectable variant, or temporary battle form. For transformations, give base ID, trigger, duration, and reversion.",The suffixed key identifies a row but not how the form is obtained or whether it is selectable.,Form Kind; Base ID; Activation; Duration; Reversion; Availability,Dex key: 0381 (mega); Type: Dragon / Psychic,Open,
GAP-0569,Pokemon Stats.csv,1090,1,Swampert Mega [0260 (mega)],Form origin and behavior,"Classify as a permanent form, selectable variant, or temporary battle form. For transformations, give base ID, trigger, duration, and reversion.",The suffixed key identifies a row but not how the form is obtained or whether it is selectable.,Form Kind; Base ID; Activation; Duration; Reversion; Availability,Dex key: 0260 (mega); Type: Water / Ground,Open,
GAP-0570,Pokemon Stats.csv,1091,1,Sceptile Mega [0254 (mega)],Form origin and behavior,"Classify as a permanent form, selectable variant, or temporary battle form. For transformations, give base ID, trigger, duration, and reversion.",The suffixed key identifies a row but not how the form is obtained or whether it is selectable.,Form Kind; Base ID; Activation; Duration; Reversion; Availability,Dex key: 0254 (mega); Type: Grass / Dragon,Open,
GAP-0571,Pokemon Stats.csv,1092,1,Sableye Mega [0302 (mega)],Form origin and behavior,"Classify as a permanent form, selectable variant, or temporary battle form. For transformations, give base ID, trigger, duration, and reversion.",The suffixed key identifies a row but not how the form is obtained or whether it is selectable.,Form Kind; Base ID; Activation; Duration; Reversion; Availability,Dex key: 0302 (mega); Type: Dark / Ghost,Open,
GAP-0572,Pokemon Stats.csv,1093,1,Altaria Mega [0334 (mega)],Form origin and behavior,"Classify as a permanent form, selectable variant, or temporary battle form. For transformations, give base ID, trigger, duration, and reversion.",The suffixed key identifies a row but not how the form is obtained or whether it is selectable.,Form Kind; Base ID; Activation; Duration; Reversion; Availability,Dex key: 0334 (mega); Type: Dragon / Fairy,Open,
GAP-0573,Pokemon Stats.csv,1094,1,Gallade Mega [0475 (mega)],Form origin and behavior,"Classify as a permanent form, selectable variant, or temporary battle form. For transformations, give base ID, trigger, duration, and reversion.",The suffixed key identifies a row but not how the form is obtained or whether it is selectable.,Form Kind; Base ID; Activation; Duration; Reversion; Availability,Dex key: 0475 (mega); Type: Psychic / Fighting,Open,
GAP-0574,Pokemon Stats.csv,1095,1,Audino Mega [0531 (mega)],Form origin and behavior,"Classify as a permanent form, selectable variant, or temporary battle form. For transformations, give base ID, trigger, duration, and reversion.",The suffixed key identifies a row but not how the form is obtained or whether it is selectable.,Form Kind; Base ID; Activation; Duration; Reversion; Availability,Dex key: 0531 (mega); Type: Normal / Fairy,Open,
GAP-0575,Pokemon Stats.csv,1096,1,Sharpedo Mega [0319 (mega)],Form origin and behavior,"Classify as a permanent form, selectable variant, or temporary battle form. For transformations, give base ID, trigger, duration, and reversion.",The suffixed key identifies a row but not how the form is obtained or whether it is selectable.,Form Kind; Base ID; Activation; Duration; Reversion; Availability,Dex key: 0319 (mega); Type: Water / Dark,Open,
GAP-0576,Pokemon Stats.csv,1097,1,Slowbro Mega [0080 (mega)],Form origin and behavior,"Classify as a permanent form, selectable variant, or temporary battle form. For transformations, give base ID, trigger, duration, and reversion.",The suffixed key identifies a row but not how the form is obtained or whether it is selectable.,Form Kind; Base ID; Activation; Duration; Reversion; Availability,Dex key: 0080 (mega); Type: Water / Psychic,Open,
GAP-0577,Pokemon Stats.csv,1098,1,Steelix Mega [0208 (mega)],Form origin and behavior,"Classify as a permanent form, selectable variant, or temporary battle form. For transformations, give base ID, trigger, duration, and reversion.",The suffixed key identifies a row but not how the form is obtained or whether it is selectable.,Form Kind; Base ID; Activation; Duration; Reversion; Availability,Dex key: 0208 (mega); Type: Steel / Ground,Open,
GAP-0578,Pokemon Stats.csv,1099,1,Pidgeot Mega [0018 (mega)],Form origin and behavior,"Classify as a permanent form, selectable variant, or temporary battle form. For transformations, give base ID, trigger, duration, and reversion.",The suffixed key identifies a row but not how the form is obtained or whether it is selectable.,Form Kind; Base ID; Activation; Duration; Reversion; Availability,Dex key: 0018 (mega); Type: Normal / Flying,Open,
GAP-0579,Pokemon Stats.csv,1100,1,Glalie Mega [0362 (mega)],Form origin and behavior,"Classify as a permanent form, selectable variant, or temporary battle form. For transformations, give base ID, trigger, duration, and reversion.",The suffixed key identifies a row but not how the form is obtained or whether it is selectable.,Form Kind; Base ID; Activation; Duration; Reversion; Availability,Dex key: 0362 (mega); Type: Ice,Open,
GAP-0580,Pokemon Stats.csv,1101,1,Diancie Mega [0719 (mega)],Form origin and behavior,"Classify as a permanent form, selectable variant, or temporary battle form. For transformations, give base ID, trigger, duration, and reversion.",The suffixed key identifies a row but not how the form is obtained or whether it is selectable.,Form Kind; Base ID; Activation; Duration; Reversion; Availability,Dex key: 0719 (mega); Type: Rock / Fairy,Open,
GAP-0581,Pokemon Stats.csv,1102,1,Metagross Mega [0376 (mega)],Form origin and behavior,"Classify as a permanent form, selectable variant, or temporary battle form. For transformations, give base ID, trigger, duration, and reversion.",The suffixed key identifies a row but not how the form is obtained or whether it is selectable.,Form Kind; Base ID; Activation; Duration; Reversion; Availability,Dex key: 0376 (mega); Type: Steel / Psychic,Open,
GAP-0582,Pokemon Stats.csv,1103,1,Kyogre Primal [0382 (primal)],Form origin and behavior,"Classify as a permanent form, selectable variant, or temporary battle form. For transformations, give base ID, trigger, duration, and reversion.",The suffixed key identifies a row but not how the form is obtained or whether it is selectable.,Form Kind; Base ID; Activation; Duration; Reversion; Availability,Dex key: 0382 (primal); Type: Water,Open,
GAP-0583,Pokemon Stats.csv,1104,1,Groudon Primal [0383 (primal)],Form origin and behavior,"Classify as a permanent form, selectable variant, or temporary battle form. For transformations, give base ID, trigger, duration, and reversion.",The suffixed key identifies a row but not how the form is obtained or whether it is selectable.,Form Kind; Base ID; Activation; Duration; Reversion; Availability,Dex key: 0383 (primal); Type: Ground / Fire,Open,
GAP-0584,Pokemon Stats.csv,1105,1,Rayquaza Mega [0384 (mega)],Form origin and behavior,"Classify as a permanent form, selectable variant, or temporary battle form. For transformations, give base ID, trigger, duration, and reversion.",The suffixed key identifies a row but not how the form is obtained or whether it is selectable.,Form Kind; Base ID; Activation; Duration; Reversion; Availability,Dex key: 0384 (mega); Type: Dragon / Flying,Open,
GAP-0585,Pokemon Stats.csv,1106,1,Pikachu Rock Star,Evolution target and trigger,"Give each target an exact target ID and trigger condition (level, item, move, time, trade, or another explicit rule).",Evolves gives target names but no conditions; runtime evolution needs a target ID and a testable trigger.,Target ID; Method; Required Level/Item/Move/Time; Branch conditions,Evolves: Raichu,Open,
GAP-0586,Pokemon Stats.csv,1106,1,Pikachu Rock Star [0025 (rock-star)],Form origin and behavior,"Classify as a permanent form, selectable variant, or temporary battle form. For transformations, give base ID, trigger, duration, and reversion.",The suffixed key identifies a row but not how the form is obtained or whether it is selectable.,Form Kind; Base ID; Activation; Duration; Reversion; Availability,Dex key: 0025 (rock-star); Type: Electric,Open,
GAP-0587,Pokemon Stats.csv,1107,1,Pikachu Belle,Evolution target and trigger,"Give each target an exact target ID and trigger condition (level, item, move, time, trade, or another explicit rule).",Evolves gives target names but no conditions; runtime evolution needs a target ID and a testable trigger.,Target ID; Method; Required Level/Item/Move/Time; Branch conditions,Evolves: Raichu,Open,
GAP-0588,Pokemon Stats.csv,1107,1,Pikachu Belle [0025 (belle)],Form origin and behavior,"Classify as a permanent form, selectable variant, or temporary battle form. For transformations, give base ID, trigger, duration, and reversion.",The suffixed key identifies a row but not how the form is obtained or whether it is selectable.,Form Kind; Base ID; Activation; Duration; Reversion; Availability,Dex key: 0025 (belle); Type: Electric,Open,
GAP-0589,Pokemon Stats.csv,1108,1,Pikachu Pop Star,Evolution target and trigger,"Give each target an exact target ID and trigger condition (level, item, move, time, trade, or another explicit rule).",Evolves gives target names but no conditions; runtime evolution needs a target ID and a testable trigger.,Target ID; Method; Required Level/Item/Move/Time; Branch conditions,Evolves: Raichu,Open,
GAP-0590,Pokemon Stats.csv,1108,1,Pikachu Pop Star [0025 (pop-star)],Form origin and behavior,"Classify as a permanent form, selectable variant, or temporary battle form. For transformations, give base ID, trigger, duration, and reversion.",The suffixed key identifies a row but not how the form is obtained or whether it is selectable.,Form Kind; Base ID; Activation; Duration; Reversion; Availability,Dex key: 0025 (pop-star); Type: Electric,Open,
GAP-0591,Pokemon Stats.csv,1109,1,Pikachu Phd,Evolution target and trigger,"Give each target an exact target ID and trigger condition (level, item, move, time, trade, or another explicit rule).",Evolves gives target names but no conditions; runtime evolution needs a target ID and a testable trigger.,Target ID; Method; Required Level/Item/Move/Time; Branch conditions,Evolves: Raichu,Open,
GAP-0592,Pokemon Stats.csv,1109,1,Pikachu Phd [0025 (phd)],Form origin and behavior,"Classify as a permanent form, selectable variant, or temporary battle form. For transformations, give base ID, trigger, duration, and reversion.",The suffixed key identifies a row but not how the form is obtained or whether it is selectable.,Form Kind; Base ID; Activation; Duration; Reversion; Availability,Dex key: 0025 (phd); Type: Electric,Open,
GAP-0593,Pokemon Stats.csv,1110,1,Pikachu Libre,Evolution target and trigger,"Give each target an exact target ID and trigger condition (level, item, move, time, trade, or another explicit rule).",Evolves gives target names but no conditions; runtime evolution needs a target ID and a testable trigger.,Target ID; Method; Required Level/Item/Move/Time; Branch conditions,Evolves: Raichu,Open,
GAP-0594,Pokemon Stats.csv,1110,1,Pikachu Libre [0025 (libre)],Form origin and behavior,"Classify as a permanent form, selectable variant, or temporary battle form. For transformations, give base ID, trigger, duration, and reversion.",The suffixed key identifies a row but not how the form is obtained or whether it is selectable.,Form Kind; Base ID; Activation; Duration; Reversion; Availability,Dex key: 0025 (libre); Type: Electric,Open,
GAP-0595,Pokemon Stats.csv,1111,1,Pikachu Cosplay,Evolution target and trigger,"Give each target an exact target ID and trigger condition (level, item, move, time, trade, or another explicit rule).",Evolves gives target names but no conditions; runtime evolution needs a target ID and a testable trigger.,Target ID; Method; Required Level/Item/Move/Time; Branch conditions,Evolves: Raichu,Open,
GAP-0596,Pokemon Stats.csv,1111,1,Pikachu Cosplay [0025 (cosplay)],Form origin and behavior,"Classify as a permanent form, selectable variant, or temporary battle form. For transformations, give base ID, trigger, duration, and reversion.",The suffixed key identifies a row but not how the form is obtained or whether it is selectable.,Form Kind; Base ID; Activation; Duration; Reversion; Availability,Dex key: 0025 (cosplay); Type: Electric,Open,
GAP-0597,Pokemon Stats.csv,1112,1,Hoopa Unbound [0720 (unbound)],Form origin and behavior,"Classify as a permanent form, selectable variant, or temporary battle form. For transformations, give base ID, trigger, duration, and reversion.",The suffixed key identifies a row but not how the form is obtained or whether it is selectable.,Form Kind; Base ID; Activation; Duration; Reversion; Availability,Dex key: 0720 (unbound); Type: Psychic / Dark,Open,
GAP-0598,Pokemon Stats.csv,1113,1,Camerupt Mega [0323 (mega)],Form origin and behavior,"Classify as a permanent form, selectable variant, or temporary battle form. For transformations, give base ID, trigger, duration, and reversion.",The suffixed key identifies a row but not how the form is obtained or whether it is selectable.,Form Kind; Base ID; Activation; Duration; Reversion; Availability,Dex key: 0323 (mega); Type: Fire / Ground,Open,
GAP-0599,Pokemon Stats.csv,1114,1,Lopunny Mega [0428 (mega)],Form origin and behavior,"Classify as a permanent form, selectable variant, or temporary battle form. For transformations, give base ID, trigger, duration, and reversion.",The suffixed key identifies a row but not how the form is obtained or whether it is selectable.,Form Kind; Base ID; Activation; Duration; Reversion; Availability,Dex key: 0428 (mega); Type: Normal / Fighting,Open,
GAP-0600,Pokemon Stats.csv,1115,1,Salamence Mega [0373 (mega)],Form origin and behavior,"Classify as a permanent form, selectable variant, or temporary battle form. For transformations, give base ID, trigger, duration, and reversion.",The suffixed key identifies a row but not how the form is obtained or whether it is selectable.,Form Kind; Base ID; Activation; Duration; Reversion; Availability,Dex key: 0373 (mega); Type: Dragon / Flying,Open,
GAP-0601,Pokemon Stats.csv,1116,1,Beedrill Mega [0015 (mega)],Form origin and behavior,"Classify as a permanent form, selectable variant, or temporary battle form. For transformations, give base ID, trigger, duration, and reversion.",The suffixed key identifies a row but not how the form is obtained or whether it is selectable.,Form Kind; Base ID; Activation; Duration; Reversion; Availability,Dex key: 0015 (mega); Type: Bug / Poison,Open,
GAP-0602,Pokemon Stats.csv,1117,1,Rattata Alola,Evolution target and trigger,"Give each target an exact target ID and trigger condition (level, item, move, time, trade, or another explicit rule).",Evolves gives target names but no conditions; runtime evolution needs a target ID and a testable trigger.,Target ID; Method; Required Level/Item/Move/Time; Branch conditions,Evolves: Raticate,Open,
GAP-0603,Pokemon Stats.csv,1117,1,Rattata Alola [0019 (alola)],Form origin and behavior,"Classify as a permanent form, selectable variant, or temporary battle form. For transformations, give base ID, trigger, duration, and reversion.",The suffixed key identifies a row but not how the form is obtained or whether it is selectable.,Form Kind; Base ID; Activation; Duration; Reversion; Availability,Dex key: 0019 (alola); Type: Dark / Normal,Open,
GAP-0604,Pokemon Stats.csv,1118,1,Raticate Alola [0020 (alola)],Form origin and behavior,"Classify as a permanent form, selectable variant, or temporary battle form. For transformations, give base ID, trigger, duration, and reversion.",The suffixed key identifies a row but not how the form is obtained or whether it is selectable.,Form Kind; Base ID; Activation; Duration; Reversion; Availability,Dex key: 0020 (alola); Type: Dark / Normal,Open,
GAP-0605,Pokemon Stats.csv,1119,1,Raticate Totem Alola [0020 (totem-alola)],Form origin and behavior,"Classify as a permanent form, selectable variant, or temporary battle form. For transformations, give base ID, trigger, duration, and reversion.",The suffixed key identifies a row but not how the form is obtained or whether it is selectable.,Form Kind; Base ID; Activation; Duration; Reversion; Availability,Dex key: 0020 (totem-alola); Type: Dark / Normal,Open,
GAP-0606,Pokemon Stats.csv,1120,1,Pikachu Original Cap,Evolution target and trigger,"Give each target an exact target ID and trigger condition (level, item, move, time, trade, or another explicit rule).",Evolves gives target names but no conditions; runtime evolution needs a target ID and a testable trigger.,Target ID; Method; Required Level/Item/Move/Time; Branch conditions,Evolves: Raichu,Open,
GAP-0607,Pokemon Stats.csv,1120,1,Pikachu Original Cap [0025 (original-cap)],Form origin and behavior,"Classify as a permanent form, selectable variant, or temporary battle form. For transformations, give base ID, trigger, duration, and reversion.",The suffixed key identifies a row but not how the form is obtained or whether it is selectable.,Form Kind; Base ID; Activation; Duration; Reversion; Availability,Dex key: 0025 (original-cap); Type: Electric,Open,
GAP-0608,Pokemon Stats.csv,1121,1,Pikachu Hoenn Cap,Evolution target and trigger,"Give each target an exact target ID and trigger condition (level, item, move, time, trade, or another explicit rule).",Evolves gives target names but no conditions; runtime evolution needs a target ID and a testable trigger.,Target ID; Method; Required Level/Item/Move/Time; Branch conditions,Evolves: Raichu,Open,
GAP-0609,Pokemon Stats.csv,1121,1,Pikachu Hoenn Cap [0025 (hoenn-cap)],Form origin and behavior,"Classify as a permanent form, selectable variant, or temporary battle form. For transformations, give base ID, trigger, duration, and reversion.",The suffixed key identifies a row but not how the form is obtained or whether it is selectable.,Form Kind; Base ID; Activation; Duration; Reversion; Availability,Dex key: 0025 (hoenn-cap); Type: Electric,Open,
GAP-0610,Pokemon Stats.csv,1122,1,Pikachu Sinnoh Cap,Evolution target and trigger,"Give each target an exact target ID and trigger condition (level, item, move, time, trade, or another explicit rule).",Evolves gives target names but no conditions; runtime evolution needs a target ID and a testable trigger.,Target ID; Method; Required Level/Item/Move/Time; Branch conditions,Evolves: Raichu,Open,
GAP-0611,Pokemon Stats.csv,1122,1,Pikachu Sinnoh Cap [0025 (sinnoh-cap)],Form origin and behavior,"Classify as a permanent form, selectable variant, or temporary battle form. For transformations, give base ID, trigger, duration, and reversion.",The suffixed key identifies a row but not how the form is obtained or whether it is selectable.,Form Kind; Base ID; Activation; Duration; Reversion; Availability,Dex key: 0025 (sinnoh-cap); Type: Electric,Open,
GAP-0612,Pokemon Stats.csv,1123,1,Pikachu Unova Cap,Evolution target and trigger,"Give each target an exact target ID and trigger condition (level, item, move, time, trade, or another explicit rule).",Evolves gives target names but no conditions; runtime evolution needs a target ID and a testable trigger.,Target ID; Method; Required Level/Item/Move/Time; Branch conditions,Evolves: Raichu,Open,
GAP-0613,Pokemon Stats.csv,1123,1,Pikachu Unova Cap [0025 (unova-cap)],Form origin and behavior,"Classify as a permanent form, selectable variant, or temporary battle form. For transformations, give base ID, trigger, duration, and reversion.",The suffixed key identifies a row but not how the form is obtained or whether it is selectable.,Form Kind; Base ID; Activation; Duration; Reversion; Availability,Dex key: 0025 (unova-cap); Type: Electric,Open,
GAP-0614,Pokemon Stats.csv,1124,1,Pikachu Kalos Cap,Evolution target and trigger,"Give each target an exact target ID and trigger condition (level, item, move, time, trade, or another explicit rule).",Evolves gives target names but no conditions; runtime evolution needs a target ID and a testable trigger.,Target ID; Method; Required Level/Item/Move/Time; Branch conditions,Evolves: Raichu,Open,
GAP-0615,Pokemon Stats.csv,1124,1,Pikachu Kalos Cap [0025 (kalos-cap)],Form origin and behavior,"Classify as a permanent form, selectable variant, or temporary battle form. For transformations, give base ID, trigger, duration, and reversion.",The suffixed key identifies a row but not how the form is obtained or whether it is selectable.,Form Kind; Base ID; Activation; Duration; Reversion; Availability,Dex key: 0025 (kalos-cap); Type: Electric,Open,
GAP-0616,Pokemon Stats.csv,1125,1,Pikachu Alola Cap,Evolution target and trigger,"Give each target an exact target ID and trigger condition (level, item, move, time, trade, or another explicit rule).",Evolves gives target names but no conditions; runtime evolution needs a target ID and a testable trigger.,Target ID; Method; Required Level/Item/Move/Time; Branch conditions,Evolves: Raichu,Open,
GAP-0617,Pokemon Stats.csv,1125,1,Pikachu Alola Cap [0025 (alola-cap)],Form origin and behavior,"Classify as a permanent form, selectable variant, or temporary battle form. For transformations, give base ID, trigger, duration, and reversion.",The suffixed key identifies a row but not how the form is obtained or whether it is selectable.,Form Kind; Base ID; Activation; Duration; Reversion; Availability,Dex key: 0025 (alola-cap); Type: Electric,Open,
GAP-0618,Pokemon Stats.csv,1126,1,Raichu Alola [0026 (alola)],Form origin and behavior,"Classify as a permanent form, selectable variant, or temporary battle form. For transformations, give base ID, trigger, duration, and reversion.",The suffixed key identifies a row but not how the form is obtained or whether it is selectable.,Form Kind; Base ID; Activation; Duration; Reversion; Availability,Dex key: 0026 (alola); Type: Electric / Psychic,Open,
GAP-0619,Pokemon Stats.csv,1127,1,Sandshrew Alola,Evolution target and trigger,"Give each target an exact target ID and trigger condition (level, item, move, time, trade, or another explicit rule).",Evolves gives target names but no conditions; runtime evolution needs a target ID and a testable trigger.,Target ID; Method; Required Level/Item/Move/Time; Branch conditions,Evolves: Sandslash,Open,
GAP-0620,Pokemon Stats.csv,1127,1,Sandshrew Alola [0027 (alola)],Form origin and behavior,"Classify as a permanent form, selectable variant, or temporary battle form. For transformations, give base ID, trigger, duration, and reversion.",The suffixed key identifies a row but not how the form is obtained or whether it is selectable.,Form Kind; Base ID; Activation; Duration; Reversion; Availability,Dex key: 0027 (alola); Type: Ice / Steel,Open,
GAP-0621,Pokemon Stats.csv,1128,1,Sandslash Alola [0028 (alola)],Form origin and behavior,"Classify as a permanent form, selectable variant, or temporary battle form. For transformations, give base ID, trigger, duration, and reversion.",The suffixed key identifies a row but not how the form is obtained or whether it is selectable.,Form Kind; Base ID; Activation; Duration; Reversion; Availability,Dex key: 0028 (alola); Type: Ice / Steel,Open,
GAP-0622,Pokemon Stats.csv,1129,1,Vulpix Alola,Evolution target and trigger,"Give each target an exact target ID and trigger condition (level, item, move, time, trade, or another explicit rule).",Evolves gives target names but no conditions; runtime evolution needs a target ID and a testable trigger.,Target ID; Method; Required Level/Item/Move/Time; Branch conditions,Evolves: Ninetales,Open,
GAP-0623,Pokemon Stats.csv,1129,1,Vulpix Alola [0037 (alola)],Form origin and behavior,"Classify as a permanent form, selectable variant, or temporary battle form. For transformations, give base ID, trigger, duration, and reversion.",The suffixed key identifies a row but not how the form is obtained or whether it is selectable.,Form Kind; Base ID; Activation; Duration; Reversion; Availability,Dex key: 0037 (alola); Type: Ice,Open,
GAP-0624,Pokemon Stats.csv,1130,1,Ninetales Alola [0038 (alola)],Form origin and behavior,"Classify as a permanent form, selectable variant, or temporary battle form. For transformations, give base ID, trigger, duration, and reversion.",The suffixed key identifies a row but not how the form is obtained or whether it is selectable.,Form Kind; Base ID; Activation; Duration; Reversion; Availability,Dex key: 0038 (alola); Type: Ice / Fairy,Open,
GAP-0625,Pokemon Stats.csv,1131,1,Diglett Alola,Evolution target and trigger,"Give each target an exact target ID and trigger condition (level, item, move, time, trade, or another explicit rule).",Evolves gives target names but no conditions; runtime evolution needs a target ID and a testable trigger.,Target ID; Method; Required Level/Item/Move/Time; Branch conditions,Evolves: Dugtrio,Open,
GAP-0626,Pokemon Stats.csv,1131,1,Diglett Alola [0050 (alola)],Form origin and behavior,"Classify as a permanent form, selectable variant, or temporary battle form. For transformations, give base ID, trigger, duration, and reversion.",The suffixed key identifies a row but not how the form is obtained or whether it is selectable.,Form Kind; Base ID; Activation; Duration; Reversion; Availability,Dex key: 0050 (alola); Type: Ground / Steel,Open,
GAP-0627,Pokemon Stats.csv,1132,1,Dugtrio Alola [0051 (alola)],Form origin and behavior,"Classify as a permanent form, selectable variant, or temporary battle form. For transformations, give base ID, trigger, duration, and reversion.",The suffixed key identifies a row but not how the form is obtained or whether it is selectable.,Form Kind; Base ID; Activation; Duration; Reversion; Availability,Dex key: 0051 (alola); Type: Ground / Steel,Open,
GAP-0628,Pokemon Stats.csv,1133,1,Meowth Alola,Evolution target and trigger,"Give each target an exact target ID and trigger condition (level, item, move, time, trade, or another explicit rule). This entry has branches, so provide one trigger per target.",Evolves gives target names but no conditions; runtime evolution needs a target ID and a testable trigger.,Target ID; Method; Required Level/Item/Move/Time; Branch conditions,Evolves: Persian; Perrserker,Open,
GAP-0629,Pokemon Stats.csv,1133,1,Meowth Alola [0052 (alola)],Form origin and behavior,"Classify as a permanent form, selectable variant, or temporary battle form. For transformations, give base ID, trigger, duration, and reversion.",The suffixed key identifies a row but not how the form is obtained or whether it is selectable.,Form Kind; Base ID; Activation; Duration; Reversion; Availability,Dex key: 0052 (alola); Type: Dark,Open,
GAP-0630,Pokemon Stats.csv,1134,1,Persian Alola [0053 (alola)],Form origin and behavior,"Classify as a permanent form, selectable variant, or temporary battle form. For transformations, give base ID, trigger, duration, and reversion.",The suffixed key identifies a row but not how the form is obtained or whether it is selectable.,Form Kind; Base ID; Activation; Duration; Reversion; Availability,Dex key: 0053 (alola); Type: Dark,Open,
GAP-0631,Pokemon Stats.csv,1135,1,Geodude Alola,Evolution target and trigger,"Give each target an exact target ID and trigger condition (level, item, move, time, trade, or another explicit rule).",Evolves gives target names but no conditions; runtime evolution needs a target ID and a testable trigger.,Target ID; Method; Required Level/Item/Move/Time; Branch conditions,Evolves: Graveler,Open,
GAP-0632,Pokemon Stats.csv,1135,1,Geodude Alola [0074 (alola)],Form origin and behavior,"Classify as a permanent form, selectable variant, or temporary battle form. For transformations, give base ID, trigger, duration, and reversion.",The suffixed key identifies a row but not how the form is obtained or whether it is selectable.,Form Kind; Base ID; Activation; Duration; Reversion; Availability,Dex key: 0074 (alola); Type: Rock / Electric,Open,
GAP-0633,Pokemon Stats.csv,1136,1,Graveler Alola,Evolution target and trigger,"Give each target an exact target ID and trigger condition (level, item, move, time, trade, or another explicit rule).",Evolves gives target names but no conditions; runtime evolution needs a target ID and a testable trigger.,Target ID; Method; Required Level/Item/Move/Time; Branch conditions,Evolves: Golem,Open,
GAP-0634,Pokemon Stats.csv,1136,1,Graveler Alola [0075 (alola)],Form origin and behavior,"Classify as a permanent form, selectable variant, or temporary battle form. For transformations, give base ID, trigger, duration, and reversion.",The suffixed key identifies a row but not how the form is obtained or whether it is selectable.,Form Kind; Base ID; Activation; Duration; Reversion; Availability,Dex key: 0075 (alola); Type: Rock / Electric,Open,
GAP-0635,Pokemon Stats.csv,1137,1,Golem Alola [0076 (alola)],Form origin and behavior,"Classify as a permanent form, selectable variant, or temporary battle form. For transformations, give base ID, trigger, duration, and reversion.",The suffixed key identifies a row but not how the form is obtained or whether it is selectable.,Form Kind; Base ID; Activation; Duration; Reversion; Availability,Dex key: 0076 (alola); Type: Rock / Electric,Open,
GAP-0636,Pokemon Stats.csv,1138,1,Grimer Alola,Evolution target and trigger,"Give each target an exact target ID and trigger condition (level, item, move, time, trade, or another explicit rule).",Evolves gives target names but no conditions; runtime evolution needs a target ID and a testable trigger.,Target ID; Method; Required Level/Item/Move/Time; Branch conditions,Evolves: Muk,Open,
GAP-0637,Pokemon Stats.csv,1138,1,Grimer Alola [0088 (alola)],Form origin and behavior,"Classify as a permanent form, selectable variant, or temporary battle form. For transformations, give base ID, trigger, duration, and reversion.",The suffixed key identifies a row but not how the form is obtained or whether it is selectable.,Form Kind; Base ID; Activation; Duration; Reversion; Availability,Dex key: 0088 (alola); Type: Poison / Dark,Open,
GAP-0638,Pokemon Stats.csv,1139,1,Muk Alola [0089 (alola)],Form origin and behavior,"Classify as a permanent form, selectable variant, or temporary battle form. For transformations, give base ID, trigger, duration, and reversion.",The suffixed key identifies a row but not how the form is obtained or whether it is selectable.,Form Kind; Base ID; Activation; Duration; Reversion; Availability,Dex key: 0089 (alola); Type: Poison / Dark,Open,
GAP-0639,Pokemon Stats.csv,1140,1,Exeggutor Alola [0103 (alola)],Form origin and behavior,"Classify as a permanent form, selectable variant, or temporary battle form. For transformations, give base ID, trigger, duration, and reversion.",The suffixed key identifies a row but not how the form is obtained or whether it is selectable.,Form Kind; Base ID; Activation; Duration; Reversion; Availability,Dex key: 0103 (alola); Type: Grass / Dragon,Open,
GAP-0640,Pokemon Stats.csv,1141,1,Marowak Alola [0105 (alola)],Form origin and behavior,"Classify as a permanent form, selectable variant, or temporary battle form. For transformations, give base ID, trigger, duration, and reversion.",The suffixed key identifies a row but not how the form is obtained or whether it is selectable.,Form Kind; Base ID; Activation; Duration; Reversion; Availability,Dex key: 0105 (alola); Type: Fire / Ghost,Open,
GAP-0641,Pokemon Stats.csv,1142,1,Greninja Battle Bond [0658 (battle-bond)],Form origin and behavior,"Classify as a permanent form, selectable variant, or temporary battle form. For transformations, give base ID, trigger, duration, and reversion.",The suffixed key identifies a row but not how the form is obtained or whether it is selectable.,Form Kind; Base ID; Activation; Duration; Reversion; Availability,Dex key: 0658 (battle-bond); Type: Water / Dark,Open,
GAP-0642,Pokemon Stats.csv,1143,1,Greninja Ash [0658 (ash)],Form origin and behavior,"Classify as a permanent form, selectable variant, or temporary battle form. For transformations, give base ID, trigger, duration, and reversion.",The suffixed key identifies a row but not how the form is obtained or whether it is selectable.,Form Kind; Base ID; Activation; Duration; Reversion; Availability,Dex key: 0658 (ash); Type: Water / Dark,Open,
GAP-0643,Pokemon Stats.csv,1144,1,Zygarde 10 Power Construct [0718 (10-power-construct)],Form origin and behavior,"Classify as a permanent form, selectable variant, or temporary battle form. For transformations, give base ID, trigger, duration, and reversion.",The suffixed key identifies a row but not how the form is obtained or whether it is selectable.,Form Kind; Base ID; Activation; Duration; Reversion; Availability,Dex key: 0718 (10-power-construct); Type: Dragon / Ground,Open,
GAP-0644,Pokemon Stats.csv,1145,1,Zygarde 50 Power Construct [0718 (50-power-construct)],Form origin and behavior,"Classify as a permanent form, selectable variant, or temporary battle form. For transformations, give base ID, trigger, duration, and reversion.",The suffixed key identifies a row but not how the form is obtained or whether it is selectable.,Form Kind; Base ID; Activation; Duration; Reversion; Availability,Dex key: 0718 (50-power-construct); Type: Dragon / Ground,Open,
GAP-0645,Pokemon Stats.csv,1146,1,Zygarde Complete [0718 (complete)],Form origin and behavior,"Classify as a permanent form, selectable variant, or temporary battle form. For transformations, give base ID, trigger, duration, and reversion.",The suffixed key identifies a row but not how the form is obtained or whether it is selectable.,Form Kind; Base ID; Activation; Duration; Reversion; Availability,Dex key: 0718 (complete); Type: Dragon / Ground,Open,
GAP-0646,Pokemon Stats.csv,1147,1,Gumshoos Totem [0735 (totem)],Form origin and behavior,"Classify as a permanent form, selectable variant, or temporary battle form. For transformations, give base ID, trigger, duration, and reversion.",The suffixed key identifies a row but not how the form is obtained or whether it is selectable.,Form Kind; Base ID; Activation; Duration; Reversion; Availability,Dex key: 0735 (totem); Type: Normal,Open,
GAP-0647,Pokemon Stats.csv,1148,1,Vikavolt Totem [0738 (totem)],Form origin and behavior,"Classify as a permanent form, selectable variant, or temporary battle form. For transformations, give base ID, trigger, duration, and reversion.",The suffixed key identifies a row but not how the form is obtained or whether it is selectable.,Form Kind; Base ID; Activation; Duration; Reversion; Availability,Dex key: 0738 (totem); Type: Bug / Electric,Open,
GAP-0648,Pokemon Stats.csv,1149,1,Oricorio Pom Pom [0741 (pom-pom)],Form origin and behavior,"Classify as a permanent form, selectable variant, or temporary battle form. For transformations, give base ID, trigger, duration, and reversion.",The suffixed key identifies a row but not how the form is obtained or whether it is selectable.,Form Kind; Base ID; Activation; Duration; Reversion; Availability,Dex key: 0741 (pom-pom); Type: Electric / Flying,Open,
GAP-0649,Pokemon Stats.csv,1150,1,Oricorio Pau [0741 (pau)],Form origin and behavior,"Classify as a permanent form, selectable variant, or temporary battle form. For transformations, give base ID, trigger, duration, and reversion.",The suffixed key identifies a row but not how the form is obtained or whether it is selectable.,Form Kind; Base ID; Activation; Duration; Reversion; Availability,Dex key: 0741 (pau); Type: Psychic / Flying,Open,
GAP-0650,Pokemon Stats.csv,1151,1,Oricorio Sensu [0741 (sensu)],Form origin and behavior,"Classify as a permanent form, selectable variant, or temporary battle form. For transformations, give base ID, trigger, duration, and reversion.",The suffixed key identifies a row but not how the form is obtained or whether it is selectable.,Form Kind; Base ID; Activation; Duration; Reversion; Availability,Dex key: 0741 (sensu); Type: Ghost / Flying,Open,
GAP-0651,Pokemon Stats.csv,1152,1,Lycanroc Midnight [0745 (midnight)],Form origin and behavior,"Classify as a permanent form, selectable variant, or temporary battle form. For transformations, give base ID, trigger, duration, and reversion.",The suffixed key identifies a row but not how the form is obtained or whether it is selectable.,Form Kind; Base ID; Activation; Duration; Reversion; Availability,Dex key: 0745 (midnight); Type: Rock,Open,
GAP-0652,Pokemon Stats.csv,1153,1,Wishiwashi School [0746 (school)],Form origin and behavior,"Classify as a permanent form, selectable variant, or temporary battle form. For transformations, give base ID, trigger, duration, and reversion.",The suffixed key identifies a row but not how the form is obtained or whether it is selectable.,Form Kind; Base ID; Activation; Duration; Reversion; Availability,Dex key: 0746 (school); Type: Water,Open,
GAP-0653,Pokemon Stats.csv,1154,1,Lurantis Totem [0754 (totem)],Form origin and behavior,"Classify as a permanent form, selectable variant, or temporary battle form. For transformations, give base ID, trigger, duration, and reversion.",The suffixed key identifies a row but not how the form is obtained or whether it is selectable.,Form Kind; Base ID; Activation; Duration; Reversion; Availability,Dex key: 0754 (totem); Type: Grass,Open,
GAP-0654,Pokemon Stats.csv,1155,1,Salazzle Totem [0758 (totem)],Form origin and behavior,"Classify as a permanent form, selectable variant, or temporary battle form. For transformations, give base ID, trigger, duration, and reversion.",The suffixed key identifies a row but not how the form is obtained or whether it is selectable.,Form Kind; Base ID; Activation; Duration; Reversion; Availability,Dex key: 0758 (totem); Type: Poison / Fire,Open,
GAP-0655,Pokemon Stats.csv,1156,1,Minior Orange Meteor [0774 (orange-meteor)],Form origin and behavior,"Classify as a permanent form, selectable variant, or temporary battle form. For transformations, give base ID, trigger, duration, and reversion.",The suffixed key identifies a row but not how the form is obtained or whether it is selectable.,Form Kind; Base ID; Activation; Duration; Reversion; Availability,Dex key: 0774 (orange-meteor); Type: Rock / Flying,Open,
GAP-0656,Pokemon Stats.csv,1157,1,Minior Yellow Meteor [0774 (yellow-meteor)],Form origin and behavior,"Classify as a permanent form, selectable variant, or temporary battle form. For transformations, give base ID, trigger, duration, and reversion.",The suffixed key identifies a row but not how the form is obtained or whether it is selectable.,Form Kind; Base ID; Activation; Duration; Reversion; Availability,Dex key: 0774 (yellow-meteor); Type: Rock / Flying,Open,
GAP-0657,Pokemon Stats.csv,1158,1,Minior Green Meteor [0774 (green-meteor)],Form origin and behavior,"Classify as a permanent form, selectable variant, or temporary battle form. For transformations, give base ID, trigger, duration, and reversion.",The suffixed key identifies a row but not how the form is obtained or whether it is selectable.,Form Kind; Base ID; Activation; Duration; Reversion; Availability,Dex key: 0774 (green-meteor); Type: Rock / Flying,Open,
GAP-0658,Pokemon Stats.csv,1159,1,Minior Blue Meteor [0774 (blue-meteor)],Form origin and behavior,"Classify as a permanent form, selectable variant, or temporary battle form. For transformations, give base ID, trigger, duration, and reversion.",The suffixed key identifies a row but not how the form is obtained or whether it is selectable.,Form Kind; Base ID; Activation; Duration; Reversion; Availability,Dex key: 0774 (blue-meteor); Type: Rock / Flying,Open,
GAP-0659,Pokemon Stats.csv,1160,1,Minior Indigo Meteor [0774 (indigo-meteor)],Form origin and behavior,"Classify as a permanent form, selectable variant, or temporary battle form. For transformations, give base ID, trigger, duration, and reversion.",The suffixed key identifies a row but not how the form is obtained or whether it is selectable.,Form Kind; Base ID; Activation; Duration; Reversion; Availability,Dex key: 0774 (indigo-meteor); Type: Rock / Flying,Open,
GAP-0660,Pokemon Stats.csv,1161,1,Minior Violet Meteor [0774 (violet-meteor)],Form origin and behavior,"Classify as a permanent form, selectable variant, or temporary battle form. For transformations, give base ID, trigger, duration, and reversion.",The suffixed key identifies a row but not how the form is obtained or whether it is selectable.,Form Kind; Base ID; Activation; Duration; Reversion; Availability,Dex key: 0774 (violet-meteor); Type: Rock / Flying,Open,
GAP-0661,Pokemon Stats.csv,1162,1,Minior Red [0774 (red)],Form origin and behavior,"Classify as a permanent form, selectable variant, or temporary battle form. For transformations, give base ID, trigger, duration, and reversion.",The suffixed key identifies a row but not how the form is obtained or whether it is selectable.,Form Kind; Base ID; Activation; Duration; Reversion; Availability,Dex key: 0774 (red); Type: Rock / Flying,Open,
GAP-0662,Pokemon Stats.csv,1163,1,Minior Orange [0774 (orange)],Form origin and behavior,"Classify as a permanent form, selectable variant, or temporary battle form. For transformations, give base ID, trigger, duration, and reversion.",The suffixed key identifies a row but not how the form is obtained or whether it is selectable.,Form Kind; Base ID; Activation; Duration; Reversion; Availability,Dex key: 0774 (orange); Type: Rock / Flying,Open,
GAP-0663,Pokemon Stats.csv,1164,1,Minior Yellow [0774 (yellow)],Form origin and behavior,"Classify as a permanent form, selectable variant, or temporary battle form. For transformations, give base ID, trigger, duration, and reversion.",The suffixed key identifies a row but not how the form is obtained or whether it is selectable.,Form Kind; Base ID; Activation; Duration; Reversion; Availability,Dex key: 0774 (yellow); Type: Rock / Flying,Open,
GAP-0664,Pokemon Stats.csv,1165,1,Minior Green [0774 (green)],Form origin and behavior,"Classify as a permanent form, selectable variant, or temporary battle form. For transformations, give base ID, trigger, duration, and reversion.",The suffixed key identifies a row but not how the form is obtained or whether it is selectable.,Form Kind; Base ID; Activation; Duration; Reversion; Availability,Dex key: 0774 (green); Type: Rock / Flying,Open,
GAP-0665,Pokemon Stats.csv,1166,1,Minior Blue [0774 (blue)],Form origin and behavior,"Classify as a permanent form, selectable variant, or temporary battle form. For transformations, give base ID, trigger, duration, and reversion.",The suffixed key identifies a row but not how the form is obtained or whether it is selectable.,Form Kind; Base ID; Activation; Duration; Reversion; Availability,Dex key: 0774 (blue); Type: Rock / Flying,Open,
GAP-0666,Pokemon Stats.csv,1167,1,Minior Indigo [0774 (indigo)],Form origin and behavior,"Classify as a permanent form, selectable variant, or temporary battle form. For transformations, give base ID, trigger, duration, and reversion.",The suffixed key identifies a row but not how the form is obtained or whether it is selectable.,Form Kind; Base ID; Activation; Duration; Reversion; Availability,Dex key: 0774 (indigo); Type: Rock / Flying,Open,
GAP-0667,Pokemon Stats.csv,1168,1,Minior Violet [0774 (violet)],Form origin and behavior,"Classify as a permanent form, selectable variant, or temporary battle form. For transformations, give base ID, trigger, duration, and reversion.",The suffixed key identifies a row but not how the form is obtained or whether it is selectable.,Form Kind; Base ID; Activation; Duration; Reversion; Availability,Dex key: 0774 (violet); Type: Rock / Flying,Open,
GAP-0668,Pokemon Stats.csv,1169,1,Mimikyu Busted [0778 (busted)],Form origin and behavior,"Classify as a permanent form, selectable variant, or temporary battle form. For transformations, give base ID, trigger, duration, and reversion.",The suffixed key identifies a row but not how the form is obtained or whether it is selectable.,Form Kind; Base ID; Activation; Duration; Reversion; Availability,Dex key: 0778 (busted); Type: Ghost / Fairy,Open,
GAP-0669,Pokemon Stats.csv,1170,1,Mimikyu Totem Disguised [0778 (totem-disguised)],Form origin and behavior,"Classify as a permanent form, selectable variant, or temporary battle form. For transformations, give base ID, trigger, duration, and reversion.",The suffixed key identifies a row but not how the form is obtained or whether it is selectable.,Form Kind; Base ID; Activation; Duration; Reversion; Availability,Dex key: 0778 (totem-disguised); Type: Ghost / Fairy,Open,
GAP-0670,Pokemon Stats.csv,1171,1,Mimikyu Totem Busted [0778 (totem-busted)],Form origin and behavior,"Classify as a permanent form, selectable variant, or temporary battle form. For transformations, give base ID, trigger, duration, and reversion.",The suffixed key identifies a row but not how the form is obtained or whether it is selectable.,Form Kind; Base ID; Activation; Duration; Reversion; Availability,Dex key: 0778 (totem-busted); Type: Ghost / Fairy,Open,
GAP-0671,Pokemon Stats.csv,1172,1,Kommo O Totem [0784 (totem)],Form origin and behavior,"Classify as a permanent form, selectable variant, or temporary battle form. For transformations, give base ID, trigger, duration, and reversion.",The suffixed key identifies a row but not how the form is obtained or whether it is selectable.,Form Kind; Base ID; Activation; Duration; Reversion; Availability,Dex key: 0784 (totem); Type: Dragon / Fighting,Open,
GAP-0672,Pokemon Stats.csv,1173,1,Magearna Original [0801 (original)],Form origin and behavior,"Classify as a permanent form, selectable variant, or temporary battle form. For transformations, give base ID, trigger, duration, and reversion.",The suffixed key identifies a row but not how the form is obtained or whether it is selectable.,Form Kind; Base ID; Activation; Duration; Reversion; Availability,Dex key: 0801 (original); Type: Steel / Fairy,Open,
GAP-0673,Pokemon Stats.csv,1174,1,Pikachu Partner Cap,Evolution target and trigger,"Give each target an exact target ID and trigger condition (level, item, move, time, trade, or another explicit rule).",Evolves gives target names but no conditions; runtime evolution needs a target ID and a testable trigger.,Target ID; Method; Required Level/Item/Move/Time; Branch conditions,Evolves: Raichu,Open,
GAP-0674,Pokemon Stats.csv,1174,1,Pikachu Partner Cap [0025 (partner-cap)],Form origin and behavior,"Classify as a permanent form, selectable variant, or temporary battle form. For transformations, give base ID, trigger, duration, and reversion.",The suffixed key identifies a row but not how the form is obtained or whether it is selectable.,Form Kind; Base ID; Activation; Duration; Reversion; Availability,Dex key: 0025 (partner-cap); Type: Electric,Open,
GAP-0675,Pokemon Stats.csv,1175,1,Marowak Totem [0105 (totem)],Form origin and behavior,"Classify as a permanent form, selectable variant, or temporary battle form. For transformations, give base ID, trigger, duration, and reversion.",The suffixed key identifies a row but not how the form is obtained or whether it is selectable.,Form Kind; Base ID; Activation; Duration; Reversion; Availability,Dex key: 0105 (totem); Type: Fire / Ghost,Open,
GAP-0676,Pokemon Stats.csv,1176,1,Ribombee Totem [0743 (totem)],Form origin and behavior,"Classify as a permanent form, selectable variant, or temporary battle form. For transformations, give base ID, trigger, duration, and reversion.",The suffixed key identifies a row but not how the form is obtained or whether it is selectable.,Form Kind; Base ID; Activation; Duration; Reversion; Availability,Dex key: 0743 (totem); Type: Bug / Fairy,Open,
GAP-0677,Pokemon Stats.csv,1177,1,Rockruff Own Tempo,Evolution target and trigger,"Give each target an exact target ID and trigger condition (level, item, move, time, trade, or another explicit rule). Resolve these labels to exact forms: Lycanroc.",Evolves gives target names but no conditions; runtime evolution needs a target ID and a testable trigger.,Target ID; Method; Required Level/Item/Move/Time; Branch conditions,Evolves: Lycanroc,Open,
GAP-0678,Pokemon Stats.csv,1177,1,Rockruff Own Tempo [0744 (own-tempo)],Form origin and behavior,"Classify as a permanent form, selectable variant, or temporary battle form. For transformations, give base ID, trigger, duration, and reversion.",The suffixed key identifies a row but not how the form is obtained or whether it is selectable.,Form Kind; Base ID; Activation; Duration; Reversion; Availability,Dex key: 0744 (own-tempo); Type: Rock,Open,
GAP-0679,Pokemon Stats.csv,1178,1,Lycanroc Dusk [0745 (dusk)],Form origin and behavior,"Classify as a permanent form, selectable variant, or temporary battle form. For transformations, give base ID, trigger, duration, and reversion.",The suffixed key identifies a row but not how the form is obtained or whether it is selectable.,Form Kind; Base ID; Activation; Duration; Reversion; Availability,Dex key: 0745 (dusk); Type: Rock,Open,
GAP-0680,Pokemon Stats.csv,1179,1,Araquanid Totem [0752 (totem)],Form origin and behavior,"Classify as a permanent form, selectable variant, or temporary battle form. For transformations, give base ID, trigger, duration, and reversion.",The suffixed key identifies a row but not how the form is obtained or whether it is selectable.,Form Kind; Base ID; Activation; Duration; Reversion; Availability,Dex key: 0752 (totem); Type: Water / Bug,Open,
GAP-0681,Pokemon Stats.csv,1180,1,Togedemaru Totem [0777 (totem)],Form origin and behavior,"Classify as a permanent form, selectable variant, or temporary battle form. For transformations, give base ID, trigger, duration, and reversion.",The suffixed key identifies a row but not how the form is obtained or whether it is selectable.,Form Kind; Base ID; Activation; Duration; Reversion; Availability,Dex key: 0777 (totem); Type: Electric / Steel,Open,
GAP-0682,Pokemon Stats.csv,1181,1,Necrozma Dusk [0800 (dusk)],Form origin and behavior,"Classify as a permanent form, selectable variant, or temporary battle form. For transformations, give base ID, trigger, duration, and reversion.",The suffixed key identifies a row but not how the form is obtained or whether it is selectable.,Form Kind; Base ID; Activation; Duration; Reversion; Availability,Dex key: 0800 (dusk); Type: Psychic / Steel,Open,
GAP-0683,Pokemon Stats.csv,1182,1,Necrozma Dawn [0800 (dawn)],Form origin and behavior,"Classify as a permanent form, selectable variant, or temporary battle form. For transformations, give base ID, trigger, duration, and reversion.",The suffixed key identifies a row but not how the form is obtained or whether it is selectable.,Form Kind; Base ID; Activation; Duration; Reversion; Availability,Dex key: 0800 (dawn); Type: Psychic / Ghost,Open,
GAP-0684,Pokemon Stats.csv,1183,1,Necrozma Ultra [0800 (ultra)],Form origin and behavior,"Classify as a permanent form, selectable variant, or temporary battle form. For transformations, give base ID, trigger, duration, and reversion.",The suffixed key identifies a row but not how the form is obtained or whether it is selectable.,Form Kind; Base ID; Activation; Duration; Reversion; Availability,Dex key: 0800 (ultra); Type: Psychic / Dragon,Open,
GAP-0685,Pokemon Stats.csv,1184,1,Pikachu Starter,Evolution target and trigger,"Give each target an exact target ID and trigger condition (level, item, move, time, trade, or another explicit rule).",Evolves gives target names but no conditions; runtime evolution needs a target ID and a testable trigger.,Target ID; Method; Required Level/Item/Move/Time; Branch conditions,Evolves: Raichu,Open,
GAP-0686,Pokemon Stats.csv,1184,1,Pikachu Starter [0025 (starter)],Form origin and behavior,"Classify as a permanent form, selectable variant, or temporary battle form. For transformations, give base ID, trigger, duration, and reversion.",The suffixed key identifies a row but not how the form is obtained or whether it is selectable.,Form Kind; Base ID; Activation; Duration; Reversion; Availability,Dex key: 0025 (starter); Type: Electric,Open,
GAP-0687,Pokemon Stats.csv,1185,1,Eevee Starter,Evolution target and trigger,"Give each target an exact target ID and trigger condition (level, item, move, time, trade, or another explicit rule). This entry has branches, so provide one trigger per target.",Evolves gives target names but no conditions; runtime evolution needs a target ID and a testable trigger.,Target ID; Method; Required Level/Item/Move/Time; Branch conditions,Evolves: Vaporeon; Jolteon; Flareon; Espeon; Umbreon; Leafeon; Glaceon; Sylveon,Open,
GAP-0688,Pokemon Stats.csv,1185,1,Eevee Starter [0133 (starter)],Form origin and behavior,"Classify as a permanent form, selectable variant, or temporary battle form. For transformations, give base ID, trigger, duration, and reversion.",The suffixed key identifies a row but not how the form is obtained or whether it is selectable.,Form Kind; Base ID; Activation; Duration; Reversion; Availability,Dex key: 0133 (starter); Type: Normal,Open,
GAP-0689,Pokemon Stats.csv,1186,1,Pikachu World Cap,Evolution target and trigger,"Give each target an exact target ID and trigger condition (level, item, move, time, trade, or another explicit rule).",Evolves gives target names but no conditions; runtime evolution needs a target ID and a testable trigger.,Target ID; Method; Required Level/Item/Move/Time; Branch conditions,Evolves: Raichu,Open,
GAP-0690,Pokemon Stats.csv,1186,1,Pikachu World Cap [0025 (world-cap)],Form origin and behavior,"Classify as a permanent form, selectable variant, or temporary battle form. For transformations, give base ID, trigger, duration, and reversion.",The suffixed key identifies a row but not how the form is obtained or whether it is selectable.,Form Kind; Base ID; Activation; Duration; Reversion; Availability,Dex key: 0025 (world-cap); Type: Electric,Open,
GAP-0691,Pokemon Stats.csv,1187,1,Meowth Galar,Evolution target and trigger,"Give each target an exact target ID and trigger condition (level, item, move, time, trade, or another explicit rule). This entry has branches, so provide one trigger per target.",Evolves gives target names but no conditions; runtime evolution needs a target ID and a testable trigger.,Target ID; Method; Required Level/Item/Move/Time; Branch conditions,Evolves: Persian; Perrserker,Open,
GAP-0692,Pokemon Stats.csv,1187,1,Meowth Galar [0052 (galar)],Form origin and behavior,"Classify as a permanent form, selectable variant, or temporary battle form. For transformations, give base ID, trigger, duration, and reversion.",The suffixed key identifies a row but not how the form is obtained or whether it is selectable.,Form Kind; Base ID; Activation; Duration; Reversion; Availability,Dex key: 0052 (galar); Type: Steel,Open,
GAP-0693,Pokemon Stats.csv,1188,1,Ponyta Galar,Evolution target and trigger,"Give each target an exact target ID and trigger condition (level, item, move, time, trade, or another explicit rule).",Evolves gives target names but no conditions; runtime evolution needs a target ID and a testable trigger.,Target ID; Method; Required Level/Item/Move/Time; Branch conditions,Evolves: Rapidash,Open,
GAP-0694,Pokemon Stats.csv,1188,1,Ponyta Galar [0077 (galar)],Form origin and behavior,"Classify as a permanent form, selectable variant, or temporary battle form. For transformations, give base ID, trigger, duration, and reversion.",The suffixed key identifies a row but not how the form is obtained or whether it is selectable.,Form Kind; Base ID; Activation; Duration; Reversion; Availability,Dex key: 0077 (galar); Type: Psychic,Open,
GAP-0695,Pokemon Stats.csv,1189,1,Rapidash Galar [0078 (galar)],Form origin and behavior,"Classify as a permanent form, selectable variant, or temporary battle form. For transformations, give base ID, trigger, duration, and reversion.",The suffixed key identifies a row but not how the form is obtained or whether it is selectable.,Form Kind; Base ID; Activation; Duration; Reversion; Availability,Dex key: 0078 (galar); Type: Psychic / Fairy,Open,
GAP-0696,Pokemon Stats.csv,1190,1,Slowpoke Galar,Evolution target and trigger,"Give each target an exact target ID and trigger condition (level, item, move, time, trade, or another explicit rule). This entry has branches, so provide one trigger per target.",Evolves gives target names but no conditions; runtime evolution needs a target ID and a testable trigger.,Target ID; Method; Required Level/Item/Move/Time; Branch conditions,Evolves: Slowbro; Slowking,Open,
GAP-0697,Pokemon Stats.csv,1190,1,Slowpoke Galar [0079 (galar)],Form origin and behavior,"Classify as a permanent form, selectable variant, or temporary battle form. For transformations, give base ID, trigger, duration, and reversion.",The suffixed key identifies a row but not how the form is obtained or whether it is selectable.,Form Kind; Base ID; Activation; Duration; Reversion; Availability,Dex key: 0079 (galar); Type: Psychic,Open,
GAP-0698,Pokemon Stats.csv,1191,1,Slowbro Galar [0080 (galar)],Form origin and behavior,"Classify as a permanent form, selectable variant, or temporary battle form. For transformations, give base ID, trigger, duration, and reversion.",The suffixed key identifies a row but not how the form is obtained or whether it is selectable.,Form Kind; Base ID; Activation; Duration; Reversion; Availability,Dex key: 0080 (galar); Type: Poison / Psychic,Open,
GAP-0699,Pokemon Stats.csv,1192,1,Farfetch’d Galar,Evolution target and trigger,"Give each target an exact target ID and trigger condition (level, item, move, time, trade, or another explicit rule).",Evolves gives target names but no conditions; runtime evolution needs a target ID and a testable trigger.,Target ID; Method; Required Level/Item/Move/Time; Branch conditions,Evolves: Sirfetch’d,Open,
GAP-0700,Pokemon Stats.csv,1192,1,Farfetch’d Galar [0083 (galar)],Form origin and behavior,"Classify as a permanent form, selectable variant, or temporary battle form. For transformations, give base ID, trigger, duration, and reversion.",The suffixed key identifies a row but not how the form is obtained or whether it is selectable.,Form Kind; Base ID; Activation; Duration; Reversion; Availability,Dex key: 0083 (galar); Type: Fighting,Open,
GAP-0701,Pokemon Stats.csv,1193,1,Weezing Galar [0110 (galar)],Form origin and behavior,"Classify as a permanent form, selectable variant, or temporary battle form. For transformations, give base ID, trigger, duration, and reversion.",The suffixed key identifies a row but not how the form is obtained or whether it is selectable.,Form Kind; Base ID; Activation; Duration; Reversion; Availability,Dex key: 0110 (galar); Type: Poison / Fairy,Open,
GAP-0702,Pokemon Stats.csv,1194,1,Mr. Mime Galar,Evolution target and trigger,"Give each target an exact target ID and trigger condition (level, item, move, time, trade, or another explicit rule).",Evolves gives target names but no conditions; runtime evolution needs a target ID and a testable trigger.,Target ID; Method; Required Level/Item/Move/Time; Branch conditions,Evolves: Mr. Rime,Open,
GAP-0703,Pokemon Stats.csv,1194,1,Mr. Mime Galar [0122 (galar)],Form origin and behavior,"Classify as a permanent form, selectable variant, or temporary battle form. For transformations, give base ID, trigger, duration, and reversion.",The suffixed key identifies a row but not how the form is obtained or whether it is selectable.,Form Kind; Base ID; Activation; Duration; Reversion; Availability,Dex key: 0122 (galar); Type: Ice / Psychic,Open,
GAP-0704,Pokemon Stats.csv,1195,1,Articuno Galar [0144 (galar)],Form origin and behavior,"Classify as a permanent form, selectable variant, or temporary battle form. For transformations, give base ID, trigger, duration, and reversion.",The suffixed key identifies a row but not how the form is obtained or whether it is selectable.,Form Kind; Base ID; Activation; Duration; Reversion; Availability,Dex key: 0144 (galar); Type: Psychic / Flying,Open,
GAP-0705,Pokemon Stats.csv,1196,1,Zapdos Galar [0145 (galar)],Form origin and behavior,"Classify as a permanent form, selectable variant, or temporary battle form. For transformations, give base ID, trigger, duration, and reversion.",The suffixed key identifies a row but not how the form is obtained or whether it is selectable.,Form Kind; Base ID; Activation; Duration; Reversion; Availability,Dex key: 0145 (galar); Type: Fighting / Flying,Open,
GAP-0706,Pokemon Stats.csv,1197,1,Moltres Galar [0146 (galar)],Form origin and behavior,"Classify as a permanent form, selectable variant, or temporary battle form. For transformations, give base ID, trigger, duration, and reversion.",The suffixed key identifies a row but not how the form is obtained or whether it is selectable.,Form Kind; Base ID; Activation; Duration; Reversion; Availability,Dex key: 0146 (galar); Type: Dark / Flying,Open,
GAP-0707,Pokemon Stats.csv,1198,1,Slowking Galar [0199 (galar)],Form origin and behavior,"Classify as a permanent form, selectable variant, or temporary battle form. For transformations, give base ID, trigger, duration, and reversion.",The suffixed key identifies a row but not how the form is obtained or whether it is selectable.,Form Kind; Base ID; Activation; Duration; Reversion; Availability,Dex key: 0199 (galar); Type: Poison / Psychic,Open,
GAP-0708,Pokemon Stats.csv,1199,1,Corsola Galar,Evolution target and trigger,"Give each target an exact target ID and trigger condition (level, item, move, time, trade, or another explicit rule).",Evolves gives target names but no conditions; runtime evolution needs a target ID and a testable trigger.,Target ID; Method; Required Level/Item/Move/Time; Branch conditions,Evolves: Cursola,Open,
GAP-0709,Pokemon Stats.csv,1199,1,Corsola Galar [0222 (galar)],Form origin and behavior,"Classify as a permanent form, selectable variant, or temporary battle form. For transformations, give base ID, trigger, duration, and reversion.",The suffixed key identifies a row but not how the form is obtained or whether it is selectable.,Form Kind; Base ID; Activation; Duration; Reversion; Availability,Dex key: 0222 (galar); Type: Ghost,Open,
GAP-0710,Pokemon Stats.csv,1200,1,Zigzagoon Galar,Evolution target and trigger,"Give each target an exact target ID and trigger condition (level, item, move, time, trade, or another explicit rule).",Evolves gives target names but no conditions; runtime evolution needs a target ID and a testable trigger.,Target ID; Method; Required Level/Item/Move/Time; Branch conditions,Evolves: Linoone,Open,
GAP-0711,Pokemon Stats.csv,1200,1,Zigzagoon Galar [0263 (galar)],Form origin and behavior,"Classify as a permanent form, selectable variant, or temporary battle form. For transformations, give base ID, trigger, duration, and reversion.",The suffixed key identifies a row but not how the form is obtained or whether it is selectable.,Form Kind; Base ID; Activation; Duration; Reversion; Availability,Dex key: 0263 (galar); Type: Dark / Normal,Open,
GAP-0712,Pokemon Stats.csv,1201,1,Linoone Galar,Evolution target and trigger,"Give each target an exact target ID and trigger condition (level, item, move, time, trade, or another explicit rule).",Evolves gives target names but no conditions; runtime evolution needs a target ID and a testable trigger.,Target ID; Method; Required Level/Item/Move/Time; Branch conditions,Evolves: Obstagoon,Open,
GAP-0713,Pokemon Stats.csv,1201,1,Linoone Galar [0264 (galar)],Form origin and behavior,"Classify as a permanent form, selectable variant, or temporary battle form. For transformations, give base ID, trigger, duration, and reversion.",The suffixed key identifies a row but not how the form is obtained or whether it is selectable.,Form Kind; Base ID; Activation; Duration; Reversion; Availability,Dex key: 0264 (galar); Type: Dark / Normal,Open,
GAP-0714,Pokemon Stats.csv,1202,1,Darumaka Galar,Evolution target and trigger,"Give each target an exact target ID and trigger condition (level, item, move, time, trade, or another explicit rule). Resolve these labels to exact forms: Darmanitan.",Evolves gives target names but no conditions; runtime evolution needs a target ID and a testable trigger.,Target ID; Method; Required Level/Item/Move/Time; Branch conditions,Evolves: Darmanitan,Open,
GAP-0715,Pokemon Stats.csv,1202,1,Darumaka Galar [0554 (galar)],Form origin and behavior,"Classify as a permanent form, selectable variant, or temporary battle form. For transformations, give base ID, trigger, duration, and reversion.",The suffixed key identifies a row but not how the form is obtained or whether it is selectable.,Form Kind; Base ID; Activation; Duration; Reversion; Availability,Dex key: 0554 (galar); Type: Ice,Open,
GAP-0716,Pokemon Stats.csv,1203,1,Darmanitan Galar Standard [0555 (galar-standard)],Form origin and behavior,"Classify as a permanent form, selectable variant, or temporary battle form. For transformations, give base ID, trigger, duration, and reversion.",The suffixed key identifies a row but not how the form is obtained or whether it is selectable.,Form Kind; Base ID; Activation; Duration; Reversion; Availability,Dex key: 0555 (galar-standard); Type: Ice,Open,
GAP-0717,Pokemon Stats.csv,1204,1,Darmanitan Galar Zen [0555 (galar-zen)],Form origin and behavior,"Classify as a permanent form, selectable variant, or temporary battle form. For transformations, give base ID, trigger, duration, and reversion.",The suffixed key identifies a row but not how the form is obtained or whether it is selectable.,Form Kind; Base ID; Activation; Duration; Reversion; Availability,Dex key: 0555 (galar-zen); Type: Ice / Fire,Open,
GAP-0718,Pokemon Stats.csv,1205,1,Yamask Galar,Evolution target and trigger,"Give each target an exact target ID and trigger condition (level, item, move, time, trade, or another explicit rule). This entry has branches, so provide one trigger per target.",Evolves gives target names but no conditions; runtime evolution needs a target ID and a testable trigger.,Target ID; Method; Required Level/Item/Move/Time; Branch conditions,Evolves: Cofagrigus; Runerigus,Open,
GAP-0719,Pokemon Stats.csv,1205,1,Yamask Galar [0562 (galar)],Form origin and behavior,"Classify as a permanent form, selectable variant, or temporary battle form. For transformations, give base ID, trigger, duration, and reversion.",The suffixed key identifies a row but not how the form is obtained or whether it is selectable.,Form Kind; Base ID; Activation; Duration; Reversion; Availability,Dex key: 0562 (galar); Type: Ground / Ghost,Open,
GAP-0720,Pokemon Stats.csv,1206,1,Stunfisk Galar [0618 (galar)],Form origin and behavior,"Classify as a permanent form, selectable variant, or temporary battle form. For transformations, give base ID, trigger, duration, and reversion.",The suffixed key identifies a row but not how the form is obtained or whether it is selectable.,Form Kind; Base ID; Activation; Duration; Reversion; Availability,Dex key: 0618 (galar); Type: Ground / Steel,Open,
GAP-0721,Pokemon Stats.csv,1207,1,Zygarde 10 [0718 (10)],Form origin and behavior,"Classify as a permanent form, selectable variant, or temporary battle form. For transformations, give base ID, trigger, duration, and reversion.",The suffixed key identifies a row but not how the form is obtained or whether it is selectable.,Form Kind; Base ID; Activation; Duration; Reversion; Availability,Dex key: 0718 (10); Type: Dragon / Ground,Open,
GAP-0722,Pokemon Stats.csv,1208,1,Cramorant Gulping [0845 (gulping)],Form origin and behavior,"Classify as a permanent form, selectable variant, or temporary battle form. For transformations, give base ID, trigger, duration, and reversion.",The suffixed key identifies a row but not how the form is obtained or whether it is selectable.,Form Kind; Base ID; Activation; Duration; Reversion; Availability,Dex key: 0845 (gulping); Type: Flying / Water,Open,
GAP-0723,Pokemon Stats.csv,1209,1,Cramorant Gorging [0845 (gorging)],Form origin and behavior,"Classify as a permanent form, selectable variant, or temporary battle form. For transformations, give base ID, trigger, duration, and reversion.",The suffixed key identifies a row but not how the form is obtained or whether it is selectable.,Form Kind; Base ID; Activation; Duration; Reversion; Availability,Dex key: 0845 (gorging); Type: Flying / Water,Open,
GAP-0724,Pokemon Stats.csv,1210,1,Toxtricity Low Key [0849 (low-key)],Form origin and behavior,"Classify as a permanent form, selectable variant, or temporary battle form. For transformations, give base ID, trigger, duration, and reversion.",The suffixed key identifies a row but not how the form is obtained or whether it is selectable.,Form Kind; Base ID; Activation; Duration; Reversion; Availability,Dex key: 0849 (low-key); Type: Electric / Poison,Open,
GAP-0725,Pokemon Stats.csv,1211,1,Eiscue Noice [0875 (noice)],Form origin and behavior,"Classify as a permanent form, selectable variant, or temporary battle form. For transformations, give base ID, trigger, duration, and reversion.",The suffixed key identifies a row but not how the form is obtained or whether it is selectable.,Form Kind; Base ID; Activation; Duration; Reversion; Availability,Dex key: 0875 (noice); Type: Ice,Open,
GAP-0726,Pokemon Stats.csv,1212,1,Indeedee Female [0876 (female)],Form origin and behavior,"Classify as a permanent form, selectable variant, or temporary battle form. For transformations, give base ID, trigger, duration, and reversion.",The suffixed key identifies a row but not how the form is obtained or whether it is selectable.,Form Kind; Base ID; Activation; Duration; Reversion; Availability,Dex key: 0876 (female); Type: Psychic / Normal,Open,
GAP-0727,Pokemon Stats.csv,1213,1,Morpeko Hangry [0877 (hangry)],Form origin and behavior,"Classify as a permanent form, selectable variant, or temporary battle form. For transformations, give base ID, trigger, duration, and reversion.",The suffixed key identifies a row but not how the form is obtained or whether it is selectable.,Form Kind; Base ID; Activation; Duration; Reversion; Availability,Dex key: 0877 (hangry); Type: Electric / Dark,Open,
GAP-0728,Pokemon Stats.csv,1214,1,Zacian Crowned [0888 (crowned)],Form origin and behavior,"Classify as a permanent form, selectable variant, or temporary battle form. For transformations, give base ID, trigger, duration, and reversion.",The suffixed key identifies a row but not how the form is obtained or whether it is selectable.,Form Kind; Base ID; Activation; Duration; Reversion; Availability,Dex key: 0888 (crowned); Type: Fairy / Steel,Open,
GAP-0729,Pokemon Stats.csv,1215,1,Zamazenta Crowned [0889 (crowned)],Form origin and behavior,"Classify as a permanent form, selectable variant, or temporary battle form. For transformations, give base ID, trigger, duration, and reversion.",The suffixed key identifies a row but not how the form is obtained or whether it is selectable.,Form Kind; Base ID; Activation; Duration; Reversion; Availability,Dex key: 0889 (crowned); Type: Fighting / Steel,Open,
GAP-0730,Pokemon Stats.csv,1216,1,Eternatus Eternamax [0890 (eternamax)],Form origin and behavior,"Classify as a permanent form, selectable variant, or temporary battle form. For transformations, give base ID, trigger, duration, and reversion.",The suffixed key identifies a row but not how the form is obtained or whether it is selectable.,Form Kind; Base ID; Activation; Duration; Reversion; Availability,Dex key: 0890 (eternamax); Type: Poison / Dragon,Open,
GAP-0731,Pokemon Stats.csv,1217,1,Urshifu Rapid Strike [0892 (rapid-strike)],Form origin and behavior,"Classify as a permanent form, selectable variant, or temporary battle form. For transformations, give base ID, trigger, duration, and reversion.",The suffixed key identifies a row but not how the form is obtained or whether it is selectable.,Form Kind; Base ID; Activation; Duration; Reversion; Availability,Dex key: 0892 (rapid-strike); Type: Fighting / Water,Open,
GAP-0732,Pokemon Stats.csv,1218,1,Zarude Dada [0893 (dada)],Form origin and behavior,"Classify as a permanent form, selectable variant, or temporary battle form. For transformations, give base ID, trigger, duration, and reversion.",The suffixed key identifies a row but not how the form is obtained or whether it is selectable.,Form Kind; Base ID; Activation; Duration; Reversion; Availability,Dex key: 0893 (dada); Type: Dark / Grass,Open,
GAP-0733,Pokemon Stats.csv,1219,1,Calyrex Ice [0898 (ice)],Form origin and behavior,"Classify as a permanent form, selectable variant, or temporary battle form. For transformations, give base ID, trigger, duration, and reversion.",The suffixed key identifies a row but not how the form is obtained or whether it is selectable.,Form Kind; Base ID; Activation; Duration; Reversion; Availability,Dex key: 0898 (ice); Type: Psychic / Ice,Open,
GAP-0734,Pokemon Stats.csv,1220,1,Calyrex Shadow [0898 (shadow)],Form origin and behavior,"Classify as a permanent form, selectable variant, or temporary battle form. For transformations, give base ID, trigger, duration, and reversion.",The suffixed key identifies a row but not how the form is obtained or whether it is selectable.,Form Kind; Base ID; Activation; Duration; Reversion; Availability,Dex key: 0898 (shadow); Type: Psychic / Ghost,Open,
GAP-0735,Pokemon Stats.csv,1221,1,Venusaur Gmax [0003 (gmax)],Form origin and behavior,"Classify as a permanent form, selectable variant, or temporary battle form. For transformations, give base ID, trigger, duration, and reversion.",The suffixed key identifies a row but not how the form is obtained or whether it is selectable.,Form Kind; Base ID; Activation; Duration; Reversion; Availability,Dex key: 0003 (gmax); Type: Grass / Poison,Open,
GAP-0736,Pokemon Stats.csv,1222,1,Charizard Gmax [0006 (gmax)],Form origin and behavior,"Classify as a permanent form, selectable variant, or temporary battle form. For transformations, give base ID, trigger, duration, and reversion.",The suffixed key identifies a row but not how the form is obtained or whether it is selectable.,Form Kind; Base ID; Activation; Duration; Reversion; Availability,Dex key: 0006 (gmax); Type: Fire / Flying,Open,
GAP-0737,Pokemon Stats.csv,1223,1,Blastoise Gmax [0009 (gmax)],Form origin and behavior,"Classify as a permanent form, selectable variant, or temporary battle form. For transformations, give base ID, trigger, duration, and reversion.",The suffixed key identifies a row but not how the form is obtained or whether it is selectable.,Form Kind; Base ID; Activation; Duration; Reversion; Availability,Dex key: 0009 (gmax); Type: Water,Open,
GAP-0738,Pokemon Stats.csv,1224,1,Butterfree Gmax [0012 (gmax)],Form origin and behavior,"Classify as a permanent form, selectable variant, or temporary battle form. For transformations, give base ID, trigger, duration, and reversion.",The suffixed key identifies a row but not how the form is obtained or whether it is selectable.,Form Kind; Base ID; Activation; Duration; Reversion; Availability,Dex key: 0012 (gmax); Type: Bug / Flying,Open,
GAP-0739,Pokemon Stats.csv,1225,1,Pikachu Gmax,Evolution target and trigger,"Give each target an exact target ID and trigger condition (level, item, move, time, trade, or another explicit rule).",Evolves gives target names but no conditions; runtime evolution needs a target ID and a testable trigger.,Target ID; Method; Required Level/Item/Move/Time; Branch conditions,Evolves: Raichu,Open,
GAP-0740,Pokemon Stats.csv,1225,1,Pikachu Gmax [0025 (gmax)],Form origin and behavior,"Classify as a permanent form, selectable variant, or temporary battle form. For transformations, give base ID, trigger, duration, and reversion.",The suffixed key identifies a row but not how the form is obtained or whether it is selectable.,Form Kind; Base ID; Activation; Duration; Reversion; Availability,Dex key: 0025 (gmax); Type: Electric,Open,
GAP-0741,Pokemon Stats.csv,1226,1,Meowth Gmax,Evolution target and trigger,"Give each target an exact target ID and trigger condition (level, item, move, time, trade, or another explicit rule). This entry has branches, so provide one trigger per target.",Evolves gives target names but no conditions; runtime evolution needs a target ID and a testable trigger.,Target ID; Method; Required Level/Item/Move/Time; Branch conditions,Evolves: Persian; Perrserker,Open,
GAP-0742,Pokemon Stats.csv,1226,1,Meowth Gmax [0052 (gmax)],Form origin and behavior,"Classify as a permanent form, selectable variant, or temporary battle form. For transformations, give base ID, trigger, duration, and reversion.",The suffixed key identifies a row but not how the form is obtained or whether it is selectable.,Form Kind; Base ID; Activation; Duration; Reversion; Availability,Dex key: 0052 (gmax); Type: Normal,Open,
GAP-0743,Pokemon Stats.csv,1227,1,Machamp Gmax [0068 (gmax)],Form origin and behavior,"Classify as a permanent form, selectable variant, or temporary battle form. For transformations, give base ID, trigger, duration, and reversion.",The suffixed key identifies a row but not how the form is obtained or whether it is selectable.,Form Kind; Base ID; Activation; Duration; Reversion; Availability,Dex key: 0068 (gmax); Type: Fighting,Open,
GAP-0744,Pokemon Stats.csv,1228,1,Gengar Gmax [0094 (gmax)],Form origin and behavior,"Classify as a permanent form, selectable variant, or temporary battle form. For transformations, give base ID, trigger, duration, and reversion.",The suffixed key identifies a row but not how the form is obtained or whether it is selectable.,Form Kind; Base ID; Activation; Duration; Reversion; Availability,Dex key: 0094 (gmax); Type: Ghost / Poison,Open,
GAP-0745,Pokemon Stats.csv,1229,1,Kingler Gmax [0099 (gmax)],Form origin and behavior,"Classify as a permanent form, selectable variant, or temporary battle form. For transformations, give base ID, trigger, duration, and reversion.",The suffixed key identifies a row but not how the form is obtained or whether it is selectable.,Form Kind; Base ID; Activation; Duration; Reversion; Availability,Dex key: 0099 (gmax); Type: Water,Open,
GAP-0746,Pokemon Stats.csv,1230,1,Lapras Gmax [0131 (gmax)],Form origin and behavior,"Classify as a permanent form, selectable variant, or temporary battle form. For transformations, give base ID, trigger, duration, and reversion.",The suffixed key identifies a row but not how the form is obtained or whether it is selectable.,Form Kind; Base ID; Activation; Duration; Reversion; Availability,Dex key: 0131 (gmax); Type: Water / Ice,Open,
GAP-0747,Pokemon Stats.csv,1231,1,Eevee Gmax,Evolution target and trigger,"Give each target an exact target ID and trigger condition (level, item, move, time, trade, or another explicit rule). This entry has branches, so provide one trigger per target.",Evolves gives target names but no conditions; runtime evolution needs a target ID and a testable trigger.,Target ID; Method; Required Level/Item/Move/Time; Branch conditions,Evolves: Vaporeon; Jolteon; Flareon; Espeon; Umbreon; Leafeon; Glaceon; Sylveon,Open,
GAP-0748,Pokemon Stats.csv,1231,1,Eevee Gmax [0133 (gmax)],Form origin and behavior,"Classify as a permanent form, selectable variant, or temporary battle form. For transformations, give base ID, trigger, duration, and reversion.",The suffixed key identifies a row but not how the form is obtained or whether it is selectable.,Form Kind; Base ID; Activation; Duration; Reversion; Availability,Dex key: 0133 (gmax); Type: Normal,Open,
GAP-0749,Pokemon Stats.csv,1232,1,Snorlax Gmax [0143 (gmax)],Form origin and behavior,"Classify as a permanent form, selectable variant, or temporary battle form. For transformations, give base ID, trigger, duration, and reversion.",The suffixed key identifies a row but not how the form is obtained or whether it is selectable.,Form Kind; Base ID; Activation; Duration; Reversion; Availability,Dex key: 0143 (gmax); Type: Normal,Open,
GAP-0750,Pokemon Stats.csv,1233,1,Garbodor Gmax [0569 (gmax)],Form origin and behavior,"Classify as a permanent form, selectable variant, or temporary battle form. For transformations, give base ID, trigger, duration, and reversion.",The suffixed key identifies a row but not how the form is obtained or whether it is selectable.,Form Kind; Base ID; Activation; Duration; Reversion; Availability,Dex key: 0569 (gmax); Type: Poison,Open,
GAP-0751,Pokemon Stats.csv,1234,1,Melmetal Gmax [0809 (gmax)],Form origin and behavior,"Classify as a permanent form, selectable variant, or temporary battle form. For transformations, give base ID, trigger, duration, and reversion.",The suffixed key identifies a row but not how the form is obtained or whether it is selectable.,Form Kind; Base ID; Activation; Duration; Reversion; Availability,Dex key: 0809 (gmax); Type: Steel,Open,
GAP-0752,Pokemon Stats.csv,1235,1,Rillaboom Gmax [0812 (gmax)],Form origin and behavior,"Classify as a permanent form, selectable variant, or temporary battle form. For transformations, give base ID, trigger, duration, and reversion.",The suffixed key identifies a row but not how the form is obtained or whether it is selectable.,Form Kind; Base ID; Activation; Duration; Reversion; Availability,Dex key: 0812 (gmax); Type: Grass,Open,
GAP-0753,Pokemon Stats.csv,1236,1,Cinderace Gmax [0815 (gmax)],Form origin and behavior,"Classify as a permanent form, selectable variant, or temporary battle form. For transformations, give base ID, trigger, duration, and reversion.",The suffixed key identifies a row but not how the form is obtained or whether it is selectable.,Form Kind; Base ID; Activation; Duration; Reversion; Availability,Dex key: 0815 (gmax); Type: Fire,Open,
GAP-0754,Pokemon Stats.csv,1237,1,Inteleon Gmax [0818 (gmax)],Form origin and behavior,"Classify as a permanent form, selectable variant, or temporary battle form. For transformations, give base ID, trigger, duration, and reversion.",The suffixed key identifies a row but not how the form is obtained or whether it is selectable.,Form Kind; Base ID; Activation; Duration; Reversion; Availability,Dex key: 0818 (gmax); Type: Water,Open,
GAP-0755,Pokemon Stats.csv,1238,1,Corviknight Gmax [0823 (gmax)],Form origin and behavior,"Classify as a permanent form, selectable variant, or temporary battle form. For transformations, give base ID, trigger, duration, and reversion.",The suffixed key identifies a row but not how the form is obtained or whether it is selectable.,Form Kind; Base ID; Activation; Duration; Reversion; Availability,Dex key: 0823 (gmax); Type: Flying / Steel,Open,
GAP-0756,Pokemon Stats.csv,1239,1,Orbeetle Gmax [0826 (gmax)],Form origin and behavior,"Classify as a permanent form, selectable variant, or temporary battle form. For transformations, give base ID, trigger, duration, and reversion.",The suffixed key identifies a row but not how the form is obtained or whether it is selectable.,Form Kind; Base ID; Activation; Duration; Reversion; Availability,Dex key: 0826 (gmax); Type: Bug / Psychic,Open,
GAP-0757,Pokemon Stats.csv,1240,1,Drednaw Gmax [0834 (gmax)],Form origin and behavior,"Classify as a permanent form, selectable variant, or temporary battle form. For transformations, give base ID, trigger, duration, and reversion.",The suffixed key identifies a row but not how the form is obtained or whether it is selectable.,Form Kind; Base ID; Activation; Duration; Reversion; Availability,Dex key: 0834 (gmax); Type: Water / Rock,Open,
GAP-0758,Pokemon Stats.csv,1241,1,Coalossal Gmax [0839 (gmax)],Form origin and behavior,"Classify as a permanent form, selectable variant, or temporary battle form. For transformations, give base ID, trigger, duration, and reversion.",The suffixed key identifies a row but not how the form is obtained or whether it is selectable.,Form Kind; Base ID; Activation; Duration; Reversion; Availability,Dex key: 0839 (gmax); Type: Rock / Fire,Open,
GAP-0759,Pokemon Stats.csv,1242,1,Flapple Gmax [0841 (gmax)],Form origin and behavior,"Classify as a permanent form, selectable variant, or temporary battle form. For transformations, give base ID, trigger, duration, and reversion.",The suffixed key identifies a row but not how the form is obtained or whether it is selectable.,Form Kind; Base ID; Activation; Duration; Reversion; Availability,Dex key: 0841 (gmax); Type: Grass / Dragon,Open,
GAP-0760,Pokemon Stats.csv,1243,1,Appletun Gmax [0842 (gmax)],Form origin and behavior,"Classify as a permanent form, selectable variant, or temporary battle form. For transformations, give base ID, trigger, duration, and reversion.",The suffixed key identifies a row but not how the form is obtained or whether it is selectable.,Form Kind; Base ID; Activation; Duration; Reversion; Availability,Dex key: 0842 (gmax); Type: Grass / Dragon,Open,
GAP-0761,Pokemon Stats.csv,1244,1,Sandaconda Gmax [0844 (gmax)],Form origin and behavior,"Classify as a permanent form, selectable variant, or temporary battle form. For transformations, give base ID, trigger, duration, and reversion.",The suffixed key identifies a row but not how the form is obtained or whether it is selectable.,Form Kind; Base ID; Activation; Duration; Reversion; Availability,Dex key: 0844 (gmax); Type: Ground,Open,
GAP-0762,Pokemon Stats.csv,1245,1,Toxtricity Amped Gmax [0849 (amped-gmax)],Form origin and behavior,"Classify as a permanent form, selectable variant, or temporary battle form. For transformations, give base ID, trigger, duration, and reversion.",The suffixed key identifies a row but not how the form is obtained or whether it is selectable.,Form Kind; Base ID; Activation; Duration; Reversion; Availability,Dex key: 0849 (amped-gmax); Type: Electric / Poison,Open,
GAP-0763,Pokemon Stats.csv,1246,1,Centiskorch Gmax [0851 (gmax)],Form origin and behavior,"Classify as a permanent form, selectable variant, or temporary battle form. For transformations, give base ID, trigger, duration, and reversion.",The suffixed key identifies a row but not how the form is obtained or whether it is selectable.,Form Kind; Base ID; Activation; Duration; Reversion; Availability,Dex key: 0851 (gmax); Type: Fire / Bug,Open,
GAP-0764,Pokemon Stats.csv,1247,1,Hatterene Gmax [0858 (gmax)],Form origin and behavior,"Classify as a permanent form, selectable variant, or temporary battle form. For transformations, give base ID, trigger, duration, and reversion.",The suffixed key identifies a row but not how the form is obtained or whether it is selectable.,Form Kind; Base ID; Activation; Duration; Reversion; Availability,Dex key: 0858 (gmax); Type: Psychic / Fairy,Open,
GAP-0765,Pokemon Stats.csv,1248,1,Grimmsnarl Gmax [0861 (gmax)],Form origin and behavior,"Classify as a permanent form, selectable variant, or temporary battle form. For transformations, give base ID, trigger, duration, and reversion.",The suffixed key identifies a row but not how the form is obtained or whether it is selectable.,Form Kind; Base ID; Activation; Duration; Reversion; Availability,Dex key: 0861 (gmax); Type: Dark / Fairy,Open,
GAP-0766,Pokemon Stats.csv,1249,1,Alcremie Gmax [0869 (gmax)],Form origin and behavior,"Classify as a permanent form, selectable variant, or temporary battle form. For transformations, give base ID, trigger, duration, and reversion.",The suffixed key identifies a row but not how the form is obtained or whether it is selectable.,Form Kind; Base ID; Activation; Duration; Reversion; Availability,Dex key: 0869 (gmax); Type: Fairy,Open,
GAP-0767,Pokemon Stats.csv,1250,1,Copperajah Gmax [0879 (gmax)],Form origin and behavior,"Classify as a permanent form, selectable variant, or temporary battle form. For transformations, give base ID, trigger, duration, and reversion.",The suffixed key identifies a row but not how the form is obtained or whether it is selectable.,Form Kind; Base ID; Activation; Duration; Reversion; Availability,Dex key: 0879 (gmax); Type: Steel,Open,
GAP-0768,Pokemon Stats.csv,1251,1,Duraludon Gmax,Evolution target and trigger,"Give each target an exact target ID and trigger condition (level, item, move, time, trade, or another explicit rule).",Evolves gives target names but no conditions; runtime evolution needs a target ID and a testable trigger.,Target ID; Method; Required Level/Item/Move/Time; Branch conditions,Evolves: Archaludon,Open,
GAP-0769,Pokemon Stats.csv,1251,1,Duraludon Gmax [0884 (gmax)],Form origin and behavior,"Classify as a permanent form, selectable variant, or temporary battle form. For transformations, give base ID, trigger, duration, and reversion.",The suffixed key identifies a row but not how the form is obtained or whether it is selectable.,Form Kind; Base ID; Activation; Duration; Reversion; Availability,Dex key: 0884 (gmax); Type: Steel / Dragon,Open,
GAP-0770,Pokemon Stats.csv,1252,1,Urshifu Single Strike Gmax [0892 (single-strike-gmax)],Form origin and behavior,"Classify as a permanent form, selectable variant, or temporary battle form. For transformations, give base ID, trigger, duration, and reversion.",The suffixed key identifies a row but not how the form is obtained or whether it is selectable.,Form Kind; Base ID; Activation; Duration; Reversion; Availability,Dex key: 0892 (single-strike-gmax); Type: Fighting / Dark,Open,
GAP-0771,Pokemon Stats.csv,1253,1,Urshifu Rapid Strike Gmax [0892 (rapid-strike-gmax)],Form origin and behavior,"Classify as a permanent form, selectable variant, or temporary battle form. For transformations, give base ID, trigger, duration, and reversion.",The suffixed key identifies a row but not how the form is obtained or whether it is selectable.,Form Kind; Base ID; Activation; Duration; Reversion; Availability,Dex key: 0892 (rapid-strike-gmax); Type: Fighting / Water,Open,
GAP-0772,Pokemon Stats.csv,1254,1,Toxtricity Low Key Gmax [0849 (low-key-gmax)],Form origin and behavior,"Classify as a permanent form, selectable variant, or temporary battle form. For transformations, give base ID, trigger, duration, and reversion.",The suffixed key identifies a row but not how the form is obtained or whether it is selectable.,Form Kind; Base ID; Activation; Duration; Reversion; Availability,Dex key: 0849 (low-key-gmax); Type: Electric / Poison,Open,
GAP-0773,Pokemon Stats.csv,1255,1,Growlithe Hisui,Evolution target and trigger,"Give each target an exact target ID and trigger condition (level, item, move, time, trade, or another explicit rule).",Evolves gives target names but no conditions; runtime evolution needs a target ID and a testable trigger.,Target ID; Method; Required Level/Item/Move/Time; Branch conditions,Evolves: Arcanine,Open,
GAP-0774,Pokemon Stats.csv,1255,1,Growlithe Hisui [0058 (hisui)],Form origin and behavior,"Classify as a permanent form, selectable variant, or temporary battle form. For transformations, give base ID, trigger, duration, and reversion.",The suffixed key identifies a row but not how the form is obtained or whether it is selectable.,Form Kind; Base ID; Activation; Duration; Reversion; Availability,Dex key: 0058 (hisui); Type: Fire / Rock,Open,
GAP-0775,Pokemon Stats.csv,1256,1,Arcanine Hisui [0059 (hisui)],Form origin and behavior,"Classify as a permanent form, selectable variant, or temporary battle form. For transformations, give base ID, trigger, duration, and reversion.",The suffixed key identifies a row but not how the form is obtained or whether it is selectable.,Form Kind; Base ID; Activation; Duration; Reversion; Availability,Dex key: 0059 (hisui); Type: Fire / Rock,Open,
GAP-0776,Pokemon Stats.csv,1257,1,Voltorb Hisui,Evolution target and trigger,"Give each target an exact target ID and trigger condition (level, item, move, time, trade, or another explicit rule).",Evolves gives target names but no conditions; runtime evolution needs a target ID and a testable trigger.,Target ID; Method; Required Level/Item/Move/Time; Branch conditions,Evolves: Electrode,Open,
GAP-0777,Pokemon Stats.csv,1257,1,Voltorb Hisui [0100 (hisui)],Form origin and behavior,"Classify as a permanent form, selectable variant, or temporary battle form. For transformations, give base ID, trigger, duration, and reversion.",The suffixed key identifies a row but not how the form is obtained or whether it is selectable.,Form Kind; Base ID; Activation; Duration; Reversion; Availability,Dex key: 0100 (hisui); Type: Electric / Grass,Open,
GAP-0778,Pokemon Stats.csv,1258,1,Electrode Hisui [0101 (hisui)],Form origin and behavior,"Classify as a permanent form, selectable variant, or temporary battle form. For transformations, give base ID, trigger, duration, and reversion.",The suffixed key identifies a row but not how the form is obtained or whether it is selectable.,Form Kind; Base ID; Activation; Duration; Reversion; Availability,Dex key: 0101 (hisui); Type: Electric / Grass,Open,
GAP-0779,Pokemon Stats.csv,1259,1,Typhlosion Hisui [0157 (hisui)],Form origin and behavior,"Classify as a permanent form, selectable variant, or temporary battle form. For transformations, give base ID, trigger, duration, and reversion.",The suffixed key identifies a row but not how the form is obtained or whether it is selectable.,Form Kind; Base ID; Activation; Duration; Reversion; Availability,Dex key: 0157 (hisui); Type: Fire / Ghost,Open,
GAP-0780,Pokemon Stats.csv,1260,1,Qwilfish Hisui,Evolution target and trigger,"Give each target an exact target ID and trigger condition (level, item, move, time, trade, or another explicit rule).",Evolves gives target names but no conditions; runtime evolution needs a target ID and a testable trigger.,Target ID; Method; Required Level/Item/Move/Time; Branch conditions,Evolves: Overqwil,Open,
GAP-0781,Pokemon Stats.csv,1260,1,Qwilfish Hisui [0211 (hisui)],Form origin and behavior,"Classify as a permanent form, selectable variant, or temporary battle form. For transformations, give base ID, trigger, duration, and reversion.",The suffixed key identifies a row but not how the form is obtained or whether it is selectable.,Form Kind; Base ID; Activation; Duration; Reversion; Availability,Dex key: 0211 (hisui); Type: Dark / Poison,Open,
GAP-0782,Pokemon Stats.csv,1261,1,Sneasel Hisui,Evolution target and trigger,"Give each target an exact target ID and trigger condition (level, item, move, time, trade, or another explicit rule). This entry has branches, so provide one trigger per target.",Evolves gives target names but no conditions; runtime evolution needs a target ID and a testable trigger.,Target ID; Method; Required Level/Item/Move/Time; Branch conditions,Evolves: Weavile; Sneasler,Open,
GAP-0783,Pokemon Stats.csv,1261,1,Sneasel Hisui [0215 (hisui)],Form origin and behavior,"Classify as a permanent form, selectable variant, or temporary battle form. For transformations, give base ID, trigger, duration, and reversion.",The suffixed key identifies a row but not how the form is obtained or whether it is selectable.,Form Kind; Base ID; Activation; Duration; Reversion; Availability,Dex key: 0215 (hisui); Type: Fighting / Poison,Open,
GAP-0784,Pokemon Stats.csv,1262,1,Samurott Hisui [0503 (hisui)],Form origin and behavior,"Classify as a permanent form, selectable variant, or temporary battle form. For transformations, give base ID, trigger, duration, and reversion.",The suffixed key identifies a row but not how the form is obtained or whether it is selectable.,Form Kind; Base ID; Activation; Duration; Reversion; Availability,Dex key: 0503 (hisui); Type: Water / Dark,Open,
GAP-0785,Pokemon Stats.csv,1263,1,Lilligant Hisui [0549 (hisui)],Form origin and behavior,"Classify as a permanent form, selectable variant, or temporary battle form. For transformations, give base ID, trigger, duration, and reversion.",The suffixed key identifies a row but not how the form is obtained or whether it is selectable.,Form Kind; Base ID; Activation; Duration; Reversion; Availability,Dex key: 0549 (hisui); Type: Grass / Fighting,Open,
GAP-0786,Pokemon Stats.csv,1264,1,Zorua Hisui,Evolution target and trigger,"Give each target an exact target ID and trigger condition (level, item, move, time, trade, or another explicit rule).",Evolves gives target names but no conditions; runtime evolution needs a target ID and a testable trigger.,Target ID; Method; Required Level/Item/Move/Time; Branch conditions,Evolves: Zoroark,Open,
GAP-0787,Pokemon Stats.csv,1264,1,Zorua Hisui [0570 (hisui)],Form origin and behavior,"Classify as a permanent form, selectable variant, or temporary battle form. For transformations, give base ID, trigger, duration, and reversion.",The suffixed key identifies a row but not how the form is obtained or whether it is selectable.,Form Kind; Base ID; Activation; Duration; Reversion; Availability,Dex key: 0570 (hisui); Type: Normal / Ghost,Open,
GAP-0788,Pokemon Stats.csv,1265,1,Zoroark Hisui [0571 (hisui)],Form origin and behavior,"Classify as a permanent form, selectable variant, or temporary battle form. For transformations, give base ID, trigger, duration, and reversion.",The suffixed key identifies a row but not how the form is obtained or whether it is selectable.,Form Kind; Base ID; Activation; Duration; Reversion; Availability,Dex key: 0571 (hisui); Type: Normal / Ghost,Open,
GAP-0789,Pokemon Stats.csv,1266,1,Braviary Hisui [0628 (hisui)],Form origin and behavior,"Classify as a permanent form, selectable variant, or temporary battle form. For transformations, give base ID, trigger, duration, and reversion.",The suffixed key identifies a row but not how the form is obtained or whether it is selectable.,Form Kind; Base ID; Activation; Duration; Reversion; Availability,Dex key: 0628 (hisui); Type: Psychic / Flying,Open,
GAP-0790,Pokemon Stats.csv,1267,1,Sliggoo Hisui,Evolution target and trigger,"Give each target an exact target ID and trigger condition (level, item, move, time, trade, or another explicit rule).",Evolves gives target names but no conditions; runtime evolution needs a target ID and a testable trigger.,Target ID; Method; Required Level/Item/Move/Time; Branch conditions,Evolves: Goodra,Open,
GAP-0791,Pokemon Stats.csv,1267,1,Sliggoo Hisui [0705 (hisui)],Form origin and behavior,"Classify as a permanent form, selectable variant, or temporary battle form. For transformations, give base ID, trigger, duration, and reversion.",The suffixed key identifies a row but not how the form is obtained or whether it is selectable.,Form Kind; Base ID; Activation; Duration; Reversion; Availability,Dex key: 0705 (hisui); Type: Steel / Dragon,Open,
GAP-0792,Pokemon Stats.csv,1268,1,Goodra Hisui [0706 (hisui)],Form origin and behavior,"Classify as a permanent form, selectable variant, or temporary battle form. For transformations, give base ID, trigger, duration, and reversion.",The suffixed key identifies a row but not how the form is obtained or whether it is selectable.,Form Kind; Base ID; Activation; Duration; Reversion; Availability,Dex key: 0706 (hisui); Type: Steel / Dragon,Open,
GAP-0793,Pokemon Stats.csv,1269,1,Avalugg Hisui [0713 (hisui)],Form origin and behavior,"Classify as a permanent form, selectable variant, or temporary battle form. For transformations, give base ID, trigger, duration, and reversion.",The suffixed key identifies a row but not how the form is obtained or whether it is selectable.,Form Kind; Base ID; Activation; Duration; Reversion; Availability,Dex key: 0713 (hisui); Type: Ice / Rock,Open,
GAP-0794,Pokemon Stats.csv,1270,1,Decidueye Hisui [0724 (hisui)],Form origin and behavior,"Classify as a permanent form, selectable variant, or temporary battle form. For transformations, give base ID, trigger, duration, and reversion.",The suffixed key identifies a row but not how the form is obtained or whether it is selectable.,Form Kind; Base ID; Activation; Duration; Reversion; Availability,Dex key: 0724 (hisui); Type: Grass / Fighting,Open,
GAP-0795,Pokemon Stats.csv,1271,1,Dialga Origin [0483 (origin)],Form origin and behavior,"Classify as a permanent form, selectable variant, or temporary battle form. For transformations, give base ID, trigger, duration, and reversion.",The suffixed key identifies a row but not how the form is obtained or whether it is selectable.,Form Kind; Base ID; Activation; Duration; Reversion; Availability,Dex key: 0483 (origin); Type: Steel / Dragon,Open,
GAP-0796,Pokemon Stats.csv,1272,1,Palkia Origin [0484 (origin)],Form origin and behavior,"Classify as a permanent form, selectable variant, or temporary battle form. For transformations, give base ID, trigger, duration, and reversion.",The suffixed key identifies a row but not how the form is obtained or whether it is selectable.,Form Kind; Base ID; Activation; Duration; Reversion; Availability,Dex key: 0484 (origin); Type: Water / Dragon,Open,
GAP-0797,Pokemon Stats.csv,1273,1,Basculin White Striped,Evolution target and trigger,"Give each target an exact target ID and trigger condition (level, item, move, time, trade, or another explicit rule). Resolve these labels to exact forms: Basculegion.",Evolves gives target names but no conditions; runtime evolution needs a target ID and a testable trigger.,Target ID; Method; Required Level/Item/Move/Time; Branch conditions,Evolves: Basculegion,Open,
GAP-0798,Pokemon Stats.csv,1273,1,Basculin White Striped [0550 (white-striped)],Form origin and behavior,"Classify as a permanent form, selectable variant, or temporary battle form. For transformations, give base ID, trigger, duration, and reversion.",The suffixed key identifies a row but not how the form is obtained or whether it is selectable.,Form Kind; Base ID; Activation; Duration; Reversion; Availability,Dex key: 0550 (white-striped); Type: Water,Open,
GAP-0799,Pokemon Stats.csv,1274,1,Basculegion Female [0902 (female)],Form origin and behavior,"Classify as a permanent form, selectable variant, or temporary battle form. For transformations, give base ID, trigger, duration, and reversion.",The suffixed key identifies a row but not how the form is obtained or whether it is selectable.,Form Kind; Base ID; Activation; Duration; Reversion; Availability,Dex key: 0902 (female); Type: Water / Ghost,Open,
GAP-0800,Pokemon Stats.csv,1275,1,Enamorus Therian [0905 (therian)],Form origin and behavior,"Classify as a permanent form, selectable variant, or temporary battle form. For transformations, give base ID, trigger, duration, and reversion.",The suffixed key identifies a row but not how the form is obtained or whether it is selectable.,Form Kind; Base ID; Activation; Duration; Reversion; Availability,Dex key: 0905 (therian); Type: Fairy / Flying,Open,
GAP-0801,Pokemon Stats.csv,1276,1,Tauros Paldea Combat Breed [0128 (paldea-combat-breed)],Form origin and behavior,"Classify as a permanent form, selectable variant, or temporary battle form. For transformations, give base ID, trigger, duration, and reversion.",The suffixed key identifies a row but not how the form is obtained or whether it is selectable.,Form Kind; Base ID; Activation; Duration; Reversion; Availability,Dex key: 0128 (paldea-combat-breed); Type: Fighting,Open,
GAP-0802,Pokemon Stats.csv,1277,1,Tauros Paldea Blaze Breed [0128 (paldea-blaze-breed)],Form origin and behavior,"Classify as a permanent form, selectable variant, or temporary battle form. For transformations, give base ID, trigger, duration, and reversion.",The suffixed key identifies a row but not how the form is obtained or whether it is selectable.,Form Kind; Base ID; Activation; Duration; Reversion; Availability,Dex key: 0128 (paldea-blaze-breed); Type: Fighting / Fire,Open,
GAP-0803,Pokemon Stats.csv,1278,1,Tauros Paldea Aqua Breed [0128 (paldea-aqua-breed)],Form origin and behavior,"Classify as a permanent form, selectable variant, or temporary battle form. For transformations, give base ID, trigger, duration, and reversion.",The suffixed key identifies a row but not how the form is obtained or whether it is selectable.,Form Kind; Base ID; Activation; Duration; Reversion; Availability,Dex key: 0128 (paldea-aqua-breed); Type: Fighting / Water,Open,
GAP-0804,Pokemon Stats.csv,1279,1,Wooper Paldea,Evolution target and trigger,"Give each target an exact target ID and trigger condition (level, item, move, time, trade, or another explicit rule). This entry has branches, so provide one trigger per target.",Evolves gives target names but no conditions; runtime evolution needs a target ID and a testable trigger.,Target ID; Method; Required Level/Item/Move/Time; Branch conditions,Evolves: Quagsire; Clodsire,Open,
GAP-0805,Pokemon Stats.csv,1279,1,Wooper Paldea [0194 (paldea)],Form origin and behavior,"Classify as a permanent form, selectable variant, or temporary battle form. For transformations, give base ID, trigger, duration, and reversion.",The suffixed key identifies a row but not how the form is obtained or whether it is selectable.,Form Kind; Base ID; Activation; Duration; Reversion; Availability,Dex key: 0194 (paldea); Type: Poison / Ground,Open,
GAP-0806,Pokemon Stats.csv,1280,1,Oinkologne Female [0916 (female)],Form origin and behavior,"Classify as a permanent form, selectable variant, or temporary battle form. For transformations, give base ID, trigger, duration, and reversion.",The suffixed key identifies a row but not how the form is obtained or whether it is selectable.,Form Kind; Base ID; Activation; Duration; Reversion; Availability,Dex key: 0916 (female); Type: Normal,Open,
GAP-0807,Pokemon Stats.csv,1281,1,Dudunsparce Three Segment [0982 (three-segment)],Form origin and behavior,"Classify as a permanent form, selectable variant, or temporary battle form. For transformations, give base ID, trigger, duration, and reversion.",The suffixed key identifies a row but not how the form is obtained or whether it is selectable.,Form Kind; Base ID; Activation; Duration; Reversion; Availability,Dex key: 0982 (three-segment); Type: Normal,Open,
GAP-0808,Pokemon Stats.csv,1282,1,Palafin Hero [0964 (hero)],Form origin and behavior,"Classify as a permanent form, selectable variant, or temporary battle form. For transformations, give base ID, trigger, duration, and reversion.",The suffixed key identifies a row but not how the form is obtained or whether it is selectable.,Form Kind; Base ID; Activation; Duration; Reversion; Availability,Dex key: 0964 (hero); Type: Water,Open,
GAP-0809,Pokemon Stats.csv,1283,1,Maushold Family Of Three [0925 (family-of-three)],Form origin and behavior,"Classify as a permanent form, selectable variant, or temporary battle form. For transformations, give base ID, trigger, duration, and reversion.",The suffixed key identifies a row but not how the form is obtained or whether it is selectable.,Form Kind; Base ID; Activation; Duration; Reversion; Availability,Dex key: 0925 (family-of-three); Type: Normal,Open,
GAP-0810,Pokemon Stats.csv,1284,1,Tatsugiri Droopy [0978 (droopy)],Form origin and behavior,"Classify as a permanent form, selectable variant, or temporary battle form. For transformations, give base ID, trigger, duration, and reversion.",The suffixed key identifies a row but not how the form is obtained or whether it is selectable.,Form Kind; Base ID; Activation; Duration; Reversion; Availability,Dex key: 0978 (droopy); Type: Dragon / Water,Open,
GAP-0811,Pokemon Stats.csv,1285,1,Tatsugiri Stretchy [0978 (stretchy)],Form origin and behavior,"Classify as a permanent form, selectable variant, or temporary battle form. For transformations, give base ID, trigger, duration, and reversion.",The suffixed key identifies a row but not how the form is obtained or whether it is selectable.,Form Kind; Base ID; Activation; Duration; Reversion; Availability,Dex key: 0978 (stretchy); Type: Dragon / Water,Open,
GAP-0812,Pokemon Stats.csv,1286,1,Squawkabilly Blue Plumage [0931 (blue-plumage)],Form origin and behavior,"Classify as a permanent form, selectable variant, or temporary battle form. For transformations, give base ID, trigger, duration, and reversion.",The suffixed key identifies a row but not how the form is obtained or whether it is selectable.,Form Kind; Base ID; Activation; Duration; Reversion; Availability,Dex key: 0931 (blue-plumage); Type: Normal / Flying,Open,
GAP-0813,Pokemon Stats.csv,1287,1,Squawkabilly Yellow Plumage [0931 (yellow-plumage)],Form origin and behavior,"Classify as a permanent form, selectable variant, or temporary battle form. For transformations, give base ID, trigger, duration, and reversion.",The suffixed key identifies a row but not how the form is obtained or whether it is selectable.,Form Kind; Base ID; Activation; Duration; Reversion; Availability,Dex key: 0931 (yellow-plumage); Type: Normal / Flying,Open,
GAP-0814,Pokemon Stats.csv,1288,1,Squawkabilly White Plumage [0931 (white-plumage)],Form origin and behavior,"Classify as a permanent form, selectable variant, or temporary battle form. For transformations, give base ID, trigger, duration, and reversion.",The suffixed key identifies a row but not how the form is obtained or whether it is selectable.,Form Kind; Base ID; Activation; Duration; Reversion; Availability,Dex key: 0931 (white-plumage); Type: Normal / Flying,Open,
GAP-0815,Pokemon Stats.csv,1289,1,Gimmighoul Roaming,Evolution target and trigger,"Give each target an exact target ID and trigger condition (level, item, move, time, trade, or another explicit rule).",Evolves gives target names but no conditions; runtime evolution needs a target ID and a testable trigger.,Target ID; Method; Required Level/Item/Move/Time; Branch conditions,Evolves: Gholdengo,Open,
GAP-0816,Pokemon Stats.csv,1289,1,Gimmighoul Roaming [0999 (roaming)],Form origin and behavior,"Classify as a permanent form, selectable variant, or temporary battle form. For transformations, give base ID, trigger, duration, and reversion.",The suffixed key identifies a row but not how the form is obtained or whether it is selectable.,Form Kind; Base ID; Activation; Duration; Reversion; Availability,Dex key: 0999 (roaming); Type: Ghost,Open,
GAP-0817,Pokemon Stats.csv,1290,1,Koraidon Limited Build [1007 (limited-build)],Form origin and behavior,"Classify as a permanent form, selectable variant, or temporary battle form. For transformations, give base ID, trigger, duration, and reversion.",The suffixed key identifies a row but not how the form is obtained or whether it is selectable.,Form Kind; Base ID; Activation; Duration; Reversion; Availability,Dex key: 1007 (limited-build); Type: Fighting / Dragon,Open,
GAP-0818,Pokemon Stats.csv,1291,1,Koraidon Sprinting Build [1007 (sprinting-build)],Form origin and behavior,"Classify as a permanent form, selectable variant, or temporary battle form. For transformations, give base ID, trigger, duration, and reversion.",The suffixed key identifies a row but not how the form is obtained or whether it is selectable.,Form Kind; Base ID; Activation; Duration; Reversion; Availability,Dex key: 1007 (sprinting-build); Type: Fighting / Dragon,Open,
GAP-0819,Pokemon Stats.csv,1292,1,Koraidon Swimming Build [1007 (swimming-build)],Form origin and behavior,"Classify as a permanent form, selectable variant, or temporary battle form. For transformations, give base ID, trigger, duration, and reversion.",The suffixed key identifies a row but not how the form is obtained or whether it is selectable.,Form Kind; Base ID; Activation; Duration; Reversion; Availability,Dex key: 1007 (swimming-build); Type: Fighting / Dragon,Open,
GAP-0820,Pokemon Stats.csv,1293,1,Koraidon Gliding Build [1007 (gliding-build)],Form origin and behavior,"Classify as a permanent form, selectable variant, or temporary battle form. For transformations, give base ID, trigger, duration, and reversion.",The suffixed key identifies a row but not how the form is obtained or whether it is selectable.,Form Kind; Base ID; Activation; Duration; Reversion; Availability,Dex key: 1007 (gliding-build); Type: Fighting / Dragon,Open,
GAP-0821,Pokemon Stats.csv,1294,1,Miraidon Low Power Mode [1008 (low-power-mode)],Form origin and behavior,"Classify as a permanent form, selectable variant, or temporary battle form. For transformations, give base ID, trigger, duration, and reversion.",The suffixed key identifies a row but not how the form is obtained or whether it is selectable.,Form Kind; Base ID; Activation; Duration; Reversion; Availability,Dex key: 1008 (low-power-mode); Type: Electric / Dragon,Open,
GAP-0822,Pokemon Stats.csv,1295,1,Miraidon Drive Mode [1008 (drive-mode)],Form origin and behavior,"Classify as a permanent form, selectable variant, or temporary battle form. For transformations, give base ID, trigger, duration, and reversion.",The suffixed key identifies a row but not how the form is obtained or whether it is selectable.,Form Kind; Base ID; Activation; Duration; Reversion; Availability,Dex key: 1008 (drive-mode); Type: Electric / Dragon,Open,
GAP-0823,Pokemon Stats.csv,1296,1,Miraidon Aquatic Mode [1008 (aquatic-mode)],Form origin and behavior,"Classify as a permanent form, selectable variant, or temporary battle form. For transformations, give base ID, trigger, duration, and reversion.",The suffixed key identifies a row but not how the form is obtained or whether it is selectable.,Form Kind; Base ID; Activation; Duration; Reversion; Availability,Dex key: 1008 (aquatic-mode); Type: Electric / Dragon,Open,
GAP-0824,Pokemon Stats.csv,1297,1,Miraidon Glide Mode [1008 (glide-mode)],Form origin and behavior,"Classify as a permanent form, selectable variant, or temporary battle form. For transformations, give base ID, trigger, duration, and reversion.",The suffixed key identifies a row but not how the form is obtained or whether it is selectable.,Form Kind; Base ID; Activation; Duration; Reversion; Availability,Dex key: 1008 (glide-mode); Type: Electric / Dragon,Open,
GAP-0825,Pokemon Stats.csv,1298,1,Ursaluna Bloodmoon [0901 (bloodmoon)],Form origin and behavior,"Classify as a permanent form, selectable variant, or temporary battle form. For transformations, give base ID, trigger, duration, and reversion.",The suffixed key identifies a row but not how the form is obtained or whether it is selectable.,Form Kind; Base ID; Activation; Duration; Reversion; Availability,Dex key: 0901 (bloodmoon); Type: Ground / Normal,Open,
GAP-0826,Pokemon Stats.csv,1299,1,Ogerpon Wellspring Mask [1017 (wellspring-mask)],Form origin and behavior,"Classify as a permanent form, selectable variant, or temporary battle form. For transformations, give base ID, trigger, duration, and reversion.",The suffixed key identifies a row but not how the form is obtained or whether it is selectable.,Form Kind; Base ID; Activation; Duration; Reversion; Availability,Dex key: 1017 (wellspring-mask); Type: Grass / Water,Open,
GAP-0827,Pokemon Stats.csv,1300,1,Ogerpon Hearthflame Mask [1017 (hearthflame-mask)],Form origin and behavior,"Classify as a permanent form, selectable variant, or temporary battle form. For transformations, give base ID, trigger, duration, and reversion.",The suffixed key identifies a row but not how the form is obtained or whether it is selectable.,Form Kind; Base ID; Activation; Duration; Reversion; Availability,Dex key: 1017 (hearthflame-mask); Type: Grass / Fire,Open,
GAP-0828,Pokemon Stats.csv,1301,1,Ogerpon Cornerstone Mask [1017 (cornerstone-mask)],Form origin and behavior,"Classify as a permanent form, selectable variant, or temporary battle form. For transformations, give base ID, trigger, duration, and reversion.",The suffixed key identifies a row but not how the form is obtained or whether it is selectable.,Form Kind; Base ID; Activation; Duration; Reversion; Availability,Dex key: 1017 (cornerstone-mask); Type: Grass / Rock,Open,
GAP-0829,Pokemon Stats.csv,1302,1,Terapagos Terastal [1024 (terastal)],Form origin and behavior,"Classify as a permanent form, selectable variant, or temporary battle form. For transformations, give base ID, trigger, duration, and reversion.",The suffixed key identifies a row but not how the form is obtained or whether it is selectable.,Form Kind; Base ID; Activation; Duration; Reversion; Availability,Dex key: 1024 (terastal); Type: Normal,Open,
GAP-0830,Pokemon Stats.csv,1303,1,Terapagos Stellar [1024 (stellar)],Form origin and behavior,"Classify as a permanent form, selectable variant, or temporary battle form. For transformations, give base ID, trigger, duration, and reversion.",The suffixed key identifies a row but not how the form is obtained or whether it is selectable.,Form Kind; Base ID; Activation; Duration; Reversion; Availability,Dex key: 1024 (stellar); Type: Normal,Open,
GAP-0831,Pokemon Stats.csv,1304,1,Clefable Mega [0036 (mega)],Form origin and behavior,"Classify as a permanent form, selectable variant, or temporary battle form. For transformations, give base ID, trigger, duration, and reversion.",The suffixed key identifies a row but not how the form is obtained or whether it is selectable.,Form Kind; Base ID; Activation; Duration; Reversion; Availability,Dex key: 0036 (mega); Type: Fairy / Flying,Open,
GAP-0832,Pokemon Stats.csv,1305,1,Victreebel Mega [0071 (mega)],Form origin and behavior,"Classify as a permanent form, selectable variant, or temporary battle form. For transformations, give base ID, trigger, duration, and reversion.",The suffixed key identifies a row but not how the form is obtained or whether it is selectable.,Form Kind; Base ID; Activation; Duration; Reversion; Availability,Dex key: 0071 (mega); Type: Grass / Poison,Open,
GAP-0833,Pokemon Stats.csv,1306,1,Starmie Mega [0121 (mega)],Form origin and behavior,"Classify as a permanent form, selectable variant, or temporary battle form. For transformations, give base ID, trigger, duration, and reversion.",The suffixed key identifies a row but not how the form is obtained or whether it is selectable.,Form Kind; Base ID; Activation; Duration; Reversion; Availability,Dex key: 0121 (mega); Type: Water / Psychic,Open,
GAP-0834,Pokemon Stats.csv,1307,1,Dragonite Mega [0149 (mega)],Form origin and behavior,"Classify as a permanent form, selectable variant, or temporary battle form. For transformations, give base ID, trigger, duration, and reversion.",The suffixed key identifies a row but not how the form is obtained or whether it is selectable.,Form Kind; Base ID; Activation; Duration; Reversion; Availability,Dex key: 0149 (mega); Type: Dragon / Flying,Open,
GAP-0835,Pokemon Stats.csv,1308,1,Meganium Mega [0154 (mega)],Form origin and behavior,"Classify as a permanent form, selectable variant, or temporary battle form. For transformations, give base ID, trigger, duration, and reversion.",The suffixed key identifies a row but not how the form is obtained or whether it is selectable.,Form Kind; Base ID; Activation; Duration; Reversion; Availability,Dex key: 0154 (mega); Type: Grass / Fairy,Open,
GAP-0836,Pokemon Stats.csv,1309,1,Feraligatr Mega [0160 (mega)],Form origin and behavior,"Classify as a permanent form, selectable variant, or temporary battle form. For transformations, give base ID, trigger, duration, and reversion.",The suffixed key identifies a row but not how the form is obtained or whether it is selectable.,Form Kind; Base ID; Activation; Duration; Reversion; Availability,Dex key: 0160 (mega); Type: Water / Dragon,Open,
GAP-0837,Pokemon Stats.csv,1310,1,Skarmory Mega [0227 (mega)],Form origin and behavior,"Classify as a permanent form, selectable variant, or temporary battle form. For transformations, give base ID, trigger, duration, and reversion.",The suffixed key identifies a row but not how the form is obtained or whether it is selectable.,Form Kind; Base ID; Activation; Duration; Reversion; Availability,Dex key: 0227 (mega); Type: Steel / Flying,Open,
GAP-0838,Pokemon Stats.csv,1311,1,Froslass Mega [0478 (mega)],Form origin and behavior,"Classify as a permanent form, selectable variant, or temporary battle form. For transformations, give base ID, trigger, duration, and reversion.",The suffixed key identifies a row but not how the form is obtained or whether it is selectable.,Form Kind; Base ID; Activation; Duration; Reversion; Availability,Dex key: 0478 (mega); Type: Ice / Ghost,Open,
GAP-0839,Pokemon Stats.csv,1312,1,Emboar Mega [0500 (mega)],Form origin and behavior,"Classify as a permanent form, selectable variant, or temporary battle form. For transformations, give base ID, trigger, duration, and reversion.",The suffixed key identifies a row but not how the form is obtained or whether it is selectable.,Form Kind; Base ID; Activation; Duration; Reversion; Availability,Dex key: 0500 (mega); Type: Fire / Fighting,Open,
GAP-0840,Pokemon Stats.csv,1313,1,Excadrill Mega [0530 (mega)],Form origin and behavior,"Classify as a permanent form, selectable variant, or temporary battle form. For transformations, give base ID, trigger, duration, and reversion.",The suffixed key identifies a row but not how the form is obtained or whether it is selectable.,Form Kind; Base ID; Activation; Duration; Reversion; Availability,Dex key: 0530 (mega); Type: Ground / Steel,Open,
GAP-0841,Pokemon Stats.csv,1314,1,Scolipede Mega [0545 (mega)],Form origin and behavior,"Classify as a permanent form, selectable variant, or temporary battle form. For transformations, give base ID, trigger, duration, and reversion.",The suffixed key identifies a row but not how the form is obtained or whether it is selectable.,Form Kind; Base ID; Activation; Duration; Reversion; Availability,Dex key: 0545 (mega); Type: Bug / Poison,Open,
GAP-0842,Pokemon Stats.csv,1315,1,Scrafty Mega [0560 (mega)],Form origin and behavior,"Classify as a permanent form, selectable variant, or temporary battle form. For transformations, give base ID, trigger, duration, and reversion.",The suffixed key identifies a row but not how the form is obtained or whether it is selectable.,Form Kind; Base ID; Activation; Duration; Reversion; Availability,Dex key: 0560 (mega); Type: Dark / Fighting,Open,
GAP-0843,Pokemon Stats.csv,1316,1,Eelektross Mega [0604 (mega)],Form origin and behavior,"Classify as a permanent form, selectable variant, or temporary battle form. For transformations, give base ID, trigger, duration, and reversion.",The suffixed key identifies a row but not how the form is obtained or whether it is selectable.,Form Kind; Base ID; Activation; Duration; Reversion; Availability,Dex key: 0604 (mega); Type: Electric,Open,
GAP-0844,Pokemon Stats.csv,1317,1,Chandelure Mega [0609 (mega)],Form origin and behavior,"Classify as a permanent form, selectable variant, or temporary battle form. For transformations, give base ID, trigger, duration, and reversion.",The suffixed key identifies a row but not how the form is obtained or whether it is selectable.,Form Kind; Base ID; Activation; Duration; Reversion; Availability,Dex key: 0609 (mega); Type: Ghost / Fire,Open,
GAP-0845,Pokemon Stats.csv,1318,1,Chesnaught Mega [0652 (mega)],Form origin and behavior,"Classify as a permanent form, selectable variant, or temporary battle form. For transformations, give base ID, trigger, duration, and reversion.",The suffixed key identifies a row but not how the form is obtained or whether it is selectable.,Form Kind; Base ID; Activation; Duration; Reversion; Availability,Dex key: 0652 (mega); Type: Grass / Fighting,Open,
GAP-0846,Pokemon Stats.csv,1319,1,Delphox Mega [0655 (mega)],Form origin and behavior,"Classify as a permanent form, selectable variant, or temporary battle form. For transformations, give base ID, trigger, duration, and reversion.",The suffixed key identifies a row but not how the form is obtained or whether it is selectable.,Form Kind; Base ID; Activation; Duration; Reversion; Availability,Dex key: 0655 (mega); Type: Fire / Psychic,Open,
GAP-0847,Pokemon Stats.csv,1320,1,Greninja Mega [0658 (mega)],Form origin and behavior,"Classify as a permanent form, selectable variant, or temporary battle form. For transformations, give base ID, trigger, duration, and reversion.",The suffixed key identifies a row but not how the form is obtained or whether it is selectable.,Form Kind; Base ID; Activation; Duration; Reversion; Availability,Dex key: 0658 (mega); Type: Water / Dark,Open,
GAP-0848,Pokemon Stats.csv,1321,1,Pyroar Mega [0668 (mega)],Form origin and behavior,"Classify as a permanent form, selectable variant, or temporary battle form. For transformations, give base ID, trigger, duration, and reversion.",The suffixed key identifies a row but not how the form is obtained or whether it is selectable.,Form Kind; Base ID; Activation; Duration; Reversion; Availability,Dex key: 0668 (mega); Type: Fire / Normal,Open,
GAP-0849,Pokemon Stats.csv,1322,1,Floette Mega,Evolution target and trigger,"Give each target an exact target ID and trigger condition (level, item, move, time, trade, or another explicit rule).",Evolves gives target names but no conditions; runtime evolution needs a target ID and a testable trigger.,Target ID; Method; Required Level/Item/Move/Time; Branch conditions,Evolves: Florges,Open,
GAP-0850,Pokemon Stats.csv,1322,1,Floette Mega [0670 (mega)],Form origin and behavior,"Classify as a permanent form, selectable variant, or temporary battle form. For transformations, give base ID, trigger, duration, and reversion.",The suffixed key identifies a row but not how the form is obtained or whether it is selectable.,Form Kind; Base ID; Activation; Duration; Reversion; Availability,Dex key: 0670 (mega); Type: Fairy,Open,
GAP-0851,Pokemon Stats.csv,1323,1,Malamar Mega [0687 (mega)],Form origin and behavior,"Classify as a permanent form, selectable variant, or temporary battle form. For transformations, give base ID, trigger, duration, and reversion.",The suffixed key identifies a row but not how the form is obtained or whether it is selectable.,Form Kind; Base ID; Activation; Duration; Reversion; Availability,Dex key: 0687 (mega); Type: Dark / Psychic,Open,
GAP-0852,Pokemon Stats.csv,1324,1,Barbaracle Mega [0689 (mega)],Form origin and behavior,"Classify as a permanent form, selectable variant, or temporary battle form. For transformations, give base ID, trigger, duration, and reversion.",The suffixed key identifies a row but not how the form is obtained or whether it is selectable.,Form Kind; Base ID; Activation; Duration; Reversion; Availability,Dex key: 0689 (mega); Type: Rock / Fighting,Open,
GAP-0853,Pokemon Stats.csv,1325,1,Dragalge Mega [0691 (mega)],Form origin and behavior,"Classify as a permanent form, selectable variant, or temporary battle form. For transformations, give base ID, trigger, duration, and reversion.",The suffixed key identifies a row but not how the form is obtained or whether it is selectable.,Form Kind; Base ID; Activation; Duration; Reversion; Availability,Dex key: 0691 (mega); Type: Poison / Dragon,Open,
GAP-0854,Pokemon Stats.csv,1326,1,Hawlucha Mega [0701 (mega)],Form origin and behavior,"Classify as a permanent form, selectable variant, or temporary battle form. For transformations, give base ID, trigger, duration, and reversion.",The suffixed key identifies a row but not how the form is obtained or whether it is selectable.,Form Kind; Base ID; Activation; Duration; Reversion; Availability,Dex key: 0701 (mega); Type: Fighting / Flying,Open,
GAP-0855,Pokemon Stats.csv,1327,1,Zygarde Mega [0718 (mega)],Form origin and behavior,"Classify as a permanent form, selectable variant, or temporary battle form. For transformations, give base ID, trigger, duration, and reversion.",The suffixed key identifies a row but not how the form is obtained or whether it is selectable.,Form Kind; Base ID; Activation; Duration; Reversion; Availability,Dex key: 0718 (mega); Type: Dragon / Ground,Open,
GAP-0856,Pokemon Stats.csv,1328,1,Drampa Mega [0780 (mega)],Form origin and behavior,"Classify as a permanent form, selectable variant, or temporary battle form. For transformations, give base ID, trigger, duration, and reversion.",The suffixed key identifies a row but not how the form is obtained or whether it is selectable.,Form Kind; Base ID; Activation; Duration; Reversion; Availability,Dex key: 0780 (mega); Type: Normal / Dragon,Open,
GAP-0857,Pokemon Stats.csv,1329,1,Falinks Mega [0870 (mega)],Form origin and behavior,"Classify as a permanent form, selectable variant, or temporary battle form. For transformations, give base ID, trigger, duration, and reversion.",The suffixed key identifies a row but not how the form is obtained or whether it is selectable.,Form Kind; Base ID; Activation; Duration; Reversion; Availability,Dex key: 0870 (mega); Type: Fighting,Open,
GAP-0858,Pokemon Stats.csv,1330,1,Raichu Mega X [0026 (mega-x)],Form origin and behavior,"Classify as a permanent form, selectable variant, or temporary battle form. For transformations, give base ID, trigger, duration, and reversion.",The suffixed key identifies a row but not how the form is obtained or whether it is selectable.,Form Kind; Base ID; Activation; Duration; Reversion; Availability,Dex key: 0026 (mega-x); Type: Electric,Open,
GAP-0859,Pokemon Stats.csv,1331,1,Raichu Mega Y [0026 (mega-y)],Form origin and behavior,"Classify as a permanent form, selectable variant, or temporary battle form. For transformations, give base ID, trigger, duration, and reversion.",The suffixed key identifies a row but not how the form is obtained or whether it is selectable.,Form Kind; Base ID; Activation; Duration; Reversion; Availability,Dex key: 0026 (mega-y); Type: Electric,Open,
GAP-0860,Pokemon Stats.csv,1332,1,Chimecho Mega [0358 (mega)],Form origin and behavior,"Classify as a permanent form, selectable variant, or temporary battle form. For transformations, give base ID, trigger, duration, and reversion.",The suffixed key identifies a row but not how the form is obtained or whether it is selectable.,Form Kind; Base ID; Activation; Duration; Reversion; Availability,Dex key: 0358 (mega); Type: Psychic / Steel,Open,
GAP-0861,Pokemon Stats.csv,1333,1,Absol Mega Z [0359 (mega-z)],Form origin and behavior,"Classify as a permanent form, selectable variant, or temporary battle form. For transformations, give base ID, trigger, duration, and reversion.",The suffixed key identifies a row but not how the form is obtained or whether it is selectable.,Form Kind; Base ID; Activation; Duration; Reversion; Availability,Dex key: 0359 (mega-z); Type: Dark / Ghost,Open,
GAP-0862,Pokemon Stats.csv,1334,1,Staraptor Mega [0398 (mega)],Form origin and behavior,"Classify as a permanent form, selectable variant, or temporary battle form. For transformations, give base ID, trigger, duration, and reversion.",The suffixed key identifies a row but not how the form is obtained or whether it is selectable.,Form Kind; Base ID; Activation; Duration; Reversion; Availability,Dex key: 0398 (mega); Type: Fighting / Flying,Open,
GAP-0863,Pokemon Stats.csv,1335,1,Garchomp Mega Z [0445 (mega-z)],Form origin and behavior,"Classify as a permanent form, selectable variant, or temporary battle form. For transformations, give base ID, trigger, duration, and reversion.",The suffixed key identifies a row but not how the form is obtained or whether it is selectable.,Form Kind; Base ID; Activation; Duration; Reversion; Availability,Dex key: 0445 (mega-z); Type: Dragon,Open,
GAP-0864,Pokemon Stats.csv,1336,1,Lucario Mega Z [0448 (mega-z)],Form origin and behavior,"Classify as a permanent form, selectable variant, or temporary battle form. For transformations, give base ID, trigger, duration, and reversion.",The suffixed key identifies a row but not how the form is obtained or whether it is selectable.,Form Kind; Base ID; Activation; Duration; Reversion; Availability,Dex key: 0448 (mega-z); Type: Fighting / Steel,Open,
GAP-0865,Pokemon Stats.csv,1337,1,Heatran Mega [0485 (mega)],Form origin and behavior,"Classify as a permanent form, selectable variant, or temporary battle form. For transformations, give base ID, trigger, duration, and reversion.",The suffixed key identifies a row but not how the form is obtained or whether it is selectable.,Form Kind; Base ID; Activation; Duration; Reversion; Availability,Dex key: 0485 (mega); Type: Fire / Steel,Open,
GAP-0866,Pokemon Stats.csv,1338,1,Darkrai Mega [0491 (mega)],Form origin and behavior,"Classify as a permanent form, selectable variant, or temporary battle form. For transformations, give base ID, trigger, duration, and reversion.",The suffixed key identifies a row but not how the form is obtained or whether it is selectable.,Form Kind; Base ID; Activation; Duration; Reversion; Availability,Dex key: 0491 (mega); Type: Dark,Open,
GAP-0867,Pokemon Stats.csv,1339,1,Golurk Mega [0623 (mega)],Form origin and behavior,"Classify as a permanent form, selectable variant, or temporary battle form. For transformations, give base ID, trigger, duration, and reversion.",The suffixed key identifies a row but not how the form is obtained or whether it is selectable.,Form Kind; Base ID; Activation; Duration; Reversion; Availability,Dex key: 0623 (mega); Type: Ground / Ghost,Open,
GAP-0868,Pokemon Stats.csv,1340,1,Meowstic Male Mega [0678 (male-mega)],Form origin and behavior,"Classify as a permanent form, selectable variant, or temporary battle form. For transformations, give base ID, trigger, duration, and reversion.",The suffixed key identifies a row but not how the form is obtained or whether it is selectable.,Form Kind; Base ID; Activation; Duration; Reversion; Availability,Dex key: 0678 (male-mega); Type: Psychic,Open,
GAP-0869,Pokemon Stats.csv,1341,1,Crabominable Mega [0740 (mega)],Form origin and behavior,"Classify as a permanent form, selectable variant, or temporary battle form. For transformations, give base ID, trigger, duration, and reversion.",The suffixed key identifies a row but not how the form is obtained or whether it is selectable.,Form Kind; Base ID; Activation; Duration; Reversion; Availability,Dex key: 0740 (mega); Type: Fighting / Ice,Open,
GAP-0870,Pokemon Stats.csv,1342,1,Golisopod Mega [0768 (mega)],Form origin and behavior,"Classify as a permanent form, selectable variant, or temporary battle form. For transformations, give base ID, trigger, duration, and reversion.",The suffixed key identifies a row but not how the form is obtained or whether it is selectable.,Form Kind; Base ID; Activation; Duration; Reversion; Availability,Dex key: 0768 (mega); Type: Bug / Steel,Open,
GAP-0871,Pokemon Stats.csv,1343,1,Magearna Mega [0801 (mega)],Form origin and behavior,"Classify as a permanent form, selectable variant, or temporary battle form. For transformations, give base ID, trigger, duration, and reversion.",The suffixed key identifies a row but not how the form is obtained or whether it is selectable.,Form Kind; Base ID; Activation; Duration; Reversion; Availability,Dex key: 0801 (mega); Type: Steel / Fairy,Open,
GAP-0872,Pokemon Stats.csv,1344,1,Magearna Original Mega [0801 (original-mega)],Form origin and behavior,"Classify as a permanent form, selectable variant, or temporary battle form. For transformations, give base ID, trigger, duration, and reversion.",The suffixed key identifies a row but not how the form is obtained or whether it is selectable.,Form Kind; Base ID; Activation; Duration; Reversion; Availability,Dex key: 0801 (original-mega); Type: Steel / Fairy,Open,
GAP-0873,Pokemon Stats.csv,1345,1,Zeraora Mega [0807 (mega)],Form origin and behavior,"Classify as a permanent form, selectable variant, or temporary battle form. For transformations, give base ID, trigger, duration, and reversion.",The suffixed key identifies a row but not how the form is obtained or whether it is selectable.,Form Kind; Base ID; Activation; Duration; Reversion; Availability,Dex key: 0807 (mega); Type: Electric,Open,
GAP-0874,Pokemon Stats.csv,1346,1,Scovillain Mega [0952 (mega)],Form origin and behavior,"Classify as a permanent form, selectable variant, or temporary battle form. For transformations, give base ID, trigger, duration, and reversion.",The suffixed key identifies a row but not how the form is obtained or whether it is selectable.,Form Kind; Base ID; Activation; Duration; Reversion; Availability,Dex key: 0952 (mega); Type: Grass / Fire,Open,
GAP-0875,Pokemon Stats.csv,1347,1,Glimmora Mega [0970 (mega)],Form origin and behavior,"Classify as a permanent form, selectable variant, or temporary battle form. For transformations, give base ID, trigger, duration, and reversion.",The suffixed key identifies a row but not how the form is obtained or whether it is selectable.,Form Kind; Base ID; Activation; Duration; Reversion; Availability,Dex key: 0970 (mega); Type: Rock / Poison,Open,
GAP-0876,Pokemon Stats.csv,1348,1,Tatsugiri Curly Mega [0978 (curly-mega)],Form origin and behavior,"Classify as a permanent form, selectable variant, or temporary battle form. For transformations, give base ID, trigger, duration, and reversion.",The suffixed key identifies a row but not how the form is obtained or whether it is selectable.,Form Kind; Base ID; Activation; Duration; Reversion; Availability,Dex key: 0978 (curly-mega); Type: Dragon / Water,Open,
GAP-0877,Pokemon Stats.csv,1349,1,Tatsugiri Droopy Mega [0978 (droopy-mega)],Form origin and behavior,"Classify as a permanent form, selectable variant, or temporary battle form. For transformations, give base ID, trigger, duration, and reversion.",The suffixed key identifies a row but not how the form is obtained or whether it is selectable.,Form Kind; Base ID; Activation; Duration; Reversion; Availability,Dex key: 0978 (droopy-mega); Type: Dragon / Water,Open,
GAP-0878,Pokemon Stats.csv,1350,1,Tatsugiri Stretchy Mega [0978 (stretchy-mega)],Form origin and behavior,"Classify as a permanent form, selectable variant, or temporary battle form. For transformations, give base ID, trigger, duration, and reversion.",The suffixed key identifies a row but not how the form is obtained or whether it is selectable.,Form Kind; Base ID; Activation; Duration; Reversion; Availability,Dex key: 0978 (stretchy-mega); Type: Dragon / Water,Open,
GAP-0879,Pokemon Stats.csv,1351,1,Baxcalibur Mega [0998 (mega)],Form origin and behavior,"Classify as a permanent form, selectable variant, or temporary battle form. For transformations, give base ID, trigger, duration, and reversion.",The suffixed key identifies a row but not how the form is obtained or whether it is selectable.,Form Kind; Base ID; Activation; Duration; Reversion; Availability,Dex key: 0998 (mega); Type: Dragon / Ice,Open,
GAP-0880,Pokemon Stats.csv,1352,1,Meowstic Female Mega [0678 (female-mega)],Form origin and behavior,"Classify as a permanent form, selectable variant, or temporary battle form. For transformations, give base ID, trigger, duration, and reversion.",The suffixed key identifies a row but not how the form is obtained or whether it is selectable.,Form Kind; Base ID; Activation; Duration; Reversion; Availability,Dex key: 0678 (female-mega); Type: Psychic,Open,
GAP-0881,Moves.csv,Available candidates (exclude Unavailable and Derived from base move),773,Available move candidates,Hit accuracy policy,Give each move a hit accuracy or define a global default with explicit exceptions. Keep hit accuracy separate from secondary-effect chance.,"There is no Accuracy column, so hit checks cannot be derived consistently from the row.","Accuracy (%), or global default plus per-move overrides","The game currently treats most moves as always hitting, except for ability modifiers.",Open,
GAP-0882,Moves.csv,"Target=Tile and Delivery=Area, excluding explicit 3x3 footprint",86,Tile-targeted area moves,Area footprint,"Specify shape, width/height or radius, anchor, and which factions can be hit.","Range gives the aim distance, not the number or pattern of affected tiles.",Area Shape; Width; Height/Radius; Anchor; Affected Factions,There are 87 Area/Tile rows; Stealth Rock is the one row that states 3x3.,Open,
GAP-0883,Moves.csv,Game Implementation contains a 0% accuracy check placeholder,98,Moves with invalid accuracy notes,Conflicting implementation note,Replace the 0% placeholder with intended hit accuracy or explicitly mark the move as always hitting.,A literal 0% means the move never hits and conflicts with the described behavior.,Accuracy (%); distinguish hit accuracy from effect chance,98 generated notes contain “0% accuracy check.”,Open,
GAP-0884,Moves.csv,Category=Inherited from base move / Delivery=Derived from base move,37,Moves derived from base moves,Base-move and resource mapping,Map each row to its base move; specify which type/category/target fields inherit and what unique effect replaces them.,“Derived from base move” does not identify the base move or its property overrides.,Base Move ID; inherited fields; override fields; resource rule,"There are 37 derived rows, including repeated display names.",Open,
GAP-0885,Moves.csv,Duplicate move display names (18 names),36,Duplicate Z-Move names,Stable ID and variant context,Assign each row a unique move ID tied to its base move or form context.,Name-only references cannot distinguish the duplicate entries.,Move ID; Base Move ID; Variant/Form ID,"Breakneck Blitz, All-Out Pummeling, Supersonic Skystrike, Acid Downpour, Tectonic Rage, Continental Crush, Savage Spin-Out, Never-Ending Nightmare, …",Open,
GAP-0886,Moves.csv,Rows applying freeze without numeric duration (7),7,Freeze status effects,Status duration,"Set duration and time unit; state whether reapplication refreshes, stacks, or replaces it.","The status can be applied, but the engine cannot expire it consistently without duration rules.",Duration; Unit (turns/cycles/AV); refresh/stack rule,"Examples: Ice Punch, Ice Beam, Blizzard.",Open,
GAP-0887,Moves.csv,Rows applying sleep without numeric duration (7),7,Sleep status effects,Status duration,"Set duration and time unit; state whether reapplication refreshes, stacks, or replaces it.","The status can be applied, but the engine cannot expire it consistently without duration rules.",Duration; Unit (turns/cycles/AV); refresh/stack rule,"Examples: Sleep Powder, Hypnosis, Spore.",Open,
GAP-0888,Moves.csv,Rows applying confusion without numeric duration (13),13,Confusion status effects,Status duration,"Set duration and time unit; state whether reapplication refreshes, stacks, or replaces it.","The status can be applied, but the engine cannot expire it consistently without duration rules.",Duration; Unit (turns/cycles/AV); refresh/stack rule,"Examples: Confusion, Psybeam, Dynamic Punch.",Open,
GAP-0889,Moves.csv,Mat Block and Crafty Shield rows,2,Field protection moves,Effect expiration,Set duration in turns or AV cycles; specify protected faction and recast/stack rule.,The rows say attacks are blocked but do not say when protection ends.,Duration; protected faction; stacking/recast rule,Mat Block and Crafty Shield have no expiry rule.,Open,
GAP-0890,Moves.csv,"Spikes, Toxic Spikes, Sticky Web rows",3,Entry hazards,Hazard lifetime and trigger,"Set hazard lifetime, stacking/removal, and which units trigger each hazard.",Tile persistence and entry resolution are not defined.,Duration; stack cap; entry trigger; removal condition,"Spikes, Toxic Spikes, and Sticky Web.",Open,
GAP-0891,Moves.csv,13,1,Guillotine,One-hit knockout accuracy,"Set base hit chance, level adjustment, immunity, and level restrictions.",Instant-faint behavior is described but exact hit/level rules are not.,Base Accuracy; level modifier; immunity; level restrictions,Power: blank; A vicious tearing attack with big pincers. The target faints instantly if this attack hits.,Open,
GAP-0892,Moves.csv,"19, 47, 101, 227, 370, 503, 510, 522, 526, 576, 813, 881, 882",13,"Moves that switch, force a switch, or reposition a unit",Switch/reposition resolution,"Define the replacement/reposition destination, reserve selection, whether switching costs an action, which effects transfer, and behavior when no valid reserve or tile exists.",The current battle flow has no defined midbattle reserve-switch command; the move descriptions still require a deterministic fallback.,Switch target; reserve selection; action cost; transferred state; no-reserve/no-tile fallback,"Includes forced switches, pivot moves, Teleport, Ally Switch, and Shed Tail.",Open,
GAP-0893,Moves.csv,"20, 64, 77, 92, 131, 269, 274, 282, 292, 308, 309, 339, 341, 417, 440, 460, 468, 567, 588, 602, 670, 674, 712, 795, 796, 801, 863, 906",28,"Multi-turn, charge, and delayed moves",Turn-state and interruption,"For each move, specify charge/wait duration, when the action resolves, whether the user is targetable, target lock or retargeting, and what cancels the stored action.","A next-turn or charge note does not define persisted action state, interruption, or target behavior.",Wait/charge duration; resolve timing; target rule; interruption/cancel conditions,"Includes Fly, Solar Beam, Wish, Yawn, Geomancy, and Meteor Beam.",Open,
GAP-0894,Moves.csv,"32, 43, 155, 199, 293, 332, 334, 351, 542, 595, 800",11,Variable-count multi-hit moves,Multi-hit distribution and per-hit rules,"Set the probability of each hit count, whether accuracy is checked once or per hit, and how per-hit critical hits, damage modifiers, and secondary effects resolve.",“Hits two to five times” does not supply the distribution or say which effects repeat per hit.,Hit-count probabilities; accuracy scope; per-hit damage/critical/effect rule,"Fury Attack, Pin Missile, Fury Swipes, Bone Rush, Arm Thrust, Bullet Seed, Icicle Spear, Rock Blast, Tail Slap, Water Shuriken, Scale Shot",Open,
GAP-0895,Moves.csv,33,1,Horn Drill,One-hit knockout accuracy,"Set base hit chance, level adjustment, immunity, and level restrictions.",Instant-faint behavior is described but exact hit/level rules are not.,Base Accuracy; level modifier; immunity; level restrictions,Power: blank; The user stabs the target with a horn that rotates like a drill. The target faints instantly if this attack hits.,Open,
GAP-0896,Moves.csv,68,1,Low Kick,Missing Pokémon weight data,Add weight values or exact weight-ratio-to-power bands.,"These moves scale from Pokémon weight, which the stats CSV omits.",Weight; weight-ratio power table,"Power: blank; A powerful low kick that makes the target fall over. The heavier the target, the greater the move's power.",Open,
GAP-0897,Moves.csv,69,1,Counter,Retaliation memory and formula,"Specify which prior physical hit is stored, who can cause it, its valid time window, target range, and whether the stored damage is measured before or after modifiers.","The move doubles physical damage received, but the saved-hit source, window, and target resolution are not defined.",Eligible physical hit; source; memory window; target range; damage capture timing,"A retaliatory attack that counters any physical move, inflicting double the damage taken. Physical Fighting melee; target unit at range 1, proposed cost 1 AP; use the unchanged Power with the shared damage formula. Move rule: Inflicts twice the damage the user received from the last physical hit it took.; Additional implementation: add move priority -5 to the AV scheduler; apply self-damage or fainting after resolution. NEW RULES: add resolution, target preview, validation, and enemy AI scoring.",Open,
GAP-0898,Moves.csv,91,1,Fissure,One-hit knockout accuracy,"Set base hit chance, level adjustment, immunity, and level restrictions.",Instant-faint behavior is described but exact hit/level rules are not.,Base Accuracy; level modifier; immunity; level restrictions,Power: blank; The user opens up a fissure in the ground and drops the target in. The target faints instantly if this attack hits.,Open,
GAP-0899,Moves.csv,"99, 184, 234, 246, 411, 419, 421, 426, 454, 502, 595, 609, 679, 710, 770, 804, 858, 919",18,Moves that act first/last or affect priority,Priority and AV order,"Define each priority tier's effect on the AV scheduler, ordering against normal actions, tie breaks, and conditional activation.","“Always goes first” or priority protection has no numeric AV/order rule, so the scheduler cannot resolve the stated order consistently.",Priority tier or AV adjustment; tie rule; condition; duration,"Includes priority attacks, Quick Guard, Psychic Terrain, and conditional Grassy Glide.",Open,
GAP-0900,Moves.csv,138 move-rule rows with a chance effect but no stated effect percentage,138,Moves with unspecified secondary-effect chance,Secondary-effect probability,Specify each secondary-effect chance independently of move hit accuracy.,The notes say an effect may happen but give no probability for implementation or preview.,Effect Chance (%) per effect; separate effect table for multi-effect moves,"Examples: Fire Punch, Thunderbolt, Bite, Rock Smash. Attract is an exception with a stated 50% chance.",Open,
GAP-0901,Moves.csv,176,1,Flail,HP-based power thresholds,Give remaining-HP bands and power at each band.,The text says lower HP raises power without thresholds or values.,Remaining HP ratio bands; Power per band,"Power: blank; The user flails about aimlessly to attack. The less HP the user has, the greater the move's power.",Open,
GAP-0902,Moves.csv,180,1,Reversal,HP-based power thresholds,Give remaining-HP bands and power at each band.,The text says lower HP raises power without thresholds or values.,Remaining HP ratio bands; Power per band,Power: blank; An all-out attack that becomes more powerful the less HP the user has.,Open,
GAP-0903,Moves.csv,"183, 195, 198, 204, 503, 744, 793",7,Protective moves with a consecutive-use failure note,Failure probability and reset,Give the failure probability after each consecutive use and define which intervening actions reset the sequence.,The note says success becomes less likely but supplies no rate or reset condition.,Success chance by consecutive use; reset condition; affected move family,"Protect, Detect, Endure, Destiny Bond, Ally Switch, Max Guard, and Obstruct.",Open,
GAP-0904,Moves.csv,218,1,Present,Random outcome weights,Give odds and damage/heal amount for every outcome.,"It can heal or damage, but outcome probabilities are missing.",Outcome; Chance (%); Healing/Damage formula,"Power: blank; The user attacks by giving the target a gift with a hidden trap. The gift restores HP sometimes, however.",Open,
GAP-0905,Moves.csv,244,1,Mirror Coat,Retaliation memory and formula,"Specify which prior special hit is stored, who can cause it, its valid time window, target range, and whether the stored damage is measured before or after modifiers.","The move doubles special damage received, but the saved-hit source, window, and target resolution are not defined.",Eligible special hit; source; memory window; target range; damage capture timing,"A retaliatory attack that counters any special move, inflicting double the damage taken. Special Psychic ranged; target unit at range 3, proposed cost 1 AP; use the unchanged Power with the shared damage formula. Move rule: Inflicts twice the damage the user received from the last special hit it took.; Additional implementation: add move priority -5 to the AV scheduler; apply self-damage or fainting after resolution. NEW RULES: add resolution, target preview, validation, and enemy AI scoring.",Open,
GAP-0906,Moves.csv,252,1,Beat Up,Party-based hit formula,"Define eligible party members, hit count, per-hit power, and faint/status exclusions.","More party members means more hits, but eligibility and damage are unspecified.",Eligible roster; per-hit Power; hit count; exclusions,"Power: blank; The user gets all party Pokémon to attack the target. The more party Pokémon, the greater the number of attacks.",Open,
GAP-0907,Moves.csv,256,1,Spit Up,Stockpile state and power,"Set stack limit, power per stack, consumption, and reset timing.",It depends on Stockpile without defining the stored state or power.,Stack limit; Power per stack; consume/reset rule,"Power: blank; The power stored using the move Stockpile is released at once in an attack. The more power is stored, the greater the move's power.",Open,
GAP-0908,Moves.csv,330,1,Sheer Cold,One-hit knockout accuracy,"Set base hit chance, level adjustment, immunity, and level restrictions.",Instant-faint behavior is described but exact hit/level rules are not.,Base Accuracy; level modifier; immunity; level restrictions,Power: blank; The target faints instantly. This move is less likely to hit the target if used by Pokémon other than Ice types.,Open,
GAP-0909,Moves.csv,361,1,Gyro Ball,Speed-based power formula,Give Speed-ratio thresholds and power for each band.,Power depends on relative Speed without the mapping table.,Speed ratio bands; Power per band,"Power: blank; The user tackles the target with a high-speed spin. The slower the user is than the target, the greater the move's power.",Open,
GAP-0910,Moves.csv,367,1,Tailwind,Conflicting duration,"Choose one duration and time unit, then align Description and Game Implementation.",Description and implementation note give different durations.,Duration; Unit,Description says four turns; implementation note says three turns.,Open,
GAP-0911,Moves.csv,369,1,Metal Burst,Retaliation memory and formula,"Specify the prior hit memory window, eligible hit sources, target range, and exact returned-damage multiplier/formula.",“Much greater force” does not define a numeric retaliation formula or which prior hit is remembered.,Eligible hit; memory window; target range; multiplier/formula,"The user retaliates with much greater force against the opponent that last inflicted damage on it. Physical Steel melee; target unit at range 1, proposed cost 1 AP; use the unchanged Power with the shared damage formula. Move rule: Strikes back at the last Pokémon to hit the user this turn with 1.5× the damage. NEW RULES: add resolution, target preview, validation, and enemy AI scoring.",Open,
GAP-0912,Moves.csv,375,1,Fling,Held-item power/effect map,Map each held item to power/effect; define consumption and no-item behavior.,Item-dependent resolution needs a complete item table and failure rule.,Item ID; Power; Effect; Consumed; No-item behavior,Power: blank; The user flings its held item at the target to attack. This move's power and effects depend on the item.,Open,
GAP-0913,Moves.csv,448,1,Grass Knot,Missing Pokémon weight data,Add weight values or exact weight-ratio-to-power bands.,"These moves scale from Pokémon weight, which the stats CSV omits.",Weight; weight-ratio power table,"Power: blank; The user snares the target with grass and trips it. The heavier the target, the greater the move's power.",Open,
GAP-0914,Moves.csv,485,1,Heavy Slam,Missing Pokémon weight data,Add weight values or exact weight-ratio-to-power bands.,"These moves scale from Pokémon weight, which the stats CSV omits.",Weight; weight-ratio power table,"Power: blank; The user slams into the target with its heavy body. The more the user outweighs the target, the greater the move's power.",Open,
GAP-0915,Moves.csv,487,1,Electro Ball,Speed-based power formula,Give Speed-ratio thresholds and power for each band.,Power depends on relative Speed without the mapping table.,Speed ratio bands; Power per band,"Power: blank; The user hurls an electric orb at the target. The faster the user is than the target, the greater the move's power.",Open,
GAP-0916,Moves.csv,536,1,Heat Crash,Missing Pokémon weight data,Add weight values or exact weight-ratio-to-power bands.,"These moves scale from Pokémon weight, which the stats CSV omits.",Weight; weight-ratio power table,"Power: blank; The user slams into the target with its flame-covered body. The more the user outweighs the target, the greater the move's power.",Open,
GAP-0917,Moves.csv,"897, 898, 899, 900, 901",5,Torque moves,Missing player-facing description,Write concise descriptions of the effects and conditions.,Menus cannot explain a move with a blank Description; rule notes are not a complete player-facing description.,Description,"Blazing Torque, Wicked Torque, Noxious Torque, Combat Torque, Magical Torque",Open,
GAP-0918,Moves.csv,913,1,Hard Press,Target HP power formula,Give exact current-HP-to-power formula and rounding.,Power is 0 and the text only gives a qualitative relationship.,Target HP formula/bands; rounding,"Power: 0; The target is crushed with an arm, a claw, or the like to inflict damage. The more HP the target has left, the greater the move's power.",Open,
GAP-0919,Abilities.csv,2,1,Stench,Unspecified proc or reward rule,Specify trigger probability and status/effect duration.,"The description says this happens only sometimes, but no numeric rate is supplied.",Chance (%); trigger; duration,"By releasing a stench when attacking, the Pokémon may cause the target to flinch. PROPOSED: After the described attack connects, run a chance-based flinch reaction in the post-hit hook.",Open,
GAP-0920,Abilities.csv,23,1,Intimidate,Missing or conflicting effect rule,"Attack stage change, target scope, and duration.",The lowering effect has no fully defined magnitude/timing.,Stage delta; target; duration,"When the Pokémon enters a battle, it intimidates opposing Pokémon and makes them cower, lowering their Attack stats. PROPOSED: On deployment, lower the Attack stage of opposing units through the battle stat-stage hook.",Open,
GAP-0921,Abilities.csv,25,1,Rough Skin,Missing or conflicting effect rule,Retaliation damage and contact trigger.,Generic post-hit template supplies no damage amount.,Damage formula; trigger,"The Pokémon's rough skin damages attackers that make direct contact with it. PROPOSED: After contact damage, run a post-hit reaction using the described chance, status, or ability-transfer effect.",Open,
GAP-0922,Abilities.csv,28,1,Effect Spore,Unspecified proc or reward rule,"Set odds for poison, sleep, and paralysis, whether results are exclusive, and each duration.","The description says this happens only sometimes, but no numeric rate is supplied.",Chance (%); trigger; duration,"Contact with the Pokémon may inflict poison, sleep, or paralysis on the attacker. PROPOSED: After contact damage, run a post-hit reaction using the described chance, status, or ability-transfer effect.",Open,
GAP-0923,Abilities.csv,33,1,Serene Grace,Missing or conflicting effect rule,Secondary-effect chance multiplier and cap.,Effects happen more often without a number.,Multiplier; cap; stacking,Raises the likelihood of additional effects occurring when the Pokémon uses its moves. PROPOSED: Increase secondary-effect activation chances for this unit moves in move-effect resolution.,Open,
GAP-0924,Abilities.csv,39,1,Poison Point,Unspecified proc or reward rule,Specify trigger probability and status/effect duration.,"The description says this happens only sometimes, but no numeric rate is supplied.",Chance (%); trigger; duration,"Contact with the Pokémon may poison the attacker. PROPOSED: After contact damage, run a post-hit reaction using the described chance, status, or ability-transfer effect.",Open,
GAP-0925,Abilities.csv,40,1,Inner Focus,Missing or conflicting effect rule,"State whether it blocks flinch, Intimidate, or both and suppress matching effects.",The proposal adds a flinch reaction although the description grants immunity.,Blocked effects; suppression timing,"The Pokémon's intense focus prevents it from flinching or being affected by Intimidate. PROPOSED: After the described attack connects, run a chance-based flinch reaction in the post-hit hook.",Open,
GAP-0926,Abilities.csv,50,1,Flame Body,Unspecified proc or reward rule,Specify trigger probability and status/effect duration.,"The description says this happens only sometimes, but no numeric rate is supplied.",Chance (%); trigger; duration,"Contact with the Pokémon may burn the attacker. PROPOSED: After contact damage, run a post-hit reaction using the described chance, status, or ability-transfer effect.",Open,
GAP-0927,Abilities.csv,54,1,Pickup,Unspecified proc or reward rule,"Define eligible item pool, chance, trigger, and full/duplicate inventory behavior.",The note describes pickup without defining the item pool or exact trigger.,Item pool; chance; trigger; inventory rule,"The Pokémon may pick up an item another Pokémon used during a battle. It may pick up items outside of battle, too. PROPOSED: Resolve in the route reward phase; grant the described item or benefit and record it in run inventory.",Open,
GAP-0928,Abilities.csv,57,1,Cute Charm,Unspecified proc or reward rule,Specify trigger probability and status/effect duration.,"The description says this happens only sometimes, but no numeric rate is supplied.",Chance (%); trigger; duration,"The Pokémon may infatuate attackers that make direct contact with it. PROPOSED: After contact damage, run a post-hit reaction using the described chance, status, or ability-transfer effect.",Open,
GAP-0929,Abilities.csv,62,1,Shed Skin,Unspecified proc or reward rule,Specify trigger probability and status/effect duration.,"The description says this happens only sometimes, but no numeric rate is supplied.",Chance (%); trigger; duration,"The Pokémon may cure its own status conditions by shedding its skin. PROPOSED: At the battle cycle tick, roll the described chance to clear this unit status condition.",Open,
GAP-0930,Abilities.csv,99,1,Magic Guard,Missing or conflicting effect rule,Exact damage sources blocked and exceptions.,Protection scope is not defined.,Blocked source list; exceptions,"The Pokémon only takes damage from attacks. PROPOSED: Add a conditional modifier to shared damage calculation for the move, type, target, and conditions described.",Open,
GAP-0931,Abilities.csv,107,1,Aftermath,Missing or conflicting effect rule,"KO/contact trigger, damage amount, and range condition.","The proposal uses a post-hit template, while the description requires the holder to be knocked out.",KO trigger; damage; contact/range,"Damages the attacker if it knocks out the Pokémon with a move that makes direct contact. PROPOSED: After contact damage, run a post-hit reaction using the described chance, status, or ability-transfer effect.",Open,
GAP-0932,Abilities.csv,119,1,Honey Gather,Unspecified proc or reward rule,"Define reward pool, chance, and any battle-result, level, or route conditions.",The post-battle reward is not specified.,Reward pool; chance; conditions,The Pokémon may gather Honey after a battle. PROPOSED: Resolve in the route reward phase; grant the described item or benefit and record it in run inventory.,Open,
GAP-0933,Abilities.csv,131,1,Cursed Body,Unspecified proc or reward rule,"Set chance, disable duration, and how the disabled move is selected.",The description says a move may be disabled but gives no rate or duration.,Chance; duration; move selection,"May disable a move that has dealt damage to the Pokémon. PROPOSED: Add a conditional modifier to shared damage calculation for the move, type, target, and conditions described.",Open,
GAP-0934,Abilities.csv,132,1,Healer,Unspecified proc or reward rule,Specify trigger probability and status/effect duration.,"The description says this happens only sometimes, but no numeric rate is supplied.",Chance (%); trigger; duration,Sometimes cures the status conditions of the Pokémon's allies. PROPOSED: Apply the described named stat modifier in battle stat calculation while its condition is active.,Open,
GAP-0935,Abilities.csv,137,1,Multiscale,Missing or conflicting effect rule,Damage reduction and HP condition.,Magnitude and trigger state are absent.,Damage multiplier; HP threshold,"Reduces the amount of damage the Pokémon takes while its HP is full. PROPOSED: Add a conditional modifier to shared damage calculation for the move, type, target, and conditions described.",Open,
GAP-0936,Abilities.csv,140,1,Harvest,Unspecified proc or reward rule,Specify trigger probability and status/effect duration.,"The description says this happens only sometimes, but no numeric rate is supplied.",Chance (%); trigger; duration,"May create another Berry after one is used. PROPOSED: After this unit consumes a Berry, use the described chance to return that Berry to its held-item slot.",Open,
GAP-0937,Abilities.csv,144,1,Poison Touch,Unspecified proc or reward rule,Specify trigger probability and status/effect duration.,"The description says this happens only sometimes, but no numeric rate is supplied.",Chance (%); trigger; duration,"May poison a target when the Pokémon makes contact. PROPOSED: After contact damage, run a post-hit reaction using the described chance, status, or ability-transfer effect.",Open,
GAP-0938,Abilities.csv,148,1,Wonder Skin,Missing or conflicting effect rule,Hit-chance modifier and affected status moves.,“More likely to miss” has no probability or scope.,Hit chance; affected category; cap,Makes status moves more likely to miss the Pokémon. PROPOSED: Apply the described accuracy or evasion change in attack hit-chance resolution under its stated condition.,Open,
GAP-0939,Abilities.csv,159,1,Prankster,Missing or conflicting effect rule,Choose move priority or AV adjustment and exact magnitude.,The implementation note leaves the rule choice unresolved.,Priority/AV value; tie rule,"Gives priority to the Pokémon's status moves. PROPOSED: Apply the described Speed or action-order rule in the battle scheduler, checking its stated condition.",Open,
GAP-0940,Abilities.csv,169,1,Protean,Missing or conflicting effect rule,"Change timing, chosen type, duration, and trigger limit.",The source does not settle persistence across multiple moves.,Trigger; chosen type; duration/limit,Changes the Pokémon's type to the type of the move it's about to use. This works only once each time the Pokémon enters battle. PROPOSED: Apply the described type change in move or hit resolution and update the holder battle types for its stated duration.,Open,
GAP-0941,Abilities.csv,177,1,Stance Change,Missing or conflicting effect rule,"Blade/Shield form IDs, transition triggers, and stat/ability changes.","The proposal says Attack modifier, not form change.",Form IDs; triggers; stat/ability changes,"The Pokémon changes its form to Blade Forme when it uses an attack move and changes to Shield Forme when it uses King’s Shield. PROPOSED: At the described trigger, modify the holder Attack through battle stat stages or an effective-stat modifier.",Open,
GAP-0942,Abilities.csv,194,1,Wimp Out,Missing or conflicting effect rule,HP threshold and switch/retreat behavior if no reserve is available.,The game has no midbattle switching command.,Threshold; replacement action; no-reserve fallback,"The Pokémon cowardly switches out when its HP becomes half or less. PROPOSED: At half HP or less, trigger a forced retreat if a legal reserve unit is available.",Open,
GAP-0943,Abilities.csv,195,1,Emergency Exit,Missing or conflicting effect rule,HP threshold and switch/retreat behavior if no reserve is available.,The game has no midbattle switching command.,Threshold; replacement action; no-reserve fallback,"The Pokémon, sensing danger, switches out when its HP becomes half or less. PROPOSED: At half HP or less, trigger a forced retreat if a legal reserve unit is available.",Open,
GAP-0944,Abilities.csv,260,1,Quick Draw,Unspecified proc or reward rule,Specify trigger probability and status/effect duration.,"The description says this happens only sometimes, but no numeric rate is supplied.",Chance (%); trigger; duration,"Enables the Pokémon to move first occasionally. PROPOSED: Apply the described Speed or action-order rule in the battle scheduler, checking its stated condition.",Open,
GAP-0945,Abilities.csv,261,1,Unseen Fist,Missing or conflicting effect rule,Which protection effects are bypassed and exceptions.,The protection scope is not listed.,Bypassed effect IDs; exceptions,"If the Pokémon uses moves that make direct contact, it can attack the target even if the target protects itself. PROPOSED: After contact damage, run a post-hit reaction using the described chance, status, or ability-transfer effect.",Open,
GAP-0946,Abilities.csv,"267, 268",2,As One,Duplicate ability name,Decide whether these rows are one shared ability or separate form-specific IDs.,Duplicate rows cannot be uniquely assigned by name.,Ability ID; variant/form ID; species assignment,Rows share the same display name and prose.,Open,
GAP-0947,Abilities.csv,282,1,Protosynthesis,Missing or conflicting effect rule,"Boost magnitude, stat choice, tie rule, and activation source/duration.",“Highest stat” lacks the boost and tie behavior.,Boost; stat selection; tie; trigger/duration,"Boosts the Pokémon's most proficient stat in harsh sunlight or if the Pokémon is holding Booster Energy. PROPOSED: At the described trigger, raise the holder named stat through battle stat stages or an effective-stat modifier.",Open,
GAP-0948,Abilities.csv,283,1,Quark Drive,Missing or conflicting effect rule,"Boost magnitude, stat choice, tie rule, and activation source/duration.",“Highest stat” lacks the boost and tie behavior.,Boost; stat selection; tie; trigger/duration,"Boosts the Pokémon's most proficient stat on Electric Terrain or if the Pokémon is holding Booster Energy. PROPOSED: At the described trigger, raise the holder named stat through battle stat stages or an effective-stat modifier.",Open,
GAP-0949,Abilities.csv,303,1,Toxic Chain,Unspecified proc or reward rule,"Set badly-poisoned chance, duration/stacking, and which hits trigger it.",The proposal uses a damage modifier instead of the described poison; rate and poison rules are missing.,Chance; status; duration/stacking; trigger,"The power of the Pokémon's toxic chain may badly poison any target the Pokémon hits with a move PROPOSED: Add a conditional modifier to shared damage calculation for the move, type, target, and conditions described.",Open,
GAP-0950,Items.csv,All item rows (2-460),459,All items,Use kind and timing,"Classify each as held passive/automatic, battle action, Bag consumable, TM, evolution/form item, route reward, or key item; define target, phase, and consumption.",Category is not a use rule; bulk registration could make medicines or key items equippable.,Use Kind; Use Phase; Equip Allowed; Consumable; Target,"No structured use-kind, timing, equip, or consumption columns.",Open,
GAP-0951,Items.csv,All item rows (2-460),459,All items,Availability and acquisition,"Choose sold, awarded, found, evolution-only, enemy-held, or unavailable. Set a price only if sold.",The shop/route cannot distribute items without acquisition rules and prices where applicable.,Availability; Acquisition Source; Shop Price; Conditions,No price or acquisition columns; the current shop prices only a small runtime subset.,Open,
GAP-0952,Items.csv,Category=Evolution,39,Evolution items,Compatibility/effect mapping,Map eligible species/forms and exact effect or transformation.,The category hints at a relationship but does not provide a validated compatibility map and complete rule.,Compatible species/form; target; trigger,"Category count 39; examples: Black Augurite, Masterpiece Teacup.",Open,
GAP-0953,Items.csv,Category=Mega Stones,47,Mega Stones items,Compatibility/effect mapping,Map eligible species/forms and exact effect or transformation.,The category hints at a relationship but does not provide a validated compatibility map and complete rule.,Base species; Mega form; activation/use limit,Category count 47; examples: Charizardite X and other Mega Stones.,Open,
GAP-0954,Items.csv,Category=Z-Crystals,29,Z-Crystals items,Compatibility/effect mapping,Map eligible species/forms and exact effect or transformation.,The category hints at a relationship but does not provide a validated compatibility map and complete rule.,Compatible move/type; battle use; resource/limit,Category count 29; examples: Z-Crystal category.,Open,
GAP-0955,Items.csv,Category=Memories and Plates,36,Memories and Plates items,Compatibility/effect mapping,Map eligible species/forms and exact effect or transformation.,The category hints at a relationship but does not provide a validated compatibility map and complete rule.,User/form; affected type or move; modifier,Category count 36; examples: Memory and Plate categories.,Open,
GAP-0956,Items.csv,Category=Species-specific,22,Species-specific items,Compatibility/effect mapping,Map eligible species/forms and exact effect or transformation.,The category hints at a relationship but does not provide a validated compatibility map and complete rule.,Eligible species/form; exact effect,Category count 22; examples: Species-specific category.,Open,
GAP-0957,Items.csv,TM Case row,1,TM Case,TM contents and compatibility,"Specify which move each contained TM teaches, whether reusable, and compatible species.",The name does not identify contents or establish species compatibility.,Contained Move ID; uses; species compatibility,The source lacks individual TM Swift and TM Thunderbolt rows used by the game.,Open,
GAP-0958,Items.csv,Crosswalk against src/content/items.ts,3,Current runtime-only item IDs,Source/crosswalk coverage,Add reference rows or explicitly mark runtime-only definitions and keep their use rules documented.,The CSV omits IDs required to describe all current item behavior.,Item ID; source status; description; use kind,"Runtime defines None, TM Swift, and TM Thunderbolt; Items.csv does not.",Open,
GAP-0959,Items.csv,12,1,Black Augurite,Missing description/effect,"Add a player-facing description and all needed trigger, target, and numeric effect details.",A blank description cannot explain the item and may leave its behavior underspecified.,Description; Effect; Trigger; Target; Parameters,Description is blank; implementation note: PROPOSED: Keep in inventory; define its species and trigger requirements before enabling a route evolution action.,Open,
GAP-0960,Items.csv,12,1,Black Augurite,Missing item parameter,Specify compatible species/form and exact evolution trigger.,The current description/proposal omits values or conditions required by the effect.,Species/form IDs; target form; trigger,(Description blank) PROPOSED: Keep in inventory; define its species and trigger requirements before enabling a route evolution action.,Open,
GAP-0961,Items.csv,25,1,Linking Cord,Missing description/effect,"Add a player-facing description and all needed trigger, target, and numeric effect details.",A blank description cannot explain the item and may leave its behavior underspecified.,Description; Effect; Trigger; Target; Parameters,Description is blank; implementation note: PROPOSED: Keep in inventory; define its species and trigger requirements before enabling a route evolution action.,Open,
GAP-0962,Items.csv,28,1,Malicious Armor,Missing description/effect,"Add a player-facing description and all needed trigger, target, and numeric effect details.",A blank description cannot explain the item and may leave its behavior underspecified.,Description; Effect; Trigger; Target; Parameters,Description is blank; implementation note: PROPOSED: Keep in inventory; define its species and trigger requirements before enabling a route evolution action.,Open,
GAP-0963,Items.csv,29,1,Masterpiece Teacup,Missing description/effect,"Add a player-facing description and all needed trigger, target, and numeric effect details.",A blank description cannot explain the item and may leave its behavior underspecified.,Description; Effect; Trigger; Target; Parameters,Description is blank; implementation note: PROPOSED: Keep in inventory; define its species and trigger requirements before enabling a route evolution action.,Open,
GAP-0964,Items.csv,29,1,Masterpiece Teacup,Missing item parameter,Specify compatible species/form and exact evolution trigger.,The current description/proposal omits values or conditions required by the effect.,Species/form IDs; target form; trigger,(Description blank) PROPOSED: Keep in inventory; define its species and trigger requirements before enabling a route evolution action.,Open,
GAP-0965,Items.csv,32,1,Peat Block,Missing description/effect,"Add a player-facing description and all needed trigger, target, and numeric effect details.",A blank description cannot explain the item and may leave its behavior underspecified.,Description; Effect; Trigger; Target; Parameters,Description is blank; implementation note: PROPOSED: Keep in inventory; define its species and trigger requirements before enabling a route evolution action.,Open,
GAP-0966,Items.csv,43,1,Syrupy Apple,Missing description/effect,"Add a player-facing description and all needed trigger, target, and numeric effect details.",A blank description cannot explain the item and may leave its behavior underspecified.,Description; Effect; Trigger; Target; Parameters,Description is blank; implementation note: PROPOSED: Keep in inventory; define its species and trigger requirements before enabling a route evolution action.,Open,
GAP-0967,Items.csv,46,1,Unremarkable Teacup,Missing description/effect,"Add a player-facing description and all needed trigger, target, and numeric effect details.",A blank description cannot explain the item and may leave its behavior underspecified.,Description; Effect; Trigger; Target; Parameters,Description is blank; implementation note: PROPOSED: Keep in inventory; define its species and trigger requirements before enabling a route evolution action.,Open,
GAP-0968,Items.csv,51,1,Adamant Crystal,Missing description/effect,"Add a player-facing description and all needed trigger, target, and numeric effect details.",A blank description cannot explain the item and may leave its behavior underspecified.,Description; Effect; Trigger; Target; Parameters,Description is blank; implementation note: PROPOSED: Keep as route inventory metadata until its use is defined; no battle effect is specified in this row.,Open,
,,,,,,,,,,,
GAP-0970,Items.csv,76,1,Glimmering Charm,Missing description/effect,"Add a player-facing description and all needed trigger, target, and numeric effect details.",A blank description cannot explain the item and may leave its behavior underspecified.,Description; Effect; Trigger; Target; Parameters,Description is blank; implementation note: PROPOSED: Keep as route inventory metadata until its use is defined; no battle effect is specified in this row.,Open,
GAP-0971,Items.csv,79,1,Griseous Core,Missing description/effect,"Add a player-facing description and all needed trigger, target, and numeric effect details.",A blank description cannot explain the item and may leave its behavior underspecified.,Description; Effect; Trigger; Target; Parameters,Description is blank; implementation note: PROPOSED: Keep as route inventory metadata until its use is defined; no battle effect is specified in this row.,Open,
GAP-0972,Items.csv,85,1,Lustrous Globe,Missing description/effect,"Add a player-facing description and all needed trigger, target, and numeric effect details.",A blank description cannot explain the item and may leave its behavior underspecified.,Description; Effect; Trigger; Target; Parameters,Description is blank; implementation note: PROPOSED: Keep as route inventory metadata until its use is defined; no battle effect is specified in this row.,Open,
GAP-0973,Items.csv,108,1,Roto Stick,Missing description/effect,"Add a player-facing description and all needed trigger, target, and numeric effect details.",A blank description cannot explain the item and may leave its behavior underspecified.,Description; Effect; Trigger; Target; Parameters,Description is blank; implementation note: PROPOSED: Keep as route inventory metadata until its use is defined; no battle effect is specified in this row.,Open,
GAP-0974,Items.csv,111,1,Scroll of Darkness,Missing description/effect,"Add a player-facing description and all needed trigger, target, and numeric effect details.",A blank description cannot explain the item and may leave its behavior underspecified.,Description; Effect; Trigger; Target; Parameters,Description is blank; implementation note: PROPOSED: Keep as route inventory metadata until its use is defined; no battle effect is specified in this row.,Open,
GAP-0975,Items.csv,112,1,Scroll of Waters,Missing description/effect,"Add a player-facing description and all needed trigger, target, and numeric effect details.",A blank description cannot explain the item and may leave its behavior underspecified.,Description; Effect; Trigger; Target; Parameters,Description is blank; implementation note: PROPOSED: Keep as route inventory metadata until its use is defined; no battle effect is specified in this row.,Open,
GAP-0976,Items.csv,121,1,Teal Style Card,Missing description/effect,"Add a player-facing description and all needed trigger, target, and numeric effect details.",A blank description cannot explain the item and may leave its behavior underspecified.,Description; Effect; Trigger; Target; Parameters,Description is blank; implementation note: PROPOSED: Keep as route inventory metadata until its use is defined; no battle effect is specified in this row.,Open,
GAP-0977,Items.csv,145,1,Ability Shield,Missing description/effect,"Add a player-facing description and all needed trigger, target, and numeric effect details.",A blank description cannot explain the item and may leave its behavior underspecified.,Description; Effect; Trigger; Target; Parameters,Description is blank; implementation note: PROPOSED: Keep as inventory data until its held effect is specified; do not assign an undocumented battle effect.,Open,
GAP-0978,Items.csv,154,1,Booster Energy,Missing description/effect,"Add a player-facing description and all needed trigger, target, and numeric effect details.",A blank description cannot explain the item and may leave its behavior underspecified.,Description; Effect; Trigger; Target; Parameters,Description is blank; implementation note: PROPOSED: Keep as inventory data until its held effect is specified; do not assign an undocumented battle effect.,Open,
GAP-0979,Items.csv,154,1,Booster Energy,Missing item parameter,"Define boosted effect/stat, amount, trigger, and consumption.",The current description/proposal omits values or conditions required by the effect.,Effect; amount; trigger; consumed,(Description blank) PROPOSED: Keep as inventory data until its held effect is specified; do not assign an undocumented battle effect.,Open,
GAP-0980,Items.csv,157,1,Clear Amulet,Missing description/effect,"Add a player-facing description and all needed trigger, target, and numeric effect details.",A blank description cannot explain the item and may leave its behavior underspecified.,Description; Effect; Trigger; Target; Parameters,Description is blank; implementation note: PROPOSED: Keep as inventory data until its held effect is specified; do not assign an undocumented battle effect.,Open,
GAP-0981,Items.csv,158,1,Cornerstone Mask,Missing description/effect,"Add a player-facing description and all needed trigger, target, and numeric effect details.",A blank description cannot explain the item and may leave its behavior underspecified.,Description; Effect; Trigger; Target; Parameters,Description is blank; implementation note: PROPOSED: Keep as inventory data until its held effect is specified; do not assign an undocumented battle effect.,Open,
GAP-0982,Items.csv,159,1,Covert Cloak,Missing description/effect,"Add a player-facing description and all needed trigger, target, and numeric effect details.",A blank description cannot explain the item and may leave its behavior underspecified.,Description; Effect; Trigger; Target; Parameters,Description is blank; implementation note: PROPOSED: Keep as inventory data until its held effect is specified; do not assign an undocumented battle effect.,Open,
GAP-0983,Items.csv,160,1,Damp Rock,Missing item parameter,Set rain duration bonus and stacking/recast rule.,The current description/proposal omits values or conditions required by the effect.,Weather duration; stacking,"An item to be held by a Pokémon. It extends the duration of the move Rain Dance when used by the holder. PROPOSED: When the holder sets rain, extend the battle weather timer by the item duration bonus.",Open,
GAP-0984,Items.csv,165,1,Eviolite,Missing item parameter,Set Defense/Sp. Def multipliers and eligible unevolved forms.,The current description/proposal omits values or conditions required by the effect.,Multipliers; eligibility,"A mysterious evolutionary lump. When held by a Pokémon that can still evolve, it raises both Defense and Sp. Def. PROPOSED: If the holder can still evolve, apply the described Defense and Special Defense modifiers in stat calculation.",Open,
GAP-0985,Items.csv,167,1,Fairy Feather,Missing description/effect,"Add a player-facing description and all needed trigger, target, and numeric effect details.",A blank description cannot explain the item and may leave its behavior underspecified.,Description; Effect; Trigger; Target; Parameters,Description is blank; implementation note: PROPOSED: Keep as inventory data until its held effect is specified; do not assign an undocumented battle effect.,Open,
GAP-0986,Items.csv,173,1,Hearthflame Mask,Missing description/effect,"Add a player-facing description and all needed trigger, target, and numeric effect details.",A blank description cannot explain the item and may leave its behavior underspecified.,Description; Effect; Trigger; Target; Parameters,Description is blank; implementation note: PROPOSED: Keep as inventory data until its held effect is specified; do not assign an undocumented battle effect.,Open,
GAP-0987,Items.csv,174,1,Heat Rock,Missing item parameter,Set sun duration bonus and stacking/recast rule.,The current description/proposal omits values or conditions required by the effect.,Weather duration; stacking,"An item to be held by a Pokémon. It extends the duration of the move Sunny Day when used by the holder. PROPOSED: When the holder sets sun, extend the battle weather timer by the item duration bonus.",Open,
GAP-0988,Items.csv,180,1,Life Orb,Missing item parameter,"Set damage bonus, recoil amount/timing, and miss/KO behavior.",The current description/proposal omits values or conditions required by the effect.,Damage multiplier; recoil; trigger,"An item to be held by a Pokémon. It boosts the power of moves but at the cost of some HP on each hit. PROPOSED: Increase the holder move damage, then apply recoil to the holder after each damaging hit.",Open,
GAP-0989,Items.csv,181,1,Light Clay,Missing item parameter,List affected field effects and duration bonus.,The current description/proposal omits values or conditions required by the effect.,Effects; duration,An item to be held by a Pokémon. Protective moves like Light Screen and Reflect will be effective longer. PROPOSED: Extend durations of screen and barrier effects created by the holder.,Open,
GAP-0990,Items.csv,182,1,Loaded Dice,Missing description/effect,"Add a player-facing description and all needed trigger, target, and numeric effect details.",A blank description cannot explain the item and may leave its behavior underspecified.,Description; Effect; Trigger; Target; Parameters,Description is blank; implementation note: PROPOSED: Keep as inventory data until its held effect is specified; do not assign an undocumented battle effect.,Open,
GAP-0991,Items.csv,186,1,Mirror Herb,Missing description/effect,"Add a player-facing description and all needed trigger, target, and numeric effect details.",A blank description cannot explain the item and may leave its behavior underspecified.,Description; Effect; Trigger; Target; Parameters,Description is blank; implementation note: PROPOSED: Keep as inventory data until its held effect is specified; do not assign an undocumented battle effect.,Open,
GAP-0992,Items.csv,193,1,Punching Glove,Missing description/effect,"Add a player-facing description and all needed trigger, target, and numeric effect details.",A blank description cannot explain the item and may leave its behavior underspecified.,Description; Effect; Trigger; Target; Parameters,Description is blank; implementation note: PROPOSED: Keep as inventory data until its held effect is specified; do not assign an undocumented battle effect.,Open,
GAP-0993,Items.csv,194,1,Quick Claw,Missing item parameter,Set activation chance and AV/priority/tie behavior.,The current description/proposal omits values or conditions required by the effect.,Chance; timeline effect; tie rule,"An item to be held by a Pokémon. This light, sharp claw lets the bearer move first occasionally. PROPOSED: Roll the item activation chance in turn scheduling and move the holder earlier in the action order.",Open,
GAP-0994,Items.csv,199,1,Rocky Helmet,Missing item parameter,Set retaliation damage and contact trigger.,The current description/proposal omits values or conditions required by the effect.,Damage; trigger,"An item to be held by a Pokémon. If the holder is hit, the attacker will also be damaged upon contact. PROPOSED: Trigger from incoming-hit resolution; apply the described stat, prevention, or reactive effect and consume if single-use.",Open,
GAP-0995,Items.csv,212,1,Wellspring Mask,Missing description/effect,"Add a player-facing description and all needed trigger, target, and numeric effect details.",A blank description cannot explain the item and may leave its behavior underspecified.,Description; Effect; Trigger; Target; Parameters,Description is blank; implementation note: PROPOSED: Keep as inventory data until its held effect is specified; do not assign an undocumented battle effect.,Open,
GAP-0996,Items.csv,232,1,Fire Gem,Missing item parameter,Set Fire move multiplier and consumption timing.,The current description/proposal omits values or conditions required by the effect.,Power multiplier; trigger; consumed,"A gem with an essence of fire. When held, it strengthens the power of a Fire-type move one time. PROPOSED: On the holder first matching-type attack, boost damage in shared calculation and consume the Jewel.",Open,
GAP-0997,Items.csv,318,1,Aguav Berry,Missing item parameter,"Set HP threshold, heal fraction, and nature/flavor preference.",The current description/proposal omits values or conditions required by the effect.,Threshold; heal; nature preference,"If held by a Pokémon, it restores the user’s HP in a pinch, but it will cause confusion if the user hates the taste. PROPOSED: At the described low-HP threshold, consume the Berry, restore HP, and apply confusion if the holder dislikes its flavor.",Open,
GAP-0998,Items.csv,323,1,Blank Plate,Missing description/effect,"Add a player-facing description and all needed trigger, target, and numeric effect details.",A blank description cannot explain the item and may leave its behavior underspecified.,Description; Effect; Trigger; Target; Parameters,Description is blank; implementation note: PROPOSED: Keep as inventory data until its plate effect is specified; then connect it to type or form resolution.,Open,
GAP-0999,Items.csv,328,1,Flame Plate,Missing item parameter,Set type multiplier and affected moves.,The current description/proposal omits values or conditions required by the effect.,Multiplier; move scope,An item to be held by a Pokémon. It’s a stone tablet that boosts the power of Fire-type moves. PROPOSED: Apply the matching type damage bonus in shared damage calculation and add any stated species or form rule.,Open,
GAP-1000,Items.csv,332,1,Legend Plate,Missing description/effect,"Add a player-facing description and all needed trigger, target, and numeric effect details.",A blank description cannot explain the item and may leave its behavior underspecified.,Description; Effect; Trigger; Target; Parameters,Description is blank; implementation note: PROPOSED: Keep as inventory data until its plate effect is specified; then connect it to type or form resolution.,Open,
GAP-1001,Items.csv,394,1,Charcoal,Missing item parameter,Set type multiplier and affected moves.,The current description/proposal omits values or conditions required by the effect.,Multiplier; move scope,An item to be held by a Pokémon. It’s a combustible fuel that boosts the power of Fire-type moves. PROPOSED: Add a persistent held-item multiplier for the matching move type in shared damage calculation.,Open,
GAP-1002,Items.csv,416,1,Chilan Berry,Missing item parameter,"Set damage reduction, eligible hits, and consumption.",The current description/proposal omits values or conditions required by the effect.,Reduction; trigger; consumed,"If held by a Pokémon, this Berry will lessen the damage taken from one Normal-type attack. PROPOSED: Before damage, check for an attack of the matching type, reduce that hit as described, then consume the Berry.",Open,
