Name,Power,Range,Target,Description,Type,Category,Delivery,Proposed AP Cost,Game Implementation
Pound,40,1,Unit,"The target is physically pounded with a long tail, a foreleg, or the like.",Normal,Physical,Melee,1,"Physical Normal melee; target unit at range 1, proposed cost 1 AP; use the unchanged Power with the shared damage formula. Move rule: no secondary effect beyond the listed damage. CURRENT RULES: reuse shared damage and existing effect handlers."
Karate Chop,50,0,Unavailable,"This move can’t be used. It’s recommended that this move is forgotten. Once forgotten, this move can’t be remembered.",Fighting,Physical,Unavailable,0,"REFERENCE ONLY: Exclude from learnsets, AI choices, and battle selection because the source marks this move unusable."
Double Slap,15,0,Unavailable,"This move can’t be used. It’s recommended that this move is forgotten. Once forgotten, this move can’t be remembered.",Normal,Physical,Unavailable,0,"REFERENCE ONLY: Exclude from learnsets, AI choices, and battle selection because the source marks this move unusable."
Comet Punch,18,0,Unavailable,"This move can’t be used. It’s recommended that this move is forgotten. Once forgotten, this move can’t be remembered.",Normal,Physical,Unavailable,0,"REFERENCE ONLY: Exclude from learnsets, AI choices, and battle selection because the source marks this move unusable."
Mega Punch,80,1,Unit,The target is slugged by a punch thrown with muscle-packed power.,Normal,Physical,Melee,2,"Physical Normal melee; target unit at range 1, proposed cost 2 AP; use the unchanged Power with the shared damage formula. Move rule: no secondary effect beyond the listed damage.; Additional implementation: add a seeded 85% accuracy check. NEW RULES: add resolution, target preview, validation, and enemy AI scoring."
Pay Day,40,1,Unit,Coins are hurled at the target to inflict damage. Money is earned after the battle.,Normal,Physical,Melee,1,"Physical Normal melee; target unit at range 1, proposed cost 1 AP; use the unchanged Power with the shared damage formula. Move rule: Scatters money on the ground worth five times the user’s level.; Additional implementation: award battle currency after combat; award coins from its post-battle money effect. NEW RULES: add resolution, target preview, validation, and enemy AI scoring."
Fire Punch,75,3,Unit,The target is attacked with a fiery punch. This may also leave the target with a burn.,Fire,Physical,Ranged,2,"Physical Fire ranged; target unit at range 3, proposed cost 2 AP; use the unchanged Power with the shared damage formula. Move rule: Has a chance to burn the target. CURRENT RULES: reuse shared damage and existing effect handlers."
Ice Punch,75,1,Unit,The target is attacked with an icy punch. This may also leave the target frozen.,Ice,Physical,Melee,2,"Physical Ice melee; target unit at range 1, proposed cost 2 AP; use the unchanged Power with the shared damage formula. Move rule: Has a chance to freeze the target.; Additional implementation: add freeze status. NEW RULES: add resolution, target preview, validation, and enemy AI scoring."
Thunder Punch,75,1,Unit,The target is attacked with an electrified punch. This may also leave the target with paralysis.,Electric,Physical,Melee,2,"Physical Electric melee; target unit at range 1, proposed cost 2 AP; use the unchanged Power with the shared damage formula. Move rule: Has a chance to paralyze the target. CURRENT RULES: reuse shared damage and existing effect handlers."
Scratch,40,1,Unit,"Hard, pointed, sharp claws rake the target to inflict damage.",Normal,Physical,Melee,1,"Physical Normal melee; target unit at range 1, proposed cost 1 AP; use the unchanged Power with the shared damage formula. Move rule: no secondary effect beyond the listed damage. CURRENT RULES: reuse shared damage and existing effect handlers."
Vise Grip,55,1,Unit,The target is gripped and squeezed from both sides to inflict damage.,Normal,Physical,Melee,2,"Physical Normal melee; target unit at range 1, proposed cost 2 AP; use the unchanged Power with the shared damage formula. Move rule: no secondary effect beyond the listed damage. CURRENT RULES: reuse shared damage and existing effect handlers."
Guillotine,,1,Unit,A vicious tearing attack with big pincers. The target faints instantly if this attack hits.,Normal,Physical,Melee,4,"Physical Normal melee; target unit at range 1, proposed cost 4 AP; use the unchanged Power with the shared damage formula. Move rule: Causes a one-hit KO.; Additional implementation: add a seeded 30% accuracy check; add the one-hit-knockout check. NEW RULES: add resolution, target preview, validation, and enemy AI scoring."
Razor Wind,80,0,Unavailable,"This move can’t be used. It’s recommended that this move is forgotten. Once forgotten, this move can’t be remembered.",Normal,Special,Unavailable,0,"REFERENCE ONLY: Exclude from learnsets, AI choices, and battle selection because the source marks this move unusable."
Swords Dance,,0,Self,A frenetic dance to uplift the fighting spirit. This sharply boosts the user's Attack stat.,Normal,Status,Self,1,"Status Normal self; target self at range 0, proposed cost 1 AP. Move rule: Raises the user’s Attack by two stages. CURRENT RULES: reuse shared damage and existing effect handlers."
Cut,50,1,Unit,The target is cut with a scythe or claw.,Normal,Physical,Melee,1,"Physical Normal melee; target unit at range 1, proposed cost 1 AP; use the unchanged Power with the shared damage formula. Move rule: no secondary effect beyond the listed damage.; Additional implementation: add a seeded 95% accuracy check. NEW RULES: add resolution, target preview, validation, and enemy AI scoring."
Gust,40,3,Unit,A gust of wind is whipped up by wings and launched at the target to inflict damage.,Flying,Special,Ranged,1,"Special Flying ranged; target unit at range 3, proposed cost 1 AP; use the unchanged Power with the shared damage formula. Move rule: Inflicts regular damage and can hit Pokémon in the air. NEW RULES: add resolution, target preview, validation, and enemy AI scoring."
Wing Attack,60,1,Unit,"The target is struck with large, imposing wings spread wide to inflict damage.",Flying,Physical,Melee,2,"Physical Flying melee; target unit at range 1, proposed cost 2 AP; use the unchanged Power with the shared damage formula. Move rule: no secondary effect beyond the listed damage. CURRENT RULES: reuse shared damage and existing effect handlers."
Whirlwind,,3,Unit,"The target is blown away, and a different Pokémon is dragged out. In the wild, this ends a battle against a single Pokémon.",Normal,Status,Status,1,"Status Normal status; target unit at range 3, proposed cost 1 AP. Move rule: Immediately ends wild battles.  Forces trainers to switch Pokémon.; Additional implementation: add move priority -6 to the AV scheduler; add a legal reserve-switch action. NEW RULES: add resolution, target preview, validation, and enemy AI scoring."
Fly,90,1,Unit,"The user flies up into the sky on the first turn, then attacks on the next turn.",Flying,Physical,Melee,3,"Physical Flying melee; target unit at range 1, proposed cost 3 AP; use the unchanged Power with the shared damage formula. Move rule: User flies high into the air, dodging all attacks, and hits next turn.; Additional implementation: add a seeded 95% accuracy check; add charge or consecutive-action state. NEW RULES: add resolution, target preview, validation, and enemy AI scoring."
Bind,15,1,Unit,"A long body, tentacles, or the like are used to bind and squeeze the target for four to five turns.",Normal,Physical,Melee,1,"Physical Normal melee; target unit at range 1, proposed cost 1 AP; use the unchanged Power with the shared damage formula. Move rule: Prevents the target from fleeing and inflicts damage for 2-5 turns.; Additional implementation: add trap status; add a seeded 85% accuracy check. NEW RULES: add resolution, target preview, validation, and enemy AI scoring."
Slam,80,1,Unit,"The target is slammed with a long tail, vines, or the like to inflict damage.",Normal,Physical,Melee,2,"Physical Normal melee; target unit at range 1, proposed cost 2 AP; use the unchanged Power with the shared damage formula. Move rule: no secondary effect beyond the listed damage.; Additional implementation: add a seeded 75% accuracy check. NEW RULES: add resolution, target preview, validation, and enemy AI scoring."
Vine Whip,45,1,Unit,"The target is struck with slender, whiplike vines to inflict damage.",Grass,Physical,Melee,1,"Physical Grass melee; target unit at range 1, proposed cost 1 AP; use the unchanged Power with the shared damage formula. Move rule: no secondary effect beyond the listed damage. CURRENT RULES: reuse shared damage and existing effect handlers."
Stomp,65,1,Unit,The user attacks by stomping on the target with a big foot. This may also make the target flinch.,Normal,Physical,Melee,2,"Physical Normal melee; target unit at range 1, proposed cost 2 AP; use the unchanged Power with the shared damage formula. Move rule: Has a chance to make the target flinch.; Additional implementation: apply the flinch chance and delay the next action. NEW RULES: add resolution, target preview, validation, and enemy AI scoring."
Double Kick,30,1,Unit,The user attacks by kicking the target twice in a row using two feet.,Fighting,Physical,Melee,1,"Physical Fighting melee; target unit at range 1, proposed cost 1 AP; use the unchanged Power with the shared damage formula. Move rule: Hits twice in one turn.; Additional implementation: resolve 2–2 separate hits without altering listed per-hit Power. NEW RULES: add resolution, target preview, validation, and enemy AI scoring."
Mega Kick,120,3,Unit,The target is attacked by a kick launched with muscle-packed power.,Normal,Physical,Ranged,4,"Physical Normal ranged; target unit at range 3, proposed cost 4 AP; use the unchanged Power with the shared damage formula. Move rule: no secondary effect beyond the listed damage.; Additional implementation: add a seeded 75% accuracy check. NEW RULES: add resolution, target preview, validation, and enemy AI scoring."
Jump Kick,100,0,Unavailable,"This move can’t be used. It’s recommended that this move is forgotten. Once forgotten, this move can’t be remembered.",Fighting,Physical,Unavailable,0,"REFERENCE ONLY: Exclude from learnsets, AI choices, and battle selection because the source marks this move unusable."
Rolling Kick,60,0,Unavailable,"This move can’t be used. It’s recommended that this move is forgotten. Once forgotten, this move can’t be remembered.",Fighting,Physical,Unavailable,0,"REFERENCE ONLY: Exclude from learnsets, AI choices, and battle selection because the source marks this move unusable."
Sand Attack,,3,Unit,"Sand is hurled in the target's face, lowering the target's accuracy.",Ground,Status,Status,1,"Status Ground status; target unit at range 3, proposed cost 1 AP. Move rule: Lowers the target’s accuracy by one stage.; Additional implementation: add accuracy/evasion or Speed-stage state. NEW RULES: add resolution, target preview, validation, and enemy AI scoring."
Headbutt,70,1,Unit,The user sticks out its head and attacks by charging straight into the target. This may also make the target flinch.,Normal,Physical,Melee,2,"Physical Normal melee; target unit at range 1, proposed cost 2 AP; use the unchanged Power with the shared damage formula. Move rule: Has a chance to make the target flinch.; Additional implementation: apply the flinch chance and delay the next action. NEW RULES: add resolution, target preview, validation, and enemy AI scoring."
Horn Attack,65,1,Unit,The target is jabbed with a sharply pointed horn to inflict damage.,Normal,Physical,Melee,2,"Physical Normal melee; target unit at range 1, proposed cost 2 AP; use the unchanged Power with the shared damage formula. Move rule: no secondary effect beyond the listed damage. CURRENT RULES: reuse shared damage and existing effect handlers."
Fury Attack,15,1,Unit,"The user attacks by jabbing the target with a horn, a beak, or the like. This move hits two to five times in a row.",Normal,Physical,Melee,1,"Physical Normal melee; target unit at range 1, proposed cost 1 AP; use the unchanged Power with the shared damage formula. Move rule: Hits 2-5 times in one turn.; Additional implementation: resolve 2–5 separate hits without altering listed per-hit Power; add a seeded 85% accuracy check. NEW RULES: add resolution, target preview, validation, and enemy AI scoring."
Horn Drill,,1,Unit,The user stabs the target with a horn that rotates like a drill. The target faints instantly if this attack hits.,Normal,Physical,Melee,4,"Physical Normal melee; target unit at range 1, proposed cost 4 AP; use the unchanged Power with the shared damage formula. Move rule: Causes a one-hit KO.; Additional implementation: add a seeded 30% accuracy check; add the one-hit-knockout check. NEW RULES: add resolution, target preview, validation, and enemy AI scoring."
Tackle,40,1,Unit,A physical attack in which the user charges and slams into the target with its whole body.,Normal,Physical,Melee,1,"Physical Normal melee; target unit at range 1, proposed cost 1 AP; use the unchanged Power with the shared damage formula. Move rule: no secondary effect beyond the listed damage. CURRENT RULES: reuse shared damage and existing effect handlers."
Body Slam,85,1,Unit,The user attacks by dropping onto the target with its full body weight. This may also leave the target with paralysis.,Normal,Physical,Melee,3,"Physical Normal melee; target unit at range 1, proposed cost 3 AP; use the unchanged Power with the shared damage formula. Move rule: Has a chance to paralyze the target. CURRENT RULES: reuse shared damage and existing effect handlers."
Wrap,15,1,Unit,"A long body, vines, or the like are used to wrap and squeeze the target for four to five turns.",Normal,Physical,Melee,1,"Physical Normal melee; target unit at range 1, proposed cost 1 AP; use the unchanged Power with the shared damage formula. Move rule: Prevents the target from fleeing and inflicts damage for 2-5 turns.; Additional implementation: add trap status; add a seeded 90% accuracy check. NEW RULES: add resolution, target preview, validation, and enemy AI scoring."
Take Down,90,1,Unit,A reckless full-body charge attack for slamming into the target. This also damages the user a little.,Normal,Physical,Melee,3,"Physical Normal melee; target unit at range 1, proposed cost 3 AP; use the unchanged Power with the shared damage formula. Move rule: User receives 1/4 the damage it inflicts in recoil.; Additional implementation: apply 25% damage recoil; add a seeded 85% accuracy check; apply self-damage or fainting after resolution. NEW RULES: add resolution, target preview, validation, and enemy AI scoring."
Thrash,120,1,Unit,The user rampages and attacks for two to three turns. The user then becomes confused.,Normal,Physical,Melee,4,"Physical Normal melee; target unit at range 1, proposed cost 4 AP; use the unchanged Power with the shared damage formula. Move rule: Hits every turn for 2-3 turns, then confuses the user.; Additional implementation: add charge or consecutive-action state; add the stated field, terrain, or recurring-damage state. NEW RULES: add resolution, target preview, validation, and enemy AI scoring."
Double-Edge,120,1,Unit,A reckless life-risking tackle in which the user rushes the target. This also damages the user quite a lot.,Normal,Physical,Melee,4,"Physical Normal melee; target unit at range 1, proposed cost 4 AP; use the unchanged Power with the shared damage formula. Move rule: User receives 1/3 the damage inflicted in recoil.; Additional implementation: apply 33% damage recoil; apply self-damage or fainting after resolution. NEW RULES: add resolution, target preview, validation, and enemy AI scoring."
Tail Whip,,3,Tile,"The user wags its tail cutely, making opposing Pokémon less wary. This lowers their Defense stats.",Normal,Status,Area,1,"Status Normal area; target tile at range 3, proposed cost 1 AP. Move rule: Lowers the target’s Defense by one stage. CURRENT RULES: reuse shared damage and existing effect handlers."
Poison Sting,15,1,Unit,The user stabs the target with a poisonous stinger to inflict damage. This may also poison the target.,Poison,Physical,Melee,1,"Physical Poison melee; target unit at range 1, proposed cost 1 AP; use the unchanged Power with the shared damage formula. Move rule: Has a chance to poison the target.; Additional implementation: add poison status. NEW RULES: add resolution, target preview, validation, and enemy AI scoring."
Twineedle,25,0,Unavailable,"This move can’t be used. It’s recommended that this move is forgotten. Once forgotten, this move can’t be remembered.",Bug,Physical,Unavailable,0,"REFERENCE ONLY: Exclude from learnsets, AI choices, and battle selection because the source marks this move unusable."
Pin Missile,25,3,Tile,The user attacks by shooting sharp spikes at the target. This move hits two to five times in a row.,Bug,Physical,Area,2,"Physical Bug area; target tile at range 3, proposed cost 2 AP; use the unchanged Power with the shared damage formula. Move rule: Hits 2-5 times in one turn.; Additional implementation: resolve 2–5 separate hits without altering listed per-hit Power; add a seeded 95% accuracy check. NEW RULES: add resolution, target preview, validation, and enemy AI scoring."
Leer,,3,Tile,The user gives opposing Pokémon an intimidating leer that lowers their Defense stats.,Normal,Status,Area,1,"Status Normal area; target tile at range 3, proposed cost 1 AP. Move rule: Lowers the target’s Defense by one stage.; Additional implementation: apply a chance-based stat change. NEW RULES: add resolution, target preview, validation, and enemy AI scoring."
Bite,60,1,Unit,The target is bitten with viciously sharp fangs. This may also make the target flinch.,Dark,Physical,Melee,2,"Physical Dark melee; target unit at range 1, proposed cost 2 AP; use the unchanged Power with the shared damage formula. Move rule: Has a chance to make the target flinch.; Additional implementation: apply the flinch chance and delay the next action. NEW RULES: add resolution, target preview, validation, and enemy AI scoring."
Growl,,3,Tile,"The user growls in an endearing way, making opposing Pokémon less wary. This lowers their Attack stats.",Normal,Status,Area,1,"Status Normal area; target tile at range 3, proposed cost 1 AP. Move rule: Lowers the target’s Attack by one stage. CURRENT RULES: reuse shared damage and existing effect handlers."
Roar,,3,Unit,"The target is scared off, and a different Pokémon is dragged out. In the wild, this ends a battle against a single Pokémon.",Normal,Status,Status,1,"Status Normal status; target unit at range 3, proposed cost 1 AP. Move rule: Immediately ends wild battles.  Forces trainers to switch Pokémon.; Additional implementation: add move priority -6 to the AV scheduler; add a legal reserve-switch action. NEW RULES: add resolution, target preview, validation, and enemy AI scoring."
Sing,,3,Unit,A soothing lullaby is sung in a beautiful voice that puts the target to sleep.,Normal,Status,Status,1,"Status Normal status; target unit at range 3, proposed cost 1 AP. Move rule: Puts the target to sleep.; Additional implementation: add sleep status; add a seeded 55% accuracy check. NEW RULES: add resolution, target preview, validation, and enemy AI scoring."
Supersonic,,3,Unit,The user generates odd sound waves from its body that confuse the target.,Normal,Status,Status,1,"Status Normal status; target unit at range 3, proposed cost 1 AP. Move rule: Confuses the target.; Additional implementation: add confusion status; add a seeded 55% accuracy check. NEW RULES: add resolution, target preview, validation, and enemy AI scoring."
Sonic Boom,,0,Unavailable,"This move can’t be used. It’s recommended that this move is forgotten. Once forgotten, this move can’t be remembered.",Normal,Special,Unavailable,0,"REFERENCE ONLY: Exclude from learnsets, AI choices, and battle selection because the source marks this move unusable."
Disable,,3,Unit,"For four turns, the target will be unable to use whichever move it last used.",Normal,Status,Status,1,"Status Normal status; target unit at range 3, proposed cost 1 AP. Move rule: Disables the target’s last used move for 1-8 turns.; Additional implementation: add disable status; add move PP tracking. NEW RULES: add resolution, target preview, validation, and enemy AI scoring."
Acid,40,3,Tile,Opposing Pokémon are attacked with a spray of harsh acid. This may also lower their Sp. Def stats.,Poison,Special,Area,2,"Special Poison area; target tile at range 3, proposed cost 2 AP; use the unchanged Power with the shared damage formula. Move rule: Has a chance to lower the target’s Special Defense by one stage.; Additional implementation: apply a chance-based stat change. NEW RULES: add resolution, target preview, validation, and enemy AI scoring."
Ember,40,3,Unit,The target is attacked with small flames. This may also leave the target with a burn.,Fire,Special,Ranged,1,"Special Fire ranged; target unit at range 3, proposed cost 1 AP; use the unchanged Power with the shared damage formula. Move rule: Has a chance to burn the target. CURRENT RULES: reuse shared damage and existing effect handlers."
Flamethrower,90,3,Unit,The target is scorched with an intense blast of fire. This may also leave the target with a burn.,Fire,Special,Ranged,3,"Special Fire ranged; target unit at range 3, proposed cost 3 AP; use the unchanged Power with the shared damage formula. Move rule: Has a chance to burn the target. CURRENT RULES: reuse shared damage and existing effect handlers."
Mist,,0,Self,The user cloaks itself and its allies in a white mist that prevents any of their stats from being lowered for five turns.,Ice,Status,Field,4,"Status Ice field; target self at range 0, proposed cost 4 AP. Move rule: Protects the user’s stats from being changed by enemy moves. NEW RULES: add resolution, target preview, validation, and enemy AI scoring."
Water Gun,40,3,Unit,The target is blasted with a forceful shot of water.,Water,Special,Ranged,1,"Special Water ranged; target unit at range 3, proposed cost 1 AP; use the unchanged Power with the shared damage formula. Move rule: no secondary effect beyond the listed damage. CURRENT RULES: reuse shared damage and existing effect handlers."
Hydro Pump,110,3,Unit,The target is blasted by a huge volume of water launched under great pressure.,Water,Special,Ranged,3,"Special Water ranged; target unit at range 3, proposed cost 3 AP; use the unchanged Power with the shared damage formula. Move rule: no secondary effect beyond the listed damage.; Additional implementation: add a seeded 80% accuracy check. NEW RULES: add resolution, target preview, validation, and enemy AI scoring."
Surf,90,1,Tile,The user attacks everything around it by swamping its surroundings with a giant wave.,Water,Special,Area,4,"Special Water area; target tile at range 1, proposed cost 4 AP; use the unchanged Power with the shared damage formula. Move rule: Inflicts regular damage and can hit Dive users. NEW RULES: add resolution, target preview, validation, and enemy AI scoring."
Ice Beam,90,3,Unit,The target is struck with an icy-cold beam of energy. This may also leave the target frozen.,Ice,Special,Ranged,3,"Special Ice ranged; target unit at range 3, proposed cost 3 AP; use the unchanged Power with the shared damage formula. Move rule: Has a chance to freeze the target.; Additional implementation: add freeze status. NEW RULES: add resolution, target preview, validation, and enemy AI scoring."
Blizzard,110,3,Tile,A howling blizzard is summoned to strike opposing Pokémon. This may also leave the opposing Pokémon frozen.,Ice,Special,Area,4,"Special Ice area; target tile at range 3, proposed cost 4 AP; use the unchanged Power with the shared damage formula. Move rule: Has a chance to freeze the target.; Additional implementation: add freeze status; add a seeded 70% accuracy check. NEW RULES: add resolution, target preview, validation, and enemy AI scoring."
Psybeam,65,3,Unit,The target is attacked with a peculiar ray. This may also confuse the target.,Psychic,Special,Ranged,2,"Special Psychic ranged; target unit at range 3, proposed cost 2 AP; use the unchanged Power with the shared damage formula. Move rule: Has a chance to confuse the target.; Additional implementation: add confusion status. NEW RULES: add resolution, target preview, validation, and enemy AI scoring."
Bubble Beam,65,3,Unit,A spray of bubbles is forcefully ejected at the target. This may also lower the target's Speed stat.,Water,Special,Ranged,2,"Special Water ranged; target unit at range 3, proposed cost 2 AP; use the unchanged Power with the shared damage formula. Move rule: Has a chance to lower the target’s Speed by one stage.; Additional implementation: apply a chance-based stat change; add accuracy/evasion or Speed-stage state. NEW RULES: add resolution, target preview, validation, and enemy AI scoring."
Aurora Beam,65,3,Unit,The target is hit with a rainbow-colored beam. This may also lower the target's Attack stat.,Ice,Special,Ranged,2,"Special Ice ranged; target unit at range 3, proposed cost 2 AP; use the unchanged Power with the shared damage formula. Move rule: Has a chance to lower the target’s Attack by one stage.; Additional implementation: apply a chance-based stat change. NEW RULES: add resolution, target preview, validation, and enemy AI scoring."
Hyper Beam,150,3,Unit,The target is attacked with a powerful beam. The user can't move on the next turn.,Normal,Special,Ranged,4,"Special Normal ranged; target unit at range 3, proposed cost 4 AP; use the unchanged Power with the shared damage formula. Move rule: User foregoes its next turn to recharge.; Additional implementation: add a seeded 90% accuracy check; add charge or consecutive-action state. NEW RULES: add resolution, target preview, validation, and enemy AI scoring."
Peck,35,1,Unit,The target is jabbed with a sharply pointed beak or horn to inflict damage.,Flying,Physical,Melee,1,"Physical Flying melee; target unit at range 1, proposed cost 1 AP; use the unchanged Power with the shared damage formula. Move rule: no secondary effect beyond the listed damage. CURRENT RULES: reuse shared damage and existing effect handlers."
Drill Peck,80,1,Unit,A corkscrewing attack that strikes the target with a sharp beak acting as a drill.,Flying,Physical,Melee,2,"Physical Flying melee; target unit at range 1, proposed cost 2 AP; use the unchanged Power with the shared damage formula. Move rule: no secondary effect beyond the listed damage. CURRENT RULES: reuse shared damage and existing effect handlers."
Submission,80,1,Unit,The user grabs the target and recklessly dives for the ground. This also damages the user a little.,Fighting,Physical,Melee,2,"Physical Fighting melee; target unit at range 1, proposed cost 2 AP; use the unchanged Power with the shared damage formula. Move rule: User receives 1/4 the damage it inflicts in recoil.; Additional implementation: apply 25% damage recoil; add a seeded 80% accuracy check; apply self-damage or fainting after resolution. NEW RULES: add resolution, target preview, validation, and enemy AI scoring."
Low Kick,,1,Unit,"A powerful low kick that makes the target fall over. The heavier the target, the greater the move's power.",Fighting,Physical,Melee,1,"Physical Fighting melee; target unit at range 1, proposed cost 1 AP; use the unchanged Power with the shared damage formula. Move rule: Inflicts more damage to heavier targets, with a maximum of 120 power. NEW RULES: add resolution, target preview, validation, and enemy AI scoring."
Counter,,1,Unit,"A retaliatory attack that counters any physical move, inflicting double the damage taken.",Fighting,Physical,Melee,1,"Physical Fighting melee; target unit at range 1, proposed cost 1 AP; use the unchanged Power with the shared damage formula. Move rule: Inflicts twice the damage the user received from the last physical hit it took.; Additional implementation: add move priority -5 to the AV scheduler; apply self-damage or fainting after resolution. NEW RULES: add resolution, target preview, validation, and enemy AI scoring."
Seismic Toss,,3,Unit,The target is thrown using the power of gravity. It inflicts damage equal to the user's level.,Fighting,Physical,Ranged,1,"Physical Fighting ranged; target unit at range 3, proposed cost 1 AP; use the unchanged Power with the shared damage formula. Move rule: Inflicts damage equal to the user’s level. NEW RULES: add resolution, target preview, validation, and enemy AI scoring."
Strength,80,1,Unit,The target is slugged with a punch thrown at maximum power.,Normal,Physical,Melee,2,"Physical Normal melee; target unit at range 1, proposed cost 2 AP; use the unchanged Power with the shared damage formula. Move rule: no secondary effect beyond the listed damage. CURRENT RULES: reuse shared damage and existing effect handlers."
Absorb,20,3,Unit,A nutrient-draining attack. The user's HP is restored by up to half the damage taken by the target.,Grass,Special,Ranged,1,"Special Grass ranged; target unit at range 3, proposed cost 1 AP; use the unchanged Power with the shared damage formula. Move rule: Drains half the damage inflicted to heal the user.; Additional implementation: restore 50% of damage dealt; add HP recovery or revival resolution. NEW RULES: add resolution, target preview, validation, and enemy AI scoring."
Mega Drain,40,3,Unit,A nutrient-draining attack. The user's HP is restored by up to half the damage taken by the target.,Grass,Special,Ranged,1,"Special Grass ranged; target unit at range 3, proposed cost 1 AP; use the unchanged Power with the shared damage formula. Move rule: Drains half the damage inflicted to heal the user.; Additional implementation: restore 50% of damage dealt; add HP recovery or revival resolution. NEW RULES: add resolution, target preview, validation, and enemy AI scoring."
Leech Seed,,3,Unit,A seed is planted on the target. It steals some HP from the target every turn.,Grass,Status,Status,1,"Status Grass status; target unit at range 3, proposed cost 1 AP. Move rule: Seeds the target, stealing HP from it every turn.; Additional implementation: add leech seed status; add a seeded 90% accuracy check; add the stated field, terrain, or recurring-damage state. NEW RULES: add resolution, target preview, validation, and enemy AI scoring."
Growth,,0,Self,"The user's body grows all at once, boosting the Attack and Sp. Atk stats.",Normal,Status,Self,1,"Status Normal self; target self at range 0, proposed cost 1 AP. Move rule: Raises the user’s Attack and Special Attack by one stage. CURRENT RULES: reuse shared damage and existing effect handlers."
Razor Leaf,55,3,Tile,Sharp-edged leaves are launched to slash at opposing Pokémon. This move has a heightened chance of landing a critical hit.,Grass,Physical,Area,3,"Physical Grass area; target tile at range 3, proposed cost 3 AP; use the unchanged Power with the shared damage formula. Move rule: Has an increased chance for a critical hit.; Additional implementation: change critical-hit odds; add a seeded 95% accuracy check. NEW RULES: add resolution, target preview, validation, and enemy AI scoring."
Solar Beam,120,3,Unit,"The user gathers light on the first turn, then blasts a bundled beam on the next turn.",Grass,Special,Ranged,4,"Special Grass ranged; target unit at range 3, proposed cost 4 AP; use the unchanged Power with the shared damage formula. Move rule: Requires a turn to charge before attacking.; Additional implementation: add charge or consecutive-action state. NEW RULES: add resolution, target preview, validation, and enemy AI scoring."
Poison Powder,,3,Unit,The user scatters a cloud of poisonous dust that poisons the target.,Poison,Status,Status,1,"Status Poison status; target unit at range 3, proposed cost 1 AP. Move rule: Poisons the target.; Additional implementation: add poison status; add a seeded 75% accuracy check. NEW RULES: add resolution, target preview, validation, and enemy AI scoring."
Stun Spore,,3,Unit,The user scatters a cloud of numbing powder that paralyzes the target.,Grass,Status,Status,1,"Status Grass status; target unit at range 3, proposed cost 1 AP. Move rule: Paralyzes the target.; Additional implementation: add a seeded 75% accuracy check. NEW RULES: add resolution, target preview, validation, and enemy AI scoring."
Sleep Powder,,3,Unit,The user scatters a cloud of soporific dust that puts the target to sleep.,Grass,Status,Status,1,"Status Grass status; target unit at range 3, proposed cost 1 AP. Move rule: Puts the target to sleep.; Additional implementation: add sleep status; add a seeded 75% accuracy check. NEW RULES: add resolution, target preview, validation, and enemy AI scoring."
Petal Dance,120,3,Unit,The user attacks the target by scattering petals for two to three turns. The user then becomes confused.,Grass,Special,Ranged,4,"Special Grass ranged; target unit at range 3, proposed cost 4 AP; use the unchanged Power with the shared damage formula. Move rule: Hits every turn for 2-3 turns, then confuses the user.; Additional implementation: add charge or consecutive-action state; add the stated field, terrain, or recurring-damage state. NEW RULES: add resolution, target preview, validation, and enemy AI scoring."
String Shot,,3,Tile,The user blows silk from its mouth that binds opposing Pokémon and harshly lowers their Speed stats.,Bug,Status,Area,1,"Status Bug area; target tile at range 3, proposed cost 1 AP. Move rule: Lowers the target’s Speed by two stages.; Additional implementation: add a seeded 95% accuracy check; add accuracy/evasion or Speed-stage state. NEW RULES: add resolution, target preview, validation, and enemy AI scoring."
Dragon Rage,,0,Unavailable,"This move can’t be used. It’s recommended that this move is forgotten. Once forgotten, this move can’t be remembered.",Dragon,Special,Unavailable,0,"REFERENCE ONLY: Exclude from learnsets, AI choices, and battle selection because the source marks this move unusable."
Fire Spin,35,3,Unit,The user traps the target inside a fierce vortex of fire that inflicts damage for four to five turns.,Fire,Special,Ranged,1,"Special Fire ranged; target unit at range 3, proposed cost 1 AP; use the unchanged Power with the shared damage formula. Move rule: Prevents the target from fleeing and inflicts damage for 2-5 turns.; Additional implementation: add trap status; add a seeded 85% accuracy check. NEW RULES: add resolution, target preview, validation, and enemy AI scoring."
Thunder Shock,40,3,Unit,The user attacks the target with a jolt of electricity. This may also leave the target with paralysis.,Electric,Special,Ranged,1,"Special Electric ranged; target unit at range 3, proposed cost 1 AP; use the unchanged Power with the shared damage formula. Move rule: Has a chance to paralyze the target. CURRENT RULES: reuse shared damage and existing effect handlers."
Thunderbolt,90,3,Unit,The user attacks the target with a strong electric blast. This may also leave the target with paralysis.,Electric,Special,Ranged,3,"Special Electric ranged; target unit at range 3, proposed cost 3 AP; use the unchanged Power with the shared damage formula. Move rule: Has a chance to paralyze the target. CURRENT RULES: reuse shared damage and existing effect handlers."
Thunder Wave,,3,Unit,The user launches a weak jolt of electricity that paralyzes the target.,Electric,Status,Status,1,"Status Electric status; target unit at range 3, proposed cost 1 AP. Move rule: Paralyzes the target.; Additional implementation: add a seeded 90% accuracy check. NEW RULES: add resolution, target preview, validation, and enemy AI scoring."
Thunder,110,3,Unit,A wicked thunderbolt is dropped on the target to inflict damage. This may also leave the target with paralysis.,Electric,Special,Ranged,3,"Special Electric ranged; target unit at range 3, proposed cost 3 AP; use the unchanged Power with the shared damage formula. Move rule: Has a chance to paralyze the target.; Additional implementation: add a seeded 70% accuracy check. NEW RULES: add resolution, target preview, validation, and enemy AI scoring."
Rock Throw,50,3,Unit,The user picks up and throws a small rock at the target to inflict damage.,Rock,Physical,Ranged,1,"Physical Rock ranged; target unit at range 3, proposed cost 1 AP; use the unchanged Power with the shared damage formula. Move rule: no secondary effect beyond the listed damage.; Additional implementation: add a seeded 90% accuracy check. NEW RULES: add resolution, target preview, validation, and enemy AI scoring."
Earthquake,100,1,Tile,The user sets off an earthquake that strikes every Pokémon around it.,Ground,Physical,Area,4,"Physical Ground area; target tile at range 1, proposed cost 4 AP; use the unchanged Power with the shared damage formula. Move rule: Inflicts regular damage and can hit Dig users. NEW RULES: add resolution, target preview, validation, and enemy AI scoring."
Fissure,,1,Unit,The user opens up a fissure in the ground and drops the target in. The target faints instantly if this attack hits.,Ground,Physical,Melee,4,"Physical Ground melee; target unit at range 1, proposed cost 4 AP; use the unchanged Power with the shared damage formula. Move rule: Causes a one-hit KO.; Additional implementation: add a seeded 30% accuracy check; add the one-hit-knockout check. NEW RULES: add resolution, target preview, validation, and enemy AI scoring."
Dig,80,1,Unit,"The user burrows into the ground on the first turn, then attacks on the next turn.",Ground,Physical,Melee,2,"Physical Ground melee; target unit at range 1, proposed cost 2 AP; use the unchanged Power with the shared damage formula. Move rule: User digs underground, dodging all attacks, and hits next turn.; Additional implementation: add charge or consecutive-action state. NEW RULES: add resolution, target preview, validation, and enemy AI scoring."
Toxic,,3,Unit,A move that leaves the target badly poisoned. Its poison damage worsens every turn.,Poison,Status,Status,1,"Status Poison status; target unit at range 3, proposed cost 1 AP. Move rule: Badly poisons the target, inflicting more damage every turn.; Additional implementation: add poison status; add a seeded 90% accuracy check; add the stated field, terrain, or recurring-damage state. NEW RULES: add resolution, target preview, validation, and enemy AI scoring."
Confusion,50,3,Unit,The target is hit with a weak telekinetic force to inflict damage. This may also confuse the target.,Psychic,Special,Ranged,1,"Special Psychic ranged; target unit at range 3, proposed cost 1 AP; use the unchanged Power with the shared damage formula. Move rule: Has a chance to confuse the target.; Additional implementation: add confusion status. NEW RULES: add resolution, target preview, validation, and enemy AI scoring."
Psychic,90,3,Unit,The target is hit with a strong telekinetic force to inflict damage. This may also lower the target’s Sp. Def stat.,Psychic,Special,Ranged,3,"Special Psychic ranged; target unit at range 3, proposed cost 3 AP; use the unchanged Power with the shared damage formula. Move rule: Has a chance to lower the target’s Special Defense by one stage.; Additional implementation: apply a chance-based stat change. NEW RULES: add resolution, target preview, validation, and enemy AI scoring."
Hypnosis,,3,Unit,The user employs hypnotic suggestion to make the target fall asleep.,Psychic,Status,Status,1,"Status Psychic status; target unit at range 3, proposed cost 1 AP. Move rule: Puts the target to sleep.; Additional implementation: add sleep status; add a seeded 60% accuracy check. NEW RULES: add resolution, target preview, validation, and enemy AI scoring."
Meditate,,0,Unavailable,"This move can’t be used. It’s recommended that this move is forgotten. Once forgotten, this move can’t be remembered.",Psychic,Status,Unavailable,0,"REFERENCE ONLY: Exclude from learnsets, AI choices, and battle selection because the source marks this move unusable."
Agility,,0,Self,The user relaxes and lightens its body to move faster. This sharply boosts its Speed stat.,Psychic,Status,Self,1,"Status Psychic self; target self at range 0, proposed cost 1 AP. Move rule: Raises the user’s Speed by two stages.; Additional implementation: add accuracy/evasion or Speed-stage state. NEW RULES: add resolution, target preview, validation, and enemy AI scoring."
Quick Attack,40,1,Unit,"The user lunges at the target to inflict damage, moving at blinding speed. This move always goes first.",Normal,Physical,Melee,1,"Physical Normal melee; target unit at range 1, proposed cost 1 AP; use the unchanged Power with the shared damage formula. Move rule: no secondary effect beyond the listed damage.; Additional implementation: add move priority 1 to the AV scheduler. NEW RULES: add resolution, target preview, validation, and enemy AI scoring."
Rage,20,0,Unavailable,"This move can’t be used. It’s recommended that this move is forgotten. Once forgotten, this move can’t be remembered.",Normal,Physical,Unavailable,0,"REFERENCE ONLY: Exclude from learnsets, AI choices, and battle selection because the source marks this move unusable."
Teleport,,0,Self,"The user switches places with a party Pokémon in waiting, if any. If a wild Pokémon uses this move, it flees.",Psychic,Status,Self,1,"Status Psychic self; target self at range 0, proposed cost 1 AP. Move rule: Immediately ends wild battles.  No effect otherwise.; Additional implementation: add move priority -6 to the AV scheduler. NEW RULES: add resolution, target preview, validation, and enemy AI scoring."
Night Shade,,3,Unit,The user makes the target see a frightening mirage. It inflicts damage equal to the user's level.,Ghost,Special,Ranged,1,"Special Ghost ranged; target unit at range 3, proposed cost 1 AP; use the unchanged Power with the shared damage formula. Move rule: Inflicts damage equal to the user’s level. NEW RULES: add resolution, target preview, validation, and enemy AI scoring."
Mimic,,3,Unit,The user copies the move last used by the target. The copied move can be used until the user of Mimic leaves the battle.,Normal,Status,Status,1,"Status Normal status; target unit at range 3, proposed cost 1 AP. Move rule: Copies the target’s last used move.; Additional implementation: add move PP tracking. NEW RULES: add resolution, target preview, validation, and enemy AI scoring."
Screech,,3,Unit,An earsplitting screech harshly lowers the target's Defense stat.,Normal,Status,Status,1,"Status Normal status; target unit at range 3, proposed cost 1 AP. Move rule: Lowers the target’s Defense by two stages.; Additional implementation: add a seeded 85% accuracy check. NEW RULES: add resolution, target preview, validation, and enemy AI scoring."
Double Team,,0,Self,"By moving rapidly, the user makes illusory copies of itself to boost its evasiveness.",Normal,Status,Self,1,"Status Normal self; target self at range 0, proposed cost 1 AP. Move rule: Raises the user’s evasion by one stage.; Additional implementation: add accuracy/evasion or Speed-stage state. NEW RULES: add resolution, target preview, validation, and enemy AI scoring."
Recover,,0,Self,"The user regenerates its cells, restoring its own HP by up to half its max HP.",Normal,Status,Self,2,"Status Normal self; target self at range 0, proposed cost 2 AP. Move rule: Heals the user by half its max HP.; Additional implementation: restore 50% max HP. NEW RULES: add resolution, target preview, validation, and enemy AI scoring."
Harden,,0,Self,The user stiffens all the muscles in its body to boost its Defense stat.,Normal,Status,Self,1,"Status Normal self; target self at range 0, proposed cost 1 AP. Move rule: Raises the user’s Defense by one stage. CURRENT RULES: reuse shared damage and existing effect handlers."
Minimize,,0,Self,"The user compresses its body to make itself look smaller, which sharply boosts its evasiveness.",Normal,Status,Self,1,"Status Normal self; target self at range 0, proposed cost 1 AP. Move rule: Raises the user’s evasion by two stages.; Additional implementation: add accuracy/evasion or Speed-stage state. NEW RULES: add resolution, target preview, validation, and enemy AI scoring."
Smokescreen,,3,Unit,The user releases an obscuring cloud of smoke or ink. This lowers the target's accuracy.,Normal,Status,Status,1,"Status Normal status; target unit at range 3, proposed cost 1 AP. Move rule: Lowers the target’s accuracy by one stage.; Additional implementation: add accuracy/evasion or Speed-stage state. NEW RULES: add resolution, target preview, validation, and enemy AI scoring."
Confuse Ray,,3,Unit,The target is exposed to a sinister ray that causes confusion.,Ghost,Status,Status,1,"Status Ghost status; target unit at range 3, proposed cost 1 AP. Move rule: Confuses the target.; Additional implementation: add confusion status. NEW RULES: add resolution, target preview, validation, and enemy AI scoring."
Withdraw,,0,Self,"The user withdraws its body into its hard shell, boosting its Defense stat.",Water,Status,Self,1,"Status Water self; target self at range 0, proposed cost 1 AP. Move rule: Raises the user’s Defense by one stage. CURRENT RULES: reuse shared damage and existing effect handlers."
Defense Curl,,0,Self,The user curls up and boosts its Defense stat.,Normal,Status,Self,1,"Status Normal self; target self at range 0, proposed cost 1 AP. Move rule: Raises user’s Defense by one stage. CURRENT RULES: reuse shared damage and existing effect handlers."
Barrier,,0,Unavailable,"This move can’t be used. It’s recommended that this move is forgotten. Once forgotten, this move can’t be remembered.",Psychic,Status,Unavailable,0,"REFERENCE ONLY: Exclude from learnsets, AI choices, and battle selection because the source marks this move unusable."
Light Screen,,0,Self,A wondrous wall of light is put up to reduce damage from special moves for five turns.,Psychic,Status,Field,4,"Status Psychic field; target self at range 0, proposed cost 4 AP. Move rule: Reduces damage from special attacks by 50% for five turns. NEW RULES: add resolution, target preview, validation, and enemy AI scoring."
Haze,,0,Self,The user creates a haze that eliminates every stat change among all the Pokémon engaged in battle.,Ice,Status,Field,4,"Status Ice field; target self at range 0, proposed cost 4 AP. Move rule: Resets all Pokémon’s stats, accuracy, and evasion.; Additional implementation: add accuracy/evasion or Speed-stage state. NEW RULES: add resolution, target preview, validation, and enemy AI scoring."
Reflect,,0,Self,A wondrous wall of light is put up to reduce damage from physical moves for five turns.,Psychic,Status,Field,4,"Status Psychic field; target self at range 0, proposed cost 4 AP. Move rule: Reduces damage from physical attacks by half. NEW RULES: add resolution, target preview, validation, and enemy AI scoring."
Focus Energy,,0,Self,The user takes a deep breath and focuses so that its future attacks have a heightened chance of landing critical hits.,Normal,Status,Self,1,"Status Normal self; target self at range 0, proposed cost 1 AP. Move rule: Increases the user’s chance to score a critical hit. NEW RULES: add resolution, target preview, validation, and enemy AI scoring."
Bide,,0,Unavailable,"This move can’t be used. It’s recommended that this move is forgotten. Once forgotten, this move can’t be remembered.",Normal,Physical,Unavailable,0,"REFERENCE ONLY: Exclude from learnsets, AI choices, and battle selection because the source marks this move unusable."
Metronome,,0,Self,The user waggles a finger and stimulates its brain into randomly using nearly any move.,Normal,Status,Self,1,"Status Normal self; target self at range 0, proposed cost 1 AP. Move rule: Randomly selects and uses any move in the game. NEW RULES: add resolution, target preview, validation, and enemy AI scoring."
Mirror Move,,0,Unavailable,"This move can’t be used. It’s recommended that this move is forgotten. Once forgotten, this move can’t be remembered.",Flying,Status,Unavailable,0,"REFERENCE ONLY: Exclude from learnsets, AI choices, and battle selection because the source marks this move unusable."
Self-Destruct,200,1,Tile,The user attacks everything around it by causing an explosion. The user faints upon using this move.,Normal,Physical,Area,4,"Physical Normal area; target tile at range 1, proposed cost 4 AP; use the unchanged Power with the shared damage formula. Move rule: User faints.; Additional implementation: apply self-damage or fainting after resolution. NEW RULES: add resolution, target preview, validation, and enemy AI scoring."
Egg Bomb,100,0,Unavailable,"This move can’t be used. It’s recommended that this move is forgotten. Once forgotten, this move can’t be remembered.",Normal,Physical,Unavailable,0,"REFERENCE ONLY: Exclude from learnsets, AI choices, and battle selection because the source marks this move unusable."
Lick,30,1,Unit,The user licks the target with a long tongue to inflict damage. This may also leave the target with paralysis.,Ghost,Physical,Melee,1,"Physical Ghost melee; target unit at range 1, proposed cost 1 AP; use the unchanged Power with the shared damage formula. Move rule: Has a chance to paralyze the target. CURRENT RULES: reuse shared damage and existing effect handlers."
Smog,30,3,Unit,The target is attacked with a discharge of filthy gases. This may also poison the target.,Poison,Special,Ranged,1,"Special Poison ranged; target unit at range 3, proposed cost 1 AP; use the unchanged Power with the shared damage formula. Move rule: Has a chance to poison the target.; Additional implementation: add poison status; add a seeded 70% accuracy check. NEW RULES: add resolution, target preview, validation, and enemy AI scoring."
Sludge,65,3,Unit,The user hurls unsanitary sludge at the target to inflict damage. This may also poison the target.,Poison,Special,Ranged,2,"Special Poison ranged; target unit at range 3, proposed cost 2 AP; use the unchanged Power with the shared damage formula. Move rule: Has a chance to poison the target.; Additional implementation: add poison status. NEW RULES: add resolution, target preview, validation, and enemy AI scoring."
Bone Club,65,0,Unavailable,"This move can’t be used. It’s recommended that this move is forgotten. Once forgotten, this move can’t be remembered.",Ground,Physical,Unavailable,0,"REFERENCE ONLY: Exclude from learnsets, AI choices, and battle selection because the source marks this move unusable."
Fire Blast,110,3,Unit,The target is attacked with an intense blast of all-consuming fire. This may also leave the target with a burn.,Fire,Special,Ranged,3,"Special Fire ranged; target unit at range 3, proposed cost 3 AP; use the unchanged Power with the shared damage formula. Move rule: Has a chance to burn the target.; Additional implementation: add a seeded 85% accuracy check. NEW RULES: add resolution, target preview, validation, and enemy AI scoring."
Waterfall,80,1,Unit,The user charges at the target and may make it flinch.,Water,Physical,Melee,2,"Physical Water melee; target unit at range 1, proposed cost 2 AP; use the unchanged Power with the shared damage formula. Move rule: Has a chance to make the target flinch.; Additional implementation: apply the flinch chance and delay the next action. NEW RULES: add resolution, target preview, validation, and enemy AI scoring."
Clamp,35,0,Unavailable,"This move can’t be used. It’s recommended that this move is forgotten. Once forgotten, this move can’t be remembered.",Water,Physical,Unavailable,0,"REFERENCE ONLY: Exclude from learnsets, AI choices, and battle selection because the source marks this move unusable."
Swift,60,3,Tile,Star-shaped rays are shot at opposing Pokémon. This attack never misses.,Normal,Special,Area,3,"Special Normal area; target tile at range 3, proposed cost 3 AP; use the unchanged Power with the shared damage formula. Move rule: Never misses. NEW RULES: add resolution, target preview, validation, and enemy AI scoring."
Skull Bash,130,1,Unit,"The user tucks in its head to raise its Defense stat on the first turn, then rams the target on the next turn.",Normal,Physical,Melee,4,"Physical Normal melee; target unit at range 1, proposed cost 4 AP; use the unchanged Power with the shared damage formula. Move rule: Raises the user’s Defense by one stage.  User charges for one turn before attacking.; Additional implementation: add charge or consecutive-action state. NEW RULES: add resolution, target preview, validation, and enemy AI scoring."
Spike Cannon,20,0,Unavailable,"This move can’t be used. It’s recommended that this move is forgotten. Once forgotten, this move can’t be remembered.",Normal,Physical,Unavailable,0,"REFERENCE ONLY: Exclude from learnsets, AI choices, and battle selection because the source marks this move unusable."
Constrict,10,0,Unavailable,"This move can’t be used. It’s recommended that this move is forgotten. Once forgotten, this move can’t be remembered.",Normal,Physical,Unavailable,0,"REFERENCE ONLY: Exclude from learnsets, AI choices, and battle selection because the source marks this move unusable."
Amnesia,,0,Self,The user temporarily empties its mind to forget its concerns. This sharply boosts the user's Sp. Def stat.,Psychic,Status,Self,1,"Status Psychic self; target self at range 0, proposed cost 1 AP. Move rule: Raises the user’s Special Defense by two stages. CURRENT RULES: reuse shared damage and existing effect handlers."
Kinesis,,3,Unit,The user distracts the target by bending a spoon. This lowers the target’s accuracy.,Psychic,Status,Status,1,"Status Psychic status; target unit at range 3, proposed cost 1 AP. Move rule: Lowers the target’s accuracy by one stage.; Additional implementation: add a seeded 80% accuracy check; add accuracy/evasion or Speed-stage state. NEW RULES: add resolution, target preview, validation, and enemy AI scoring."
Soft-Boiled,,0,Self,The user restores its own HP by up to half its max HP.,Normal,Status,Self,2,"Status Normal self; target self at range 0, proposed cost 2 AP. Move rule: Heals the user by half its max HP.; Additional implementation: restore 50% max HP. NEW RULES: add resolution, target preview, validation, and enemy AI scoring."
High Jump Kick,130,1,Unit,"The target is attacked with a knee kick from a jump. If this move misses, the user takes damage instead.",Fighting,Physical,Melee,4,"Physical Fighting melee; target unit at range 1, proposed cost 4 AP; use the unchanged Power with the shared damage formula. Move rule: If the user misses, it takes half the damage it would have inflicted in recoil.; Additional implementation: add a seeded 90% accuracy check; apply self-damage or fainting after resolution. NEW RULES: add resolution, target preview, validation, and enemy AI scoring."
Glare,,3,Unit,The user intimidates the target with the pattern on its belly to cause paralysis.,Normal,Status,Status,1,"Status Normal status; target unit at range 3, proposed cost 1 AP. Move rule: Paralyzes the target. CURRENT RULES: reuse shared damage and existing effect handlers."
Dream Eater,100,3,Unit,The user eats the dreams of a sleeping target. The user's HP is restored by up to half the damage taken by the target.,Psychic,Special,Ranged,3,"Special Psychic ranged; target unit at range 3, proposed cost 3 AP; use the unchanged Power with the shared damage formula. Move rule: Only works on sleeping Pokémon.  Drains half the damage inflicted to heal the user.; Additional implementation: restore 50% of damage dealt; add HP recovery or revival resolution. NEW RULES: add resolution, target preview, validation, and enemy AI scoring."
Poison Gas,,3,Tile,"A cloud of poison gas is sprayed in the faces of opposing Pokémon, poisoning those it hits.",Poison,Status,Area,1,"Status Poison area; target tile at range 3, proposed cost 1 AP. Move rule: Poisons the target.; Additional implementation: add poison status; add a seeded 90% accuracy check. NEW RULES: add resolution, target preview, validation, and enemy AI scoring."
Barrage,15,0,Unavailable,"This move can’t be used. It’s recommended that this move is forgotten. Once forgotten, this move can’t be remembered.",Normal,Physical,Unavailable,0,"REFERENCE ONLY: Exclude from learnsets, AI choices, and battle selection because the source marks this move unusable."
Leech Life,80,1,Unit,The user drains the target's blood. The user's HP is restored by up to half the damage taken by the target.,Bug,Physical,Melee,2,"Physical Bug melee; target unit at range 1, proposed cost 2 AP; use the unchanged Power with the shared damage formula. Move rule: Drains half the damage inflicted to heal the user.; Additional implementation: restore 50% of damage dealt; add HP recovery or revival resolution. NEW RULES: add resolution, target preview, validation, and enemy AI scoring."
Lovely Kiss,,3,Unit,"With a scary face, the user tries to force a kiss on the target. If it succeeds, the target falls asleep.",Normal,Status,Status,1,"Status Normal status; target unit at range 3, proposed cost 1 AP. Move rule: Puts the target to sleep.; Additional implementation: add sleep status; add a seeded 75% accuracy check. NEW RULES: add resolution, target preview, validation, and enemy AI scoring."
Sky Attack,140,1,Unit,The user attacks the turn after using this move. This move has a heightened chance of landing a critical hit and may also make the target flinch.,Flying,Physical,Melee,4,"Physical Flying melee; target unit at range 1, proposed cost 4 AP; use the unchanged Power with the shared damage formula. Move rule: User charges for one turn before attacking.  Has a chance to make the target flinch.; Additional implementation: change critical-hit odds; apply the flinch chance and delay the next action; add a seeded 90% accuracy check. NEW RULES: add resolution, target preview, validation, and enemy AI scoring."
Transform,,3,Unit,"The user transforms into a copy of the target, right down to having the same move set.",Normal,Status,Status,1,"Status Normal status; target unit at range 3, proposed cost 1 AP. Move rule: User becomes a copy of the target until it leaves battle. NEW RULES: add resolution, target preview, validation, and enemy AI scoring."
Bubble,40,0,Unavailable,"This move can’t be used. It’s recommended that this move is forgotten. Once forgotten, this move can’t be remembered.",Water,Special,Unavailable,0,"REFERENCE ONLY: Exclude from learnsets, AI choices, and battle selection because the source marks this move unusable."
Dizzy Punch,70,0,Unavailable,"This move can’t be used. It’s recommended that this move is forgotten. Once forgotten, this move can’t be remembered.",Normal,Physical,Unavailable,0,"REFERENCE ONLY: Exclude from learnsets, AI choices, and battle selection because the source marks this move unusable."
Spore,,3,Unit,The user scatters bursts of spores that induce sleep.,Grass,Status,Status,1,"Status Grass status; target unit at range 3, proposed cost 1 AP. Move rule: Puts the target to sleep.; Additional implementation: add sleep status. NEW RULES: add resolution, target preview, validation, and enemy AI scoring."
Flash,,0,Unavailable,"This move can’t be used. It’s recommended that this move is forgotten. Once forgotten, this move can’t be remembered.",Normal,Status,Unavailable,0,"REFERENCE ONLY: Exclude from learnsets, AI choices, and battle selection because the source marks this move unusable."
Psywave,,0,Unavailable,"This move can’t be used. It’s recommended that this move is forgotten. Once forgotten, this move can’t be remembered.",Psychic,Special,Unavailable,0,"REFERENCE ONLY: Exclude from learnsets, AI choices, and battle selection because the source marks this move unusable."
Splash,,0,Self,The user just flops and splashes around to no effect at all...,Normal,Status,Self,1,"Status Normal self; target self at range 0, proposed cost 1 AP. Move rule: Does nothing. NEW RULES: add resolution, target preview, validation, and enemy AI scoring."
Acid Armor,,0,Self,"The user alters its cellular structure to liquefy itself, sharply boosting its Defense stat.",Poison,Status,Self,1,"Status Poison self; target self at range 0, proposed cost 1 AP. Move rule: Raises the user’s Defense by two stages. CURRENT RULES: reuse shared damage and existing effect handlers."
Crabhammer,100,1,Unit,The target is hammered with a large pincer. This move has a heightened chance of landing a critical hit.,Water,Physical,Melee,3,"Physical Water melee; target unit at range 1, proposed cost 3 AP; use the unchanged Power with the shared damage formula. Move rule: Has an increased chance for a critical hit.; Additional implementation: change critical-hit odds; add a seeded 90% accuracy check. NEW RULES: add resolution, target preview, validation, and enemy AI scoring."
Explosion,250,1,Tile,The user attacks everything around it by causing a tremendous explosion. The user faints upon using this move.,Normal,Physical,Area,4,"Physical Normal area; target tile at range 1, proposed cost 4 AP; use the unchanged Power with the shared damage formula. Move rule: User faints.; Additional implementation: apply self-damage or fainting after resolution. NEW RULES: add resolution, target preview, validation, and enemy AI scoring."
Fury Swipes,18,1,Unit,"The user attacks by raking the target with claws, scythes, or the like. This move hits two to five times in a row.",Normal,Physical,Melee,1,"Physical Normal melee; target unit at range 1, proposed cost 1 AP; use the unchanged Power with the shared damage formula. Move rule: Hits 2-5 times in one turn.; Additional implementation: resolve 2–5 separate hits without altering listed per-hit Power; add a seeded 80% accuracy check. NEW RULES: add resolution, target preview, validation, and enemy AI scoring."
Bonemerang,50,1,Unit,The user throws the bone it holds. The bone loops around to hit the target twice—coming and going.,Ground,Physical,Melee,1,"Physical Ground melee; target unit at range 1, proposed cost 1 AP; use the unchanged Power with the shared damage formula. Move rule: Hits twice in one turn.; Additional implementation: resolve 2–2 separate hits without altering listed per-hit Power; add a seeded 90% accuracy check. NEW RULES: add resolution, target preview, validation, and enemy AI scoring."
Rest,,0,Self,The user goes to sleep for two turns. This fully restores the user's HP and cures any status conditions.,Psychic,Status,Self,2,"Status Psychic self; target self at range 0, proposed cost 2 AP. Move rule: User sleeps for two turns, completely healing itself.; Additional implementation: add HP recovery or revival resolution. NEW RULES: add resolution, target preview, validation, and enemy AI scoring."
Rock Slide,75,3,Tile,Large boulders are hurled at opposing Pokémon to inflict damage. This may also make the opposing Pokémon flinch.,Rock,Physical,Area,3,"Physical Rock area; target tile at range 3, proposed cost 3 AP; use the unchanged Power with the shared damage formula. Move rule: Has a chance to make the target flinch.; Additional implementation: apply the flinch chance and delay the next action; add a seeded 90% accuracy check. NEW RULES: add resolution, target preview, validation, and enemy AI scoring."
Hyper Fang,80,1,Unit,The user bites hard on the target with its sharp front fangs. This may also make the target flinch.,Normal,Physical,Melee,2,"Physical Normal melee; target unit at range 1, proposed cost 2 AP; use the unchanged Power with the shared damage formula. Move rule: Has a chance to make the target flinch.; Additional implementation: apply the flinch chance and delay the next action; add a seeded 90% accuracy check. NEW RULES: add resolution, target preview, validation, and enemy AI scoring."
Sharpen,,0,Unavailable,"This move can’t be used. It’s recommended that this move is forgotten. Once forgotten, this move can’t be remembered.",Normal,Status,Unavailable,0,"REFERENCE ONLY: Exclude from learnsets, AI choices, and battle selection because the source marks this move unusable."
Conversion,,0,Self,The user changes its type to become the same type as the move at the top of the list of moves it knows.,Normal,Status,Self,1,"Status Normal self; target self at range 0, proposed cost 1 AP. Move rule: User’s type changes to the type of one of its moves at random.; Additional implementation: add the described type, ability, or stat-conversion rule. NEW RULES: add resolution, target preview, validation, and enemy AI scoring."
Tri Attack,80,3,Unit,"The user strikes with a simultaneous three-beam attack. This may also burn, freeze, or paralyze the target.",Normal,Special,Ranged,2,"Special Normal ranged; target unit at range 3, proposed cost 2 AP; use the unchanged Power with the shared damage formula. Move rule: Has a chance to burn, freeze, or paralyze the target. NEW RULES: add resolution, target preview, validation, and enemy AI scoring."
Super Fang,,1,Unit,The user chomps hard on the target with its sharp front fangs. This cuts the target's HP in half.,Normal,Physical,Melee,1,"Physical Normal melee; target unit at range 1, proposed cost 1 AP; use the unchanged Power with the shared damage formula. Move rule: Inflicts damage equal to half the target’s HP.; Additional implementation: add a seeded 90% accuracy check. NEW RULES: add resolution, target preview, validation, and enemy AI scoring."
Slash,70,1,Unit,"The target is attacked with a slash of claws, scythes, or the like. This move has a heightened chance of landing a critical hit.",Normal,Physical,Melee,2,"Physical Normal melee; target unit at range 1, proposed cost 2 AP; use the unchanged Power with the shared damage formula. Move rule: Has an increased chance for a critical hit.; Additional implementation: change critical-hit odds. NEW RULES: add resolution, target preview, validation, and enemy AI scoring."
Substitute,,0,Self,The user creates a substitute for itself using some of its own HP. The substitute serves as the user's decoy.,Normal,Status,Self,1,"Status Normal self; target self at range 0, proposed cost 1 AP. Move rule: Transfers 1/4 of the user’s max HP into a doll, protecting the user from further damage or status changes until it breaks. NEW RULES: add resolution, target preview, validation, and enemy AI scoring."
Struggle,50,1,Unit,This attack is used in desperation only if the user has no PP. It also damages the user a little.,Normal,Physical,Melee,1,"Physical Normal melee; target unit at range 1, proposed cost 1 AP; use the unchanged Power with the shared damage formula. Move rule: User takes 1/4 its max HP in recoil.; Additional implementation: apply self-damage or fainting after resolution; add move PP tracking. NEW RULES: add resolution, target preview, validation, and enemy AI scoring."
Sketch,,3,Unit,"This move enables the user to permanently learn the move last used by the target. Once used, Sketch disappears.",Normal,Status,Status,1,"Status Normal status; target unit at range 3, proposed cost 1 AP. Move rule: Permanently becomes the target’s last used move.; Additional implementation: add move PP tracking. NEW RULES: add resolution, target preview, validation, and enemy AI scoring."
Triple Kick,10,1,Unit,A consecutive three-kick attack that becomes more powerful with each successful hit.,Fighting,Physical,Melee,1,"Physical Fighting melee; target unit at range 1, proposed cost 1 AP; use the unchanged Power with the shared damage formula. Move rule: Hits three times, increasing power by 100% with each successful hit.; Additional implementation: resolve 3–3 separate hits without altering listed per-hit Power; add a seeded 90% accuracy check. NEW RULES: add resolution, target preview, validation, and enemy AI scoring."
Thief,60,1,Unit,The user attacks and steals the target's held item simultaneously. The user can't steal anything if it already holds an item.,Dark,Physical,Melee,2,"Physical Dark melee; target unit at range 1, proposed cost 2 AP; use the unchanged Power with the shared damage formula. Move rule: Takes the target’s item. NEW RULES: add resolution, target preview, validation, and enemy AI scoring."
Spider Web,,0,Unavailable,"This move can’t be used. It’s recommended that this move is forgotten. Once forgotten, this move can’t be remembered.",Bug,Status,Unavailable,0,"REFERENCE ONLY: Exclude from learnsets, AI choices, and battle selection because the source marks this move unusable."
Mind Reader,,3,Unit,The user senses the target’s movements with its mind to ensure its next attack does not miss the target.,Normal,Status,Status,1,"Status Normal status; target unit at range 3, proposed cost 1 AP. Move rule: Ensures that the user’s next move will hit the target. NEW RULES: add resolution, target preview, validation, and enemy AI scoring."
Nightmare,,0,Unavailable,"This move can’t be used. It’s recommended that this move is forgotten. Once forgotten, this move can’t be remembered.",Ghost,Status,Unavailable,0,"REFERENCE ONLY: Exclude from learnsets, AI choices, and battle selection because the source marks this move unusable."
Flame Wheel,60,3,Unit,The user attacks by cloaking itself in fire and charging at the target. This may also leave the target with a burn.,Fire,Physical,Ranged,2,"Physical Fire ranged; target unit at range 3, proposed cost 2 AP; use the unchanged Power with the shared damage formula. Move rule: Has a chance to burn the target.  Lets frozen Pokémon thaw themselves. CURRENT RULES: reuse shared damage and existing effect handlers."
Snore,50,3,Unit,This attack can be used only if the user is asleep. The harsh noise may also make the target flinch.,Normal,Special,Ranged,1,"Special Normal ranged; target unit at range 3, proposed cost 1 AP; use the unchanged Power with the shared damage formula. Move rule: Has a chance to make the target flinch.  Only works if the user is sleeping.; Additional implementation: apply the flinch chance and delay the next action. NEW RULES: add resolution, target preview, validation, and enemy AI scoring."
Curse,,3,Unit,A move that has different effects depending on whether the user is a Ghost type or not.,Ghost,Status,Status,1,"Status Ghost status; target unit at range 3, proposed cost 1 AP. Move rule: Ghosts pay half their max HP to hurt the target every turn.  Others decrease Speed but raise Attack and Defense.; Additional implementation: add the stated field, terrain, or recurring-damage state. NEW RULES: add resolution, target preview, validation, and enemy AI scoring."
Flail,,1,Unit,"The user flails about aimlessly to attack. The less HP the user has, the greater the move's power.",Normal,Physical,Melee,1,"Physical Normal melee; target unit at range 1, proposed cost 1 AP; use the unchanged Power with the shared damage formula. Move rule: Inflicts more damage when the user has less HP remaining, with a maximum of 200 power. NEW RULES: add resolution, target preview, validation, and enemy AI scoring."
Conversion 2,,3,Unit,The user changes its type to make itself resistant to the type of the move the target used last.,Normal,Status,Status,1,"Status Normal status; target unit at range 3, proposed cost 1 AP. Move rule: Changes the user’s type to a random type either resistant or immune to the last move used against it.; Additional implementation: add the described type, ability, or stat-conversion rule. NEW RULES: add resolution, target preview, validation, and enemy AI scoring."
Aeroblast,100,3,Unit,A vortex of air is shot at the target to inflict damage. This move has a heightened chance of landing a critical hit.,Flying,Special,Ranged,3,"Special Flying ranged; target unit at range 3, proposed cost 3 AP; use the unchanged Power with the shared damage formula. Move rule: Has an increased chance for a critical hit.; Additional implementation: change critical-hit odds; add a seeded 95% accuracy check. NEW RULES: add resolution, target preview, validation, and enemy AI scoring."
Cotton Spore,,3,Tile,The user releases cotton-like spores that cling to opposing Pokémon. This harshly lowers their Speed stats.,Grass,Status,Area,1,"Status Grass area; target tile at range 3, proposed cost 1 AP. Move rule: Lowers the target’s Speed by two stages.; Additional implementation: add accuracy/evasion or Speed-stage state. NEW RULES: add resolution, target preview, validation, and enemy AI scoring."
Reversal,,1,Unit,An all-out attack that becomes more powerful the less HP the user has.,Fighting,Physical,Melee,1,"Physical Fighting melee; target unit at range 1, proposed cost 1 AP; use the unchanged Power with the shared damage formula. Move rule: Inflicts more damage when the user has less HP remaining, with a maximum of 200 power. NEW RULES: add resolution, target preview, validation, and enemy AI scoring."
Spite,,3,Unit,The user unleashes its grudge on the move last used by the target by cutting 4 PP from it.,Ghost,Status,Status,1,"Status Ghost status; target unit at range 3, proposed cost 1 AP. Move rule: Lowers the PP of the target’s last used move by 4.; Additional implementation: add move PP tracking. NEW RULES: add resolution, target preview, validation, and enemy AI scoring."
Powder Snow,40,3,Tile,The user attacks with a chilling gust of powdery snow. This may also leave opposing Pokémon frozen.,Ice,Special,Area,2,"Special Ice area; target tile at range 3, proposed cost 2 AP; use the unchanged Power with the shared damage formula. Move rule: Has a chance to freeze the target.; Additional implementation: add freeze status. NEW RULES: add resolution, target preview, validation, and enemy AI scoring."
Protect,,0,Self,This move enables the user to protect itself from all attacks. Its chance of failing rises if it is used in succession.,Normal,Status,Self,1,"Status Normal self; target self at range 0, proposed cost 1 AP. Move rule: Prevents any moves from hitting the user this turn.; Additional implementation: add protect status; add move priority 4 to the AV scheduler; add the described protection or damage-reduction state. NEW RULES: add resolution, target preview, validation, and enemy AI scoring."
Mach Punch,40,1,Unit,The user throws a punch at blinding speed. This move always goes first.,Fighting,Physical,Melee,1,"Physical Fighting melee; target unit at range 1, proposed cost 1 AP; use the unchanged Power with the shared damage formula. Move rule: no secondary effect beyond the listed damage.; Additional implementation: add move priority 1 to the AV scheduler. NEW RULES: add resolution, target preview, validation, and enemy AI scoring."
Scary Face,,3,Unit,The user frightens the target with a scary face to harshly lower its Speed stat.,Normal,Status,Status,1,"Status Normal status; target unit at range 3, proposed cost 1 AP. Move rule: Lowers the target’s Speed by two stages.; Additional implementation: add accuracy/evasion or Speed-stage state. NEW RULES: add resolution, target preview, validation, and enemy AI scoring."
Feint Attack,60,0,Unavailable,"This move can’t be used. It’s recommended that this move is forgotten. Once forgotten, this move can’t be remembered.",Dark,Physical,Unavailable,0,"REFERENCE ONLY: Exclude from learnsets, AI choices, and battle selection because the source marks this move unusable."
Sweet Kiss,,3,Unit,"The user kisses the target with a sweet, angelic cuteness that causes confusion.",Fairy,Status,Status,1,"Status Fairy status; target unit at range 3, proposed cost 1 AP. Move rule: Confuses the target.; Additional implementation: add confusion status; add a seeded 75% accuracy check. NEW RULES: add resolution, target preview, validation, and enemy AI scoring."
Belly Drum,,0,Self,The user maximizes its Attack stat but loses HP equal to half its max HP.,Normal,Status,Self,1,"Status Normal self; target self at range 0, proposed cost 1 AP. Move rule: User pays half its max HP to max out its Attack. NEW RULES: add resolution, target preview, validation, and enemy AI scoring."
Sludge Bomb,90,3,Unit,The user hurls unsanitary sludge at the target to inflict damage. This may also poison the target.,Poison,Special,Ranged,3,"Special Poison ranged; target unit at range 3, proposed cost 3 AP; use the unchanged Power with the shared damage formula. Move rule: Has a chance to poison the target.; Additional implementation: add poison status. NEW RULES: add resolution, target preview, validation, and enemy AI scoring."
Mud-Slap,20,3,Unit,The user hurls mud in the target's face to inflict damage and lower its accuracy.,Ground,Special,Ranged,1,"Special Ground ranged; target unit at range 3, proposed cost 1 AP; use the unchanged Power with the shared damage formula. Move rule: Has a chance to lower the target’s accuracy by one stage.; Additional implementation: apply a chance-based stat change; add accuracy/evasion or Speed-stage state. NEW RULES: add resolution, target preview, validation, and enemy AI scoring."
Octazooka,65,3,Unit,The user attacks by spraying ink in the target’s face or eyes. This may also lower the target’s accuracy.,Water,Special,Ranged,2,"Special Water ranged; target unit at range 3, proposed cost 2 AP; use the unchanged Power with the shared damage formula. Move rule: Has a chance to lower the target’s accuracy by one stage.; Additional implementation: apply a chance-based stat change; add a seeded 85% accuracy check; add accuracy/evasion or Speed-stage state. NEW RULES: add resolution, target preview, validation, and enemy AI scoring."
Spikes,,3,Tile,The user lays a trap of spikes at the feet of the opposing team. The spikes will damage opposing Pokémon that switch into battle.,Ground,Status,Area,1,"Status Ground area; target tile at range 3, proposed cost 1 AP. Move rule: Scatters Spikes, hurting opposing Pokémon that switch in.; Additional implementation: add a legal reserve-switch action. NEW RULES: add resolution, target preview, validation, and enemy AI scoring."
Zap Cannon,120,3,Unit,The user attacks by firing an electric blast like a cannon. This also leaves the target with paralysis.,Electric,Special,Ranged,4,"Special Electric ranged; target unit at range 3, proposed cost 4 AP; use the unchanged Power with the shared damage formula. Move rule: Has a chance to paralyze the target.; Additional implementation: add a seeded 50% accuracy check. NEW RULES: add resolution, target preview, validation, and enemy AI scoring."
Foresight,,0,Unavailable,"This move can’t be used. It’s recommended that this move is forgotten. Once forgotten, this move can’t be remembered.",Normal,Status,Unavailable,0,"REFERENCE ONLY: Exclude from learnsets, AI choices, and battle selection because the source marks this move unusable."
Destiny Bond,,0,Self,"If the user is knocked out after using this move, the Pokémon that knocked it out will also faint. This move's chance of failing rises if it is used in succession.",Ghost,Status,Self,1,"Status Ghost self; target self at range 0, proposed cost 1 AP. Move rule: If the user faints this turn, the target automatically will, too.; Additional implementation: apply self-damage or fainting after resolution; validate the move's stated condition. NEW RULES: add resolution, target preview, validation, and enemy AI scoring."
Perish Song,,3,Unit,"Any Pokémon that hears this song faints in three turns, unless it switches out of battle.",Normal,Status,Status,1,"Status Normal status; target unit at range 3, proposed cost 1 AP. Move rule: User and target both faint after three turns.; Additional implementation: add perish song status; add a legal reserve-switch action. NEW RULES: add resolution, target preview, validation, and enemy AI scoring."
Icy Wind,55,3,Tile,The user attacks with a gust of chilled air. This also lowers opposing Pokémon's Speed stats.,Ice,Special,Area,3,"Special Ice area; target tile at range 3, proposed cost 3 AP; use the unchanged Power with the shared damage formula. Move rule: Has a chance to lower the target’s Speed by one stage.; Additional implementation: apply a chance-based stat change; add a seeded 95% accuracy check; add accuracy/evasion or Speed-stage state. NEW RULES: add resolution, target preview, validation, and enemy AI scoring."
Detect,,0,Self,This move enables the user to protect itself from all attacks. Its chance of failing rises if it is used in succession.,Fighting,Status,Self,1,"Status Fighting self; target self at range 0, proposed cost 1 AP. Move rule: Prevents any moves from hitting the user this turn.; Additional implementation: add protect status; add move priority 4 to the AV scheduler; add the described protection or damage-reduction state. NEW RULES: add resolution, target preview, validation, and enemy AI scoring."
Bone Rush,25,1,Unit,The user attacks by striking the target with a hard bone. This move hits two to five times in a row.,Ground,Physical,Melee,1,"Physical Ground melee; target unit at range 1, proposed cost 1 AP; use the unchanged Power with the shared damage formula. Move rule: Hits 2-5 times in one turn.; Additional implementation: resolve 2–5 separate hits without altering listed per-hit Power; add a seeded 90% accuracy check. NEW RULES: add resolution, target preview, validation, and enemy AI scoring."
Lock-On,,3,Unit,The user takes sure aim at the target. This ensures the user's next move does not miss that target.,Normal,Status,Status,1,"Status Normal status; target unit at range 3, proposed cost 1 AP. Move rule: Ensures that the user’s next move will hit the target. NEW RULES: add resolution, target preview, validation, and enemy AI scoring."
Outrage,120,1,Unit,The user rampages and attacks for two to three turns. The user then becomes confused.,Dragon,Physical,Melee,4,"Physical Dragon melee; target unit at range 1, proposed cost 4 AP; use the unchanged Power with the shared damage formula. Move rule: Hits every turn for 2-3 turns, then confuses the user.; Additional implementation: add charge or consecutive-action state; add the stated field, terrain, or recurring-damage state. NEW RULES: add resolution, target preview, validation, and enemy AI scoring."
Sandstorm,,0,Self,"A five-turn sandstorm is summoned to damage all Pokémon except Rock, Ground, and Steel types. The sandstorm also boosts the Sp. Def stats of Rock types.",Rock,Status,Field,4,"Status Rock field; target self at range 0, proposed cost 4 AP. Move rule: Changes the weather to a sandstorm for five turns. NEW RULES: add resolution, target preview, validation, and enemy AI scoring."
Giga Drain,75,3,Unit,A nutrient-draining attack. The user's HP is restored by up to half the damage taken by the target.,Grass,Special,Ranged,2,"Special Grass ranged; target unit at range 3, proposed cost 2 AP; use the unchanged Power with the shared damage formula. Move rule: Drains half the damage inflicted to heal the user.; Additional implementation: restore 50% of damage dealt; add HP recovery or revival resolution. NEW RULES: add resolution, target preview, validation, and enemy AI scoring."
Endure,,0,Self,The user endures any attack with at least 1 HP. This move's chance of failing rises if used in succession.,Normal,Status,Self,1,"Status Normal self; target self at range 0, proposed cost 1 AP. Move rule: Prevents the user’s HP from lowering below 1 this turn.; Additional implementation: add move priority 4 to the AV scheduler. NEW RULES: add resolution, target preview, validation, and enemy AI scoring."
Charm,,3,Unit,"The user gazes at the target rather charmingly, making it less wary. This harshly lowers the target's Attack stat.",Fairy,Status,Status,1,"Status Fairy status; target unit at range 3, proposed cost 1 AP. Move rule: Lowers the target’s Attack by two stages. CURRENT RULES: reuse shared damage and existing effect handlers."
Rollout,30,1,Unit,The user continually rolls into the target over five turns. This attack becomes more powerful each time it hits.,Rock,Physical,Melee,1,"Physical Rock melee; target unit at range 1, proposed cost 1 AP; use the unchanged Power with the shared damage formula. Move rule: Power doubles every turn this move is used in succession after the first, resetting after five turns.; Additional implementation: add a seeded 90% accuracy check; add the stated field, terrain, or recurring-damage state. NEW RULES: add resolution, target preview, validation, and enemy AI scoring."
False Swipe,40,1,Unit,A restrained attack that prevents the target from fainting. The target is left with at least 1 HP.,Normal,Physical,Melee,1,"Physical Normal melee; target unit at range 1, proposed cost 1 AP; use the unchanged Power with the shared damage formula. Move rule: Cannot lower the target’s HP below 1. NEW RULES: add resolution, target preview, validation, and enemy AI scoring."
Swagger,,3,Unit,"The user enrages and confuses the target. However, this also sharply boosts the target's Attack stat.",Normal,Status,Status,1,"Status Normal status; target unit at range 3, proposed cost 1 AP. Move rule: Raises the target’s Attack by two stages and confuses the target.; Additional implementation: add confusion status; add a seeded 85% accuracy check. NEW RULES: add resolution, target preview, validation, and enemy AI scoring."
Milk Drink,,0,Self,The user restores its own HP by up to half its max HP.,Normal,Status,Self,2,"Status Normal self; target self at range 0, proposed cost 2 AP. Move rule: Heals the user by half its max HP.; Additional implementation: restore 50% max HP. NEW RULES: add resolution, target preview, validation, and enemy AI scoring."
Spark,65,1,Unit,The user attacks the target with an electrically charged tackle. This may also leave the target with paralysis.,Electric,Physical,Melee,2,"Physical Electric melee; target unit at range 1, proposed cost 2 AP; use the unchanged Power with the shared damage formula. Move rule: Has a chance to paralyze the target. CURRENT RULES: reuse shared damage and existing effect handlers."
Fury Cutter,40,1,Unit,"The user attacks by slashing the target with scythes, claws, or the like. This attack becomes more powerful if it hits in succession.",Bug,Physical,Melee,1,"Physical Bug melee; target unit at range 1, proposed cost 1 AP; use the unchanged Power with the shared damage formula. Move rule: Power doubles every turn this move is used in succession after the first, maxing out after five turns.; Additional implementation: add a seeded 95% accuracy check; add the stated field, terrain, or recurring-damage state. NEW RULES: add resolution, target preview, validation, and enemy AI scoring."
Steel Wing,70,1,Unit,The target is hit with wings of steel. This may also boost the user's Defense stat.,Steel,Physical,Melee,2,"Physical Steel melee; target unit at range 1, proposed cost 2 AP; use the unchanged Power with the shared damage formula. Move rule: Has a chance to raise the user’s Defense by one stage.; Additional implementation: apply a chance-based stat change; add a seeded 90% accuracy check. NEW RULES: add resolution, target preview, validation, and enemy AI scoring."
Mean Look,,3,Unit,"The user pins the target with a dark, arresting look. The target becomes unable to flee.",Normal,Status,Status,1,"Status Normal status; target unit at range 3, proposed cost 1 AP. Move rule: Prevents the target from leaving battle. NEW RULES: add resolution, target preview, validation, and enemy AI scoring."
Attract,,3,Unit,"If the target is of the opposite gender to the user, it becomes infatuated with the user and will sometimes be unable to use its moves.",Normal,Status,Status,1,"Status Normal status; target unit at range 3, proposed cost 1 AP. Move rule: Target falls in love if it has the opposite gender, and has a 50% chance to refuse attacking the user.; Additional implementation: add infatuation status; validate the move's stated condition. NEW RULES: add resolution, target preview, validation, and enemy AI scoring."
Sleep Talk,,0,Self,The user randomly uses one of the moves it knows. This move can only be used while the user is asleep.,Normal,Status,Self,1,"Status Normal self; target self at range 0, proposed cost 1 AP. Move rule: Randomly uses one of the user’s other three moves.  Only works if the user is sleeping. NEW RULES: add resolution, target preview, validation, and enemy AI scoring."
Heal Bell,,0,Self,The user makes a soothing bell chime to cure the status conditions of all its fellow party Pokémon and allies.,Normal,Status,Field,4,"Status Normal field; target self at range 0, proposed cost 4 AP. Move rule: Cures the entire party of major status effects. NEW RULES: add resolution, target preview, validation, and enemy AI scoring."
Return,,0,Unavailable,"This move can’t be used. It’s recommended that this move is forgotten. Once forgotten, this move can’t be remembered.",Normal,Physical,Unavailable,0,"REFERENCE ONLY: Exclude from learnsets, AI choices, and battle selection because the source marks this move unusable."
Present,,1,Unit,"The user attacks by giving the target a gift with a hidden trap. The gift restores HP sometimes, however.",Normal,Physical,Melee,1,"Physical Normal melee; target unit at range 1, proposed cost 1 AP; use the unchanged Power with the shared damage formula. Move rule: Randomly inflicts damage with power from 40 to 120 or heals the target for 1/4 its max HP.; Additional implementation: add a seeded 90% accuracy check; add HP recovery or revival resolution. NEW RULES: add resolution, target preview, validation, and enemy AI scoring."
Frustration,,0,Unavailable,"This move can’t be used. It’s recommended that this move is forgotten. Once forgotten, this move can’t be remembered.",Normal,Physical,Unavailable,0,"REFERENCE ONLY: Exclude from learnsets, AI choices, and battle selection because the source marks this move unusable."
Safeguard,,0,Self,The user creates a protective field that prevents status conditions for five turns.,Normal,Status,Field,4,"Status Normal field; target self at range 0, proposed cost 4 AP. Move rule: Protects the user’s field from major status ailments and confusion for five turns. NEW RULES: add resolution, target preview, validation, and enemy AI scoring."
Pain Split,,3,Unit,"The user adds its HP to the target's HP, then equally splits the combined HP between the target and itself.",Normal,Status,Status,1,"Status Normal status; target unit at range 3, proposed cost 1 AP. Move rule: Sets the user’s and targets’s HP to the average of their current HP. NEW RULES: add resolution, target preview, validation, and enemy AI scoring."
Sacred Fire,100,3,Unit,The target is razed with a mystical fire of great intensity. This may also leave the target with a burn.,Fire,Physical,Ranged,3,"Physical Fire ranged; target unit at range 3, proposed cost 3 AP; use the unchanged Power with the shared damage formula. Move rule: Has a chance to burn the target.  Lets frozen Pokémon thaw themselves.; Additional implementation: add a seeded 95% accuracy check. NEW RULES: add resolution, target preview, validation, and enemy AI scoring."
Magnitude,,0,Unavailable,"This move can’t be used. It’s recommended that this move is forgotten. Once forgotten, this move can’t be remembered.",Ground,Physical,Unavailable,0,"REFERENCE ONLY: Exclude from learnsets, AI choices, and battle selection because the source marks this move unusable."
Dynamic Punch,100,1,Unit,The user attacks by punching the target with full concentrated power. This also confuses the target.,Fighting,Physical,Melee,3,"Physical Fighting melee; target unit at range 1, proposed cost 3 AP; use the unchanged Power with the shared damage formula. Move rule: Has a chance to confuse the target.; Additional implementation: add confusion status; add a seeded 50% accuracy check. NEW RULES: add resolution, target preview, validation, and enemy AI scoring."
Megahorn,120,1,Unit,"Using its tough and impressive horn, the user rams into the target with no letup.",Bug,Physical,Melee,4,"Physical Bug melee; target unit at range 1, proposed cost 4 AP; use the unchanged Power with the shared damage formula. Move rule: no secondary effect beyond the listed damage.; Additional implementation: add a seeded 85% accuracy check. NEW RULES: add resolution, target preview, validation, and enemy AI scoring."
Dragon Breath,60,3,Unit,The user exhales a mighty gust that inflicts damage. This may also leave the target with paralysis.,Dragon,Special,Ranged,2,"Special Dragon ranged; target unit at range 3, proposed cost 2 AP; use the unchanged Power with the shared damage formula. Move rule: Has a chance to paralyze the target. CURRENT RULES: reuse shared damage and existing effect handlers."
Baton Pass,,0,Self,The user switches places with a party Pokémon in waiting and passes along any stat changes.,Normal,Status,Self,1,"Status Normal self; target self at range 0, proposed cost 1 AP. Move rule: Allows the trainer to switch out the user and pass effects along to its replacement.; Additional implementation: add a legal reserve-switch action. NEW RULES: add resolution, target preview, validation, and enemy AI scoring."
Encore,,3,Unit,The user compels the target to keep using the move it encored for three turns.,Normal,Status,Status,1,"Status Normal status; target unit at range 3, proposed cost 1 AP. Move rule: Forces the target to repeat its last used move every turn for 2 to 6 turns.; Additional implementation: add the stated field, terrain, or recurring-damage state; add move PP tracking. NEW RULES: add resolution, target preview, validation, and enemy AI scoring."
Pursuit,40,0,Unavailable,"This move can’t be used. It’s recommended that this move is forgotten. Once forgotten, this move can’t be remembered.",Dark,Physical,Unavailable,0,"REFERENCE ONLY: Exclude from learnsets, AI choices, and battle selection because the source marks this move unusable."
Rapid Spin,50,3,Unit,"The user performs a spin attack that can also eliminate the effects of such moves as Bind, Wrap, and Leech Seed. This also boosts the user's Speed stat.",Normal,Physical,Ranged,1,"Physical Normal ranged; target unit at range 3, proposed cost 1 AP; use the unchanged Power with the shared damage formula. Move rule: Frees the user from binding moves, removes Leech Seed, and blows away Spikes.; Additional implementation: apply a chance-based stat change; add accuracy/evasion or Speed-stage state. NEW RULES: add resolution, target preview, validation, and enemy AI scoring."
Sweet Scent,,3,Tile,The user releases a scent that harshly lowers opposing Pokémon's evasiveness.,Normal,Status,Area,1,"Status Normal area; target tile at range 3, proposed cost 1 AP. Move rule: Lowers the target’s evasion by one stage.; Additional implementation: add accuracy/evasion or Speed-stage state. NEW RULES: add resolution, target preview, validation, and enemy AI scoring."
Iron Tail,100,1,Unit,The target is slammed with a steel-hard tail. This may also lower the target's Defense stat.,Steel,Physical,Melee,3,"Physical Steel melee; target unit at range 1, proposed cost 3 AP; use the unchanged Power with the shared damage formula. Move rule: Has a chance to lower the target’s Defense by one stage.; Additional implementation: apply a chance-based stat change; add a seeded 75% accuracy check. NEW RULES: add resolution, target preview, validation, and enemy AI scoring."
Metal Claw,50,1,Unit,The target is raked with steel claws. This may also boost the user's Attack stat.,Steel,Physical,Melee,1,"Physical Steel melee; target unit at range 1, proposed cost 1 AP; use the unchanged Power with the shared damage formula. Move rule: Has a chance to raise the user’s Attack by one stage.; Additional implementation: apply a chance-based stat change; add a seeded 95% accuracy check. NEW RULES: add resolution, target preview, validation, and enemy AI scoring."
Vital Throw,70,3,Unit,"The user attacks last. In return, this throw move never misses.",Fighting,Physical,Ranged,2,"Physical Fighting ranged; target unit at range 3, proposed cost 2 AP; use the unchanged Power with the shared damage formula. Move rule: Never misses.; Additional implementation: add move priority -1 to the AV scheduler. NEW RULES: add resolution, target preview, validation, and enemy AI scoring."
Morning Sun,,0,Self,The user restores its own HP. The amount of HP regained varies with the weather.,Normal,Status,Field,4,"Status Normal field; target self at range 0, proposed cost 4 AP. Move rule: Heals the user by half its max HP.  Affected by weather.; Additional implementation: restore 50% max HP. NEW RULES: add resolution, target preview, validation, and enemy AI scoring."
Synthesis,,0,Self,The user restores its own HP. The amount of HP regained varies with the weather.,Grass,Status,Field,4,"Status Grass field; target self at range 0, proposed cost 4 AP. Move rule: Heals the user by half its max HP.  Affected by weather.; Additional implementation: restore 50% max HP. NEW RULES: add resolution, target preview, validation, and enemy AI scoring."
Moonlight,,0,Self,The user restores its own HP. The amount of HP regained varies with the weather.,Fairy,Status,Field,4,"Status Fairy field; target self at range 0, proposed cost 4 AP. Move rule: Heals the user by half its max HP.  Affected by weather.; Additional implementation: restore 50% max HP. NEW RULES: add resolution, target preview, validation, and enemy AI scoring."
Hidden Power,60,0,Unavailable,"This move can’t be used. It’s recommended that this move is forgotten. Once forgotten, this move can’t be remembered.",Normal,Special,Unavailable,0,"REFERENCE ONLY: Exclude from learnsets, AI choices, and battle selection because the source marks this move unusable."
Cross Chop,100,1,Unit,The user delivers a double chop with its forearms crossed. This move has a heightened chance of landing a critical hit.,Fighting,Physical,Melee,3,"Physical Fighting melee; target unit at range 1, proposed cost 3 AP; use the unchanged Power with the shared damage formula. Move rule: Has an increased chance for a critical hit.; Additional implementation: change critical-hit odds; add a seeded 80% accuracy check. NEW RULES: add resolution, target preview, validation, and enemy AI scoring."
Twister,40,3,Tile,The user whips up a vicious tornado to tear at opposing Pokémon. This may also make them flinch.,Dragon,Special,Area,2,"Special Dragon area; target tile at range 3, proposed cost 2 AP; use the unchanged Power with the shared damage formula. Move rule: Has a chance to make the target flinch.; Additional implementation: apply the flinch chance and delay the next action. NEW RULES: add resolution, target preview, validation, and enemy AI scoring."
Rain Dance,,0,Self,"The user summons a heavy rain that falls for five turns, powering up Water-type attacks. The rain also lowers the power of Fire-type attacks.",Water,Status,Field,4,"Status Water Field; target Self at range 0, proposed cost 4 AP. Set Rain globally for five AV cycles; reuse the current weather state and damage modifiers."
Sunny Day,,0,Self,"The user intensifies the sun for five turns, powering up Fire-type attacks. The sunlight also lowers the power of Water-type attacks.",Fire,Status,Field,4,"Status Fire Field; target Self at range 0, proposed cost 4 AP. Set Sun globally for five AV cycles; reuse the current weather state and damage modifiers."
Crunch,80,1,Unit,The user crunches up the target with sharp fangs. This may also lower the target's Defense stat.,Dark,Physical,Melee,2,"Physical Dark melee; target unit at range 1, proposed cost 2 AP; use the unchanged Power with the shared damage formula. Move rule: Has a chance to lower the target’s Defense by one stage.; Additional implementation: apply a chance-based stat change. NEW RULES: add resolution, target preview, validation, and enemy AI scoring."
Mirror Coat,,3,Unit,"A retaliatory attack that counters any special move, inflicting double the damage taken.",Psychic,Special,Ranged,1,"Special Psychic ranged; target unit at range 3, proposed cost 1 AP; use the unchanged Power with the shared damage formula. Move rule: Inflicts twice the damage the user received from the last special hit it took.; Additional implementation: add move priority -5 to the AV scheduler; apply self-damage or fainting after resolution. NEW RULES: add resolution, target preview, validation, and enemy AI scoring."
Psych Up,,3,Unit,The user hypnotizes itself into copying any stat change made by the target.,Normal,Status,Status,1,"Status Normal status; target unit at range 3, proposed cost 1 AP. Move rule: Discards the user’s stat changes and copies the target’s. NEW RULES: add resolution, target preview, validation, and enemy AI scoring."
Extreme Speed,80,1,Unit,The user charges the target at blinding speed. This move always goes first.,Normal,Physical,Melee,2,"Physical Normal melee; target unit at range 1, proposed cost 2 AP; use the unchanged Power with the shared damage formula. Move rule: no secondary effect beyond the listed damage.; Additional implementation: add move priority 2 to the AV scheduler. NEW RULES: add resolution, target preview, validation, and enemy AI scoring."
Ancient Power,60,3,Unit,The user attacks with a prehistoric power. This may also boost all the user's stats at once.,Rock,Special,Ranged,2,"Special Rock ranged; target unit at range 3, proposed cost 2 AP; use the unchanged Power with the shared damage formula. Move rule: Has a chance to raise all of the user’s stats by one stage.; Additional implementation: apply a chance-based stat change. NEW RULES: add resolution, target preview, validation, and enemy AI scoring."
Shadow Ball,80,3,Unit,The user attacks by hurling a shadowy blob at the target. This may also lower the target’s Sp. Def stat.,Ghost,Special,Ranged,2,"Special Ghost ranged; target unit at range 3, proposed cost 2 AP; use the unchanged Power with the shared damage formula. Move rule: Has a chance to lower the target’s Special Defense by one stage.; Additional implementation: apply a chance-based stat change. NEW RULES: add resolution, target preview, validation, and enemy AI scoring."
Future Sight,120,3,Unit,"Two turns after this move is used, a hunk of psychic energy attacks the target.",Psychic,Special,Ranged,4,"Special Psychic ranged; target unit at range 3, proposed cost 4 AP; use the unchanged Power with the shared damage formula. Move rule: Hits the target two turns later. NEW RULES: add resolution, target preview, validation, and enemy AI scoring."
Rock Smash,40,1,Unit,The user attacks with a punch. This may also lower the target's Defense stat.,Fighting,Physical,Melee,1,"Physical Fighting melee; target unit at range 1, proposed cost 1 AP; use the unchanged Power with the shared damage formula. Move rule: Has a chance to lower the target’s Defense by one stage.; Additional implementation: apply a chance-based stat change. NEW RULES: add resolution, target preview, validation, and enemy AI scoring."
Whirlpool,35,3,Unit,"The user traps the target inside a violent, swirling whirlpool that inflicts damage for four to five turns.",Water,Special,Ranged,1,"Special Water ranged; target unit at range 3, proposed cost 1 AP; use the unchanged Power with the shared damage formula. Move rule: Prevents the target from leaving battle and inflicts 1/16 its max HP in damage for 2-5 turns.; Additional implementation: add trap status; add a seeded 85% accuracy check. NEW RULES: add resolution, target preview, validation, and enemy AI scoring."
Beat Up,,1,Unit,"The user gets all party Pokémon to attack the target. The more party Pokémon, the greater the number of attacks.",Dark,Physical,Melee,1,"Physical Dark melee; target unit at range 1, proposed cost 1 AP; use the unchanged Power with the shared damage formula. Move rule: Hits once for every conscious Pokémon the trainer has.; Additional implementation: resolve 6–6 separate hits without altering listed per-hit Power; calculate condition-dependent damage while preserving listed Power. NEW RULES: add resolution, target preview, validation, and enemy AI scoring."
Fake Out,40,1,Unit,This attack hits first and makes the target flinch. It works only on the first turn each time the user enters battle.,Normal,Physical,Melee,1,"Physical Normal melee; target unit at range 1, proposed cost 1 AP; use the unchanged Power with the shared damage formula. Move rule: Can only be used as the first move after the user enters battle.  Causes the target to flinch.; Additional implementation: apply the flinch chance and delay the next action; add move priority 3 to the AV scheduler; add charge or consecutive-action state. NEW RULES: add resolution, target preview, validation, and enemy AI scoring."
Uproar,90,3,Unit,"The user attacks in an uproar for three turns. During that time, no Pokémon can fall asleep.",Normal,Special,Ranged,3,"Special Normal ranged; target unit at range 3, proposed cost 3 AP; use the unchanged Power with the shared damage formula. Move rule: Forced to use this move for several turns.  Pokémon cannot fall asleep in that time. NEW RULES: add resolution, target preview, validation, and enemy AI scoring."
Stockpile,,0,Self,The user stores power and boosts its Defense and Sp. Def stats. This move can be used up to three times.,Normal,Status,Self,1,"Status Normal self; target self at range 0, proposed cost 1 AP. Move rule: Stores energy up to three times for use with Spit Up and Swallow. NEW RULES: add resolution, target preview, validation, and enemy AI scoring."
Spit Up,,3,Unit,"The power stored using the move Stockpile is released at once in an attack. The more power is stored, the greater the move's power.",Normal,Special,Ranged,1,"Special Normal ranged; target unit at range 3, proposed cost 1 AP; use the unchanged Power with the shared damage formula. Move rule: Power is 100 times the amount of energy Stockpiled.; Additional implementation: calculate condition-dependent damage while preserving listed Power. NEW RULES: add resolution, target preview, validation, and enemy AI scoring."
Swallow,,0,Self,"The power stored using the move Stockpile is absorbed by the user to restore its own HP. The more power is stored, the more HP is restored.",Normal,Status,Self,2,"Status Normal self; target self at range 0, proposed cost 2 AP. Move rule: Recovers 1/4 HP after one Stockpile, 1/2 HP after two Stockpiles, or full HP after three Stockpiles.; Additional implementation: restore 25% max HP. NEW RULES: add resolution, target preview, validation, and enemy AI scoring."
Heat Wave,95,3,Tile,The user attacks by exhaling hot breath on opposing Pokémon. This may also leave them with a burn.,Fire,Special,Area,4,"Special Fire area; target tile at range 3, proposed cost 4 AP; use the unchanged Power with the shared damage formula. Move rule: Has a chance to burn the target.; Additional implementation: add a seeded 90% accuracy check. NEW RULES: add resolution, target preview, validation, and enemy AI scoring."
Hail,,0,Self,The user summons a hailstorm lasting five turns. It damages all Pokémon except Ice types.,Ice,Status,Field,4,"Status Ice Field; target Self at range 0, proposed cost 4 AP. Set Snow globally for five AV cycles and deal recurring damage to non-Ice units; add Hail's damage tick to the weather resolver."
Torment,,3,Unit,"The user torments and enrages the target, making it incapable of using the same move twice in a row.",Dark,Status,Status,1,"Status Dark status; target unit at range 3, proposed cost 1 AP. Move rule: Prevents the target from using the same move twice in a row.; Additional implementation: add torment status. NEW RULES: add resolution, target preview, validation, and enemy AI scoring."
Flatter,,3,Unit,"Flattery is used to confuse the target. However, this also boosts the target's Sp. Atk stat.",Dark,Status,Status,1,"Status Dark status; target unit at range 3, proposed cost 1 AP. Move rule: Raises the target’s Special Attack by one stage and confuses the target.; Additional implementation: add confusion status. NEW RULES: add resolution, target preview, validation, and enemy AI scoring."
Will-O-Wisp,,3,Unit,The user shoots a sinister flame at the target to inflict a burn.,Fire,Status,Status,1,"Status Fire status; target unit at range 3, proposed cost 1 AP. Move rule: Burns the target.; Additional implementation: add a seeded 85% accuracy check. NEW RULES: add resolution, target preview, validation, and enemy AI scoring."
Memento,,3,Unit,"The user faints. In return, the target's Attack and Sp. Atk stats are harshly lowered.",Dark,Status,Status,1,"Status Dark status; target unit at range 3, proposed cost 1 AP. Move rule: Lowers the target’s Attack and Special Attack by two stages.  User faints.; Additional implementation: apply self-damage or fainting after resolution. NEW RULES: add resolution, target preview, validation, and enemy AI scoring."
Facade,70,1,Unit,"This move's power is doubled if the user is poisoned, burned, or paralyzed.",Normal,Physical,Melee,2,"Physical Normal melee; target unit at range 1, proposed cost 2 AP; use the unchanged Power with the shared damage formula. Move rule: Power doubles if user is burned, paralyzed, or poisoned.; Additional implementation: calculate condition-dependent damage while preserving listed Power. NEW RULES: add resolution, target preview, validation, and enemy AI scoring."
Focus Punch,150,1,Unit,The user focuses its mind before launching a punch. This move fails if the user is hit before using the move.,Fighting,Physical,Melee,4,"Physical Fighting melee; target unit at range 1, proposed cost 4 AP; use the unchanged Power with the shared damage formula. Move rule: If the user takes damage before attacking, the attack is canceled.; Additional implementation: add move priority -3 to the AV scheduler; validate the move's stated condition. NEW RULES: add resolution, target preview, validation, and enemy AI scoring."
Smelling Salts,70,0,Unavailable,"This move can’t be used. It’s recommended that this move is forgotten. Once forgotten, this move can’t be remembered.",Normal,Physical,Unavailable,0,"REFERENCE ONLY: Exclude from learnsets, AI choices, and battle selection because the source marks this move unusable."
Follow Me,,0,Self,"The user draws attention to itself, making all opposing Pokémon take aim only at the user.",Normal,Status,Self,1,"Status Normal self; target self at range 0, proposed cost 1 AP. Move rule: Redirects the target’s single-target effects to the user for this turn.; Additional implementation: add move priority 2 to the AV scheduler. NEW RULES: add resolution, target preview, validation, and enemy AI scoring."
Nature Power,,3,Unit,This attack makes use of nature’s power. Its effects vary depending on the user’s environment.,Normal,Status,Status,1,"Status Normal status; target unit at range 3, proposed cost 1 AP. Move rule: Uses a move which depends upon the terrain.; Additional implementation: add the stated field, terrain, or recurring-damage state. NEW RULES: add resolution, target preview, validation, and enemy AI scoring."
Charge,,0,Self,"The user becomes charged, boosting the power of the next Electric-type move it uses. This also boosts the user's Sp. Def stat.",Electric,Status,Self,1,"Status Electric self; target self at range 0, proposed cost 1 AP. Move rule: Raises the user’s Special Defense by one stage.  User’s Electric moves have doubled power next turn.; Additional implementation: add charge or consecutive-action state. NEW RULES: add resolution, target preview, validation, and enemy AI scoring."
Taunt,,3,Unit,The target is taunted into a rage that allows it to use only attack moves for three turns.,Dark,Status,Status,1,"Status Dark status; target unit at range 3, proposed cost 1 AP. Move rule: For the next few turns, the target can only use damaging moves. NEW RULES: add resolution, target preview, validation, and enemy AI scoring."
Helping Hand,,3,Unit,The user assists an ally by boosting the power of that ally's attack.,Normal,Status,Status,1,"Status Normal status; target unit at range 3, proposed cost 1 AP. Move rule: Ally’s next move inflicts half more damage.; Additional implementation: add move priority 5 to the AV scheduler. NEW RULES: add resolution, target preview, validation, and enemy AI scoring."
Trick,,3,Unit,The user catches the target off guard and swaps the target's held item with its own.,Psychic,Status,Status,1,"Status Psychic status; target unit at range 3, proposed cost 1 AP. Move rule: User and target swap items.; Additional implementation: add the described protection or damage-reduction state. NEW RULES: add resolution, target preview, validation, and enemy AI scoring."
Role Play,,3,Unit,"The user mimics the target completely, copying the target's Ability.",Psychic,Status,Status,1,"Status Psychic status; target unit at range 3, proposed cost 1 AP. Move rule: Copies the target’s ability.; Additional implementation: add the described type, ability, or stat-conversion rule. NEW RULES: add resolution, target preview, validation, and enemy AI scoring."
Wish,,0,Self,"One turn after this move is used, the user's or its replacement's HP is restored by up to half the user's max HP.",Normal,Status,Self,1,"Status Normal self; target self at range 0, proposed cost 1 AP. Move rule: User will recover half its max HP at the end of the next turn.; Additional implementation: add charge or consecutive-action state; add HP recovery or revival resolution. NEW RULES: add resolution, target preview, validation, and enemy AI scoring."
Assist,,0,Unavailable,"This move can’t be used. It’s recommended that this move is forgotten. Once forgotten, this move can’t be remembered.",Normal,Status,Unavailable,0,"REFERENCE ONLY: Exclude from learnsets, AI choices, and battle selection because the source marks this move unusable."
Ingrain,,0,Self,"The user lays roots that restore its own HP every turn. Because the user is now rooted, it can't switch out.",Grass,Status,Self,2,"Status Grass self; target self at range 0, proposed cost 2 AP. Move rule: Prevents the user from leaving battle.  User regains 1/16 of its max HP every turn.; Additional implementation: add ingrain status; add the stated field, terrain, or recurring-damage state; add HP recovery or revival resolution; add a legal reserve-switch action. NEW RULES: add resolution, target preview, validation, and enemy AI scoring."
Superpower,120,1,Unit,The user attacks the target with great power. This also lowers the user's Attack and Defense stats.,Fighting,Physical,Melee,4,"Physical Fighting melee; target unit at range 1, proposed cost 4 AP; use the unchanged Power with the shared damage formula. Move rule: Lowers the user’s Attack and Defense by one stage after inflicting damage.; Additional implementation: apply a chance-based stat change. NEW RULES: add resolution, target preview, validation, and enemy AI scoring."
Magic Coat,,0,Self,Moves like Leech Seed and moves that inflict status conditions are blocked by a barrier and reflected back to the user of those moves.,Psychic,Status,Self,1,"Status Psychic self; target self at range 0, proposed cost 1 AP. Move rule: Reflects back the first effect move used on the user this turn.; Additional implementation: add move priority 4 to the AV scheduler; add the described protection or damage-reduction state. NEW RULES: add resolution, target preview, validation, and enemy AI scoring."
Recycle,,0,Self,The user recycles a held item that has been used in battle so it can be used again.,Normal,Status,Self,1,"Status Normal self; target self at range 0, proposed cost 1 AP. Move rule: User recovers the item it last used up. NEW RULES: add resolution, target preview, validation, and enemy AI scoring."
Revenge,60,1,Unit,This attack move’s power is doubled if the user has been hurt by the opponent in the same turn.,Fighting,Physical,Melee,2,"Physical Fighting melee; target unit at range 1, proposed cost 2 AP; use the unchanged Power with the shared damage formula. Move rule: Inflicts double damage if the user takes damage before attacking this turn.; Additional implementation: add move priority -4 to the AV scheduler; calculate condition-dependent damage while preserving listed Power. NEW RULES: add resolution, target preview, validation, and enemy AI scoring."
Brick Break,75,1,Unit,"The user attacks with a swift chop. This move can also break barriers, such as Light Screen and Reflect.",Fighting,Physical,Melee,2,"Physical Fighting melee; target unit at range 1, proposed cost 2 AP; use the unchanged Power with the shared damage formula. Move rule: Destroys Reflect and Light Screen.; Additional implementation: add the described protection or damage-reduction state. NEW RULES: add resolution, target preview, validation, and enemy AI scoring."
Yawn,,3,Unit,The user lets loose a huge yawn that lulls the target into falling asleep on the next turn.,Normal,Status,Status,1,"Status Normal status; target unit at range 3, proposed cost 1 AP. Move rule: Target sleeps at the end of the next turn.; Additional implementation: add yawn status; add charge or consecutive-action state. NEW RULES: add resolution, target preview, validation, and enemy AI scoring."
Knock Off,65,1,Unit,"The user slaps down the target's held item, making it unusable for that battle. This move does more damage if the target has a held item.",Dark,Physical,Melee,2,"Physical Dark melee; target unit at range 1, proposed cost 2 AP; use the unchanged Power with the shared damage formula. Move rule: Target drops its held item.; Additional implementation: validate the move's stated condition. NEW RULES: add resolution, target preview, validation, and enemy AI scoring."
Endeavor,,1,Unit,The user inflicts damage by cutting down the target's HP to roughly equal the user's HP.,Normal,Physical,Melee,1,"Physical Normal melee; target unit at range 1, proposed cost 1 AP; use the unchanged Power with the shared damage formula. Move rule: Lowers the target’s HP to equal the user’s. NEW RULES: add resolution, target preview, validation, and enemy AI scoring."
Eruption,150,3,Tile,"The user attacks opposing Pokémon with explosive fury. The lower the user's HP, the lower the move's power.",Fire,Special,Area,4,"Special Fire area; target tile at range 3, proposed cost 4 AP; use the unchanged Power with the shared damage formula. Move rule: Inflicts more damage when the user has more HP remaining, with a maximum of 150 power. NEW RULES: add resolution, target preview, validation, and enemy AI scoring."
Skill Swap,,3,Unit,The user employs its psychic power to exchange Abilities with the target.,Psychic,Status,Status,1,"Status Psychic status; target unit at range 3, proposed cost 1 AP. Move rule: User and target swap abilities. NEW RULES: add resolution, target preview, validation, and enemy AI scoring."
Imprison,,0,Self,"If opposing Pokémon know any move also known by the user, they are prevented from using it.",Psychic,Status,Self,1,"Status Psychic self; target self at range 0, proposed cost 1 AP. Move rule: Prevents the target from using any moves that the user also knows. NEW RULES: add resolution, target preview, validation, and enemy AI scoring."
Refresh,,0,Unavailable,"This move can’t be used. It’s recommended that this move is forgotten. Once forgotten, this move can’t be remembered.",Normal,Status,Unavailable,0,"REFERENCE ONLY: Exclude from learnsets, AI choices, and battle selection because the source marks this move unusable."
Grudge,,0,Self,"If the user faints, the user’s grudge fully depletes the PP of the opponent’s move that knocked it out.",Ghost,Status,Self,1,"Status Ghost self; target self at range 0, proposed cost 1 AP. Move rule: If the user faints this turn, the PP of the move that fainted it drops to 0.; Additional implementation: apply self-damage or fainting after resolution; add move PP tracking. NEW RULES: add resolution, target preview, validation, and enemy AI scoring."
Snatch,,0,Unavailable,"This move can’t be used. It’s recommended that this move is forgotten. Once forgotten, this move can’t be remembered.",Dark,Status,Unavailable,0,"REFERENCE ONLY: Exclude from learnsets, AI choices, and battle selection because the source marks this move unusable."
Secret Power,70,0,Unavailable,"This move can’t be used. It’s recommended that this move is forgotten. Once forgotten, this move can’t be remembered.",Normal,Physical,Unavailable,0,"REFERENCE ONLY: Exclude from learnsets, AI choices, and battle selection because the source marks this move unusable."
Dive,80,1,Unit,"The user dives on the first turn, then floats up and attacks on the next turn.",Water,Physical,Melee,2,"Physical Water melee; target unit at range 1, proposed cost 2 AP; use the unchanged Power with the shared damage formula. Move rule: User dives underwater, dodging all attacks, and hits next turn.; Additional implementation: add charge or consecutive-action state. NEW RULES: add resolution, target preview, validation, and enemy AI scoring."
Arm Thrust,15,1,Unit,The user attacks the target with open-palmed arm thrusts. This move hits two to five times in a row.,Fighting,Physical,Melee,1,"Physical Fighting melee; target unit at range 1, proposed cost 1 AP; use the unchanged Power with the shared damage formula. Move rule: Hits 2-5 times in one turn.; Additional implementation: resolve 2–5 separate hits without altering listed per-hit Power. NEW RULES: add resolution, target preview, validation, and enemy AI scoring."
Camouflage,,0,Unavailable,"This move can’t be used. It’s recommended that this move is forgotten. Once forgotten, this move can’t be remembered.",Normal,Status,Unavailable,0,"REFERENCE ONLY: Exclude from learnsets, AI choices, and battle selection because the source marks this move unusable."
Tail Glow,,0,Self,"The user stares at flashing lights to focus its mind, drastically boosting its Sp. Atk stat.",Bug,Status,Self,1,"Status Bug self; target self at range 0, proposed cost 1 AP. Move rule: Raises the user’s Special Attack by three stages. CURRENT RULES: reuse shared damage and existing effect handlers."
Luster Purge,95,3,Unit,The user lets loose a damaging burst of light. This may also lower the target's Sp. Def stat.,Psychic,Special,Ranged,3,"Special Psychic ranged; target unit at range 3, proposed cost 3 AP; use the unchanged Power with the shared damage formula. Move rule: Has a chance to lower the target’s Special Defense by one stage.; Additional implementation: apply a chance-based stat change. NEW RULES: add resolution, target preview, validation, and enemy AI scoring."
Mist Ball,95,3,Unit,A mist-like flurry of down envelops and damages the target. This may also lower the target's Sp. Atk stat.,Psychic,Special,Ranged,3,"Special Psychic ranged; target unit at range 3, proposed cost 3 AP; use the unchanged Power with the shared damage formula. Move rule: Has a chance to lower the target’s Special Attack by one stage.; Additional implementation: apply a chance-based stat change. NEW RULES: add resolution, target preview, validation, and enemy AI scoring."
Feather Dance,,3,Unit,The user covers the target's body with a mass of down that harshly lowers its Attack stat.,Flying,Status,Status,1,"Status Flying status; target unit at range 3, proposed cost 1 AP. Move rule: Lowers the target’s Attack by two stages. CURRENT RULES: reuse shared damage and existing effect handlers."
Teeter Dance,,1,Tile,The user performs a wobbly dance that confuses every Pokémon around it.,Normal,Status,Area,1,"Status Normal area; target tile at range 1, proposed cost 1 AP. Move rule: Confuses the target.; Additional implementation: add confusion status. NEW RULES: add resolution, target preview, validation, and enemy AI scoring."
Blaze Kick,85,3,Unit,The user launches a kick that has a heightened chance of landing a critical hit. This may also leave the target with a burn.,Fire,Physical,Ranged,3,"Physical Fire ranged; target unit at range 3, proposed cost 3 AP; use the unchanged Power with the shared damage formula. Move rule: Has an increased chance for a critical hit and a chance to burn the target.; Additional implementation: change critical-hit odds; add a seeded 90% accuracy check. NEW RULES: add resolution, target preview, validation, and enemy AI scoring."
Mud Sport,,0,Unavailable,"This move can’t be used. It’s recommended that this move is forgotten. Once forgotten, this move can’t be remembered.",Ground,Status,Unavailable,0,"REFERENCE ONLY: Exclude from learnsets, AI choices, and battle selection because the source marks this move unusable."
Ice Ball,30,0,Unavailable,"This move can’t be used. It’s recommended that this move is forgotten. Once forgotten, this move can’t be remembered.",Ice,Physical,Unavailable,0,"REFERENCE ONLY: Exclude from learnsets, AI choices, and battle selection because the source marks this move unusable."
Needle Arm,60,0,Unavailable,"This move can’t be used. It’s recommended that this move is forgotten. Once forgotten, this move can’t be remembered.",Grass,Physical,Unavailable,0,"REFERENCE ONLY: Exclude from learnsets, AI choices, and battle selection because the source marks this move unusable."
Slack Off,,0,Self,"The user slacks off, restoring its own HP by up to half its max HP.",Normal,Status,Self,2,"Status Normal self; target self at range 0, proposed cost 2 AP. Move rule: Heals the user by half its max HP.; Additional implementation: restore 50% max HP. NEW RULES: add resolution, target preview, validation, and enemy AI scoring."
Hyper Voice,90,3,Tile,"The user attacks by letting loose a horribly loud, resounding cry.",Normal,Special,Area,4,"Special Normal area; target tile at range 3, proposed cost 4 AP; use the unchanged Power with the shared damage formula. Move rule: no secondary effect beyond the listed damage. CURRENT RULES: reuse shared damage and existing effect handlers."
Poison Fang,50,1,Unit,The user bites the target with toxic fangs. This may also leave the target badly poisoned.,Poison,Physical,Melee,1,"Physical Poison melee; target unit at range 1, proposed cost 1 AP; use the unchanged Power with the shared damage formula. Move rule: Has a chance to badly poison the target.; Additional implementation: add poison status. NEW RULES: add resolution, target preview, validation, and enemy AI scoring."
Crush Claw,75,1,Unit,The user slashes the target with hard and sharp claws. This may also lower the target's Defense stat.,Normal,Physical,Melee,2,"Physical Normal melee; target unit at range 1, proposed cost 2 AP; use the unchanged Power with the shared damage formula. Move rule: Has a chance to lower the target’s Defense by one stage.; Additional implementation: apply a chance-based stat change; add a seeded 95% accuracy check. NEW RULES: add resolution, target preview, validation, and enemy AI scoring."
Blast Burn,150,3,Unit,The target is razed by a fiery explosion. The user can't move on the next turn.,Fire,Special,Ranged,4,"Special Fire ranged; target unit at range 3, proposed cost 4 AP; use the unchanged Power with the shared damage formula. Move rule: User foregoes its next turn to recharge.; Additional implementation: add a seeded 90% accuracy check; add charge or consecutive-action state. NEW RULES: add resolution, target preview, validation, and enemy AI scoring."
Hydro Cannon,150,3,Unit,The target is hit with a watery blast. The user can't move on the next turn.,Water,Special,Ranged,4,"Special Water ranged; target unit at range 3, proposed cost 4 AP; use the unchanged Power with the shared damage formula. Move rule: User foregoes its next turn to recharge.; Additional implementation: add a seeded 90% accuracy check; add charge or consecutive-action state. NEW RULES: add resolution, target preview, validation, and enemy AI scoring."
Meteor Mash,90,3,Unit,The target is hit with a hard punch fired like a meteor. This may also boost the user’s Attack stat.,Steel,Physical,Ranged,3,"Physical Steel ranged; target unit at range 3, proposed cost 3 AP; use the unchanged Power with the shared damage formula. Move rule: Has a chance to raise the user’s Attack by one stage.; Additional implementation: apply a chance-based stat change; add a seeded 90% accuracy check. NEW RULES: add resolution, target preview, validation, and enemy AI scoring."
Astonish,30,1,Unit,The user attacks the target by crying out in a startling fashion. This may also make the target flinch.,Ghost,Physical,Melee,1,"Physical Ghost melee; target unit at range 1, proposed cost 1 AP; use the unchanged Power with the shared damage formula. Move rule: Has a chance to make the target flinch.; Additional implementation: apply the flinch chance and delay the next action. NEW RULES: add resolution, target preview, validation, and enemy AI scoring."
Weather Ball,50,3,Unit,This move's type and power change depending on the weather at the time the move is used.,Normal,Special,Ranged,1,"Special Normal ranged; target unit at range 3, proposed cost 1 AP; use the unchanged Power with the shared damage formula. Move rule: If there be weather, this move has doubled power and the weather’s type. NEW RULES: add resolution, target preview, validation, and enemy AI scoring."
Aromatherapy,,0,Unavailable,"This move can't be used. It's recommended that this move is forgotten. Once forgotten, this move can't be remembered.",Grass,Status,Unavailable,0,"REFERENCE ONLY: Exclude from learnsets, AI choices, and battle selection because the source marks this move unusable."
Fake Tears,,3,Unit,The user feigns crying to fluster the target. This harshly lowers the target's Sp. Def stat.,Dark,Status,Status,1,"Status Dark status; target unit at range 3, proposed cost 1 AP. Move rule: Lowers the target’s Special Defense by two stages. CURRENT RULES: reuse shared damage and existing effect handlers."
Air Cutter,60,3,Tile,The user launches razor-like wind to slash opposing Pokémon. This move has a heightened chance of landing a critical hit.,Flying,Special,Area,3,"Special Flying area; target tile at range 3, proposed cost 3 AP; use the unchanged Power with the shared damage formula. Move rule: Has an increased chance for a critical hit.; Additional implementation: change critical-hit odds; add a seeded 95% accuracy check. NEW RULES: add resolution, target preview, validation, and enemy AI scoring."
Overheat,130,3,Unit,The user attacks the target with all its might. The recoil from this move harshly lowers the user's Sp. Atk stat.,Fire,Special,Ranged,4,"Special Fire ranged; target unit at range 3, proposed cost 4 AP; use the unchanged Power with the shared damage formula. Move rule: Lowers the user’s Special Attack by two stages after inflicting damage.; Additional implementation: apply a chance-based stat change; add a seeded 90% accuracy check; apply self-damage or fainting after resolution. NEW RULES: add resolution, target preview, validation, and enemy AI scoring."
Odor Sleuth,,0,Unavailable,"This move can’t be used. It’s recommended that this move is forgotten. Once forgotten, this move can’t be remembered.",Normal,Status,Unavailable,0,"REFERENCE ONLY: Exclude from learnsets, AI choices, and battle selection because the source marks this move unusable."
Rock Tomb,60,1,Unit,The user hurls boulders at the target to inflict damage. This also lowers the target's Speed stat by cutting off its movement.,Rock,Physical,Melee,2,"Physical Rock melee; target unit at range 1, proposed cost 2 AP; use the unchanged Power with the shared damage formula. Move rule: Has a chance to lower the target’s Speed by one stage.; Additional implementation: apply a chance-based stat change; add a seeded 95% accuracy check; add accuracy/evasion or Speed-stage state. NEW RULES: add resolution, target preview, validation, and enemy AI scoring."
Silver Wind,60,0,Unavailable,"This move can’t be used. It’s recommended that this move is forgotten. Once forgotten, this move can’t be remembered.",Bug,Special,Unavailable,0,"REFERENCE ONLY: Exclude from learnsets, AI choices, and battle selection because the source marks this move unusable."
Metal Sound,,3,Unit,A horrible sound like scraping metal harshly lowers the target's Sp. Def stat.,Steel,Status,Status,1,"Status Steel status; target unit at range 3, proposed cost 1 AP. Move rule: Lowers the target’s Special Defense by two stages.; Additional implementation: add a seeded 85% accuracy check. NEW RULES: add resolution, target preview, validation, and enemy AI scoring."
Grass Whistle,,0,Unavailable,"This move can’t be used. It’s recommended that this move is forgotten. Once forgotten, this move can’t be remembered.",Grass,Status,Unavailable,0,"REFERENCE ONLY: Exclude from learnsets, AI choices, and battle selection because the source marks this move unusable."
Tickle,,3,Unit,"The user tickles the target into laughing, lowering its Attack and Defense stats.",Normal,Status,Status,1,"Status Normal status; target unit at range 3, proposed cost 1 AP. Move rule: Lowers the target’s Attack and Defense by one stage. CURRENT RULES: reuse shared damage and existing effect handlers."
Cosmic Power,,0,Self,The user absorbs a mystical power from space to boost its Defense and Sp. Def stats.,Psychic,Status,Self,1,"Status Psychic self; target self at range 0, proposed cost 1 AP. Move rule: Raises the user’s Defense and Special Defense by one stage. CURRENT RULES: reuse shared damage and existing effect handlers."
Water Spout,150,3,Tile,"The user spouts water to damage opposing Pokémon. The lower the user's HP, the lower the move's power.",Water,Special,Area,4,"Special Water area; target tile at range 3, proposed cost 4 AP; use the unchanged Power with the shared damage formula. Move rule: Inflicts more damage when the user has more HP remaining, with a maximum of 150 power. NEW RULES: add resolution, target preview, validation, and enemy AI scoring."
Signal Beam,75,0,Unavailable,"This move can’t be used. It’s recommended that this move is forgotten. Once forgotten, this move can’t be remembered.",Bug,Special,Unavailable,0,"REFERENCE ONLY: Exclude from learnsets, AI choices, and battle selection because the source marks this move unusable."
Shadow Punch,60,1,Unit,The user throws a punch from the shadows. This attack never misses.,Ghost,Physical,Melee,2,"Physical Ghost melee; target unit at range 1, proposed cost 2 AP; use the unchanged Power with the shared damage formula. Move rule: Never misses. NEW RULES: add resolution, target preview, validation, and enemy AI scoring."
Extrasensory,80,3,Unit,"The user attacks with an odd, unseeable power. This may also make the target flinch.",Psychic,Special,Ranged,2,"Special Psychic ranged; target unit at range 3, proposed cost 2 AP; use the unchanged Power with the shared damage formula. Move rule: Has a chance to make the target flinch.; Additional implementation: apply the flinch chance and delay the next action. NEW RULES: add resolution, target preview, validation, and enemy AI scoring."
Sky Uppercut,85,0,Unavailable,"This move can’t be used. It’s recommended that this move is forgotten. Once forgotten, this move can’t be remembered.",Fighting,Physical,Unavailable,0,"REFERENCE ONLY: Exclude from learnsets, AI choices, and battle selection because the source marks this move unusable."
Sand Tomb,35,1,Unit,The user traps the target inside a harshly raging sandstorm that inflicts damage for four to five turns.,Ground,Physical,Melee,1,"Physical Ground melee; target unit at range 1, proposed cost 1 AP; use the unchanged Power with the shared damage formula. Move rule: Prevents the target from fleeing and inflicts damage for 2-5 turns.; Additional implementation: add trap status; add a seeded 85% accuracy check. NEW RULES: add resolution, target preview, validation, and enemy AI scoring."
Sheer Cold,,3,Unit,The target faints instantly. This move is less likely to hit the target if used by Pokémon other than Ice types.,Ice,Special,Ranged,4,"Special Ice ranged; target unit at range 3, proposed cost 4 AP; use the unchanged Power with the shared damage formula. Move rule: Causes a one-hit KO.; Additional implementation: add a seeded 30% accuracy check; add the one-hit-knockout check. NEW RULES: add resolution, target preview, validation, and enemy AI scoring."
Muddy Water,90,3,Tile,The user attacks by shooting muddy water at opposing Pokémon. This may also lower their accuracy.,Water,Special,Area,4,"Special Water area; target tile at range 3, proposed cost 4 AP; use the unchanged Power with the shared damage formula. Move rule: Has a chance to lower the target’s accuracy by one stage.; Additional implementation: apply a chance-based stat change; add a seeded 85% accuracy check; add accuracy/evasion or Speed-stage state. NEW RULES: add resolution, target preview, validation, and enemy AI scoring."
Bullet Seed,25,3,Unit,The user attacks by forcefully shooting seeds at the target. This move hits two to five times in a row.,Grass,Physical,Ranged,1,"Physical Grass ranged; target unit at range 3, proposed cost 1 AP; use the unchanged Power with the shared damage formula. Move rule: Hits 2-5 times in one turn.; Additional implementation: resolve 2–5 separate hits without altering listed per-hit Power. NEW RULES: add resolution, target preview, validation, and enemy AI scoring."
Aerial Ace,60,1,Unit,"The user confounds the target with speed, then slashes. This attack never misses.",Flying,Physical,Melee,2,"Physical Flying melee; target unit at range 1, proposed cost 2 AP; use the unchanged Power with the shared damage formula. Move rule: Never misses. NEW RULES: add resolution, target preview, validation, and enemy AI scoring."
Icicle Spear,25,1,Unit,The user attacks by launching sharp icicles at the target. This move hits two to five times in a row.,Ice,Physical,Melee,1,"Physical Ice melee; target unit at range 1, proposed cost 1 AP; use the unchanged Power with the shared damage formula. Move rule: Hits 2-5 times in one turn.; Additional implementation: resolve 2–5 separate hits without altering listed per-hit Power. NEW RULES: add resolution, target preview, validation, and enemy AI scoring."
Iron Defense,,0,Self,"The user hardens its body's surface like iron, sharply boosting its Defense stat.",Steel,Status,Self,1,"Status Steel self; target self at range 0, proposed cost 1 AP. Move rule: Raises the user’s Defense by two stages. CURRENT RULES: reuse shared damage and existing effect handlers."
Block,,3,Unit,The user blocks the target's way with arms spread wide to prevent the target from fleeing.,Normal,Status,Status,1,"Status Normal status; target unit at range 3, proposed cost 1 AP. Move rule: Prevents the target from leaving battle. NEW RULES: add resolution, target preview, validation, and enemy AI scoring."
Howl,,0,Self,The user howls loudly to rouse itself and its allies. This boosts their Attack stats.,Normal,Status,Field,4,"Status Normal field; target self at range 0, proposed cost 4 AP. Move rule: Raises the user’s Attack by one stage. CURRENT RULES: reuse shared damage and existing effect handlers."
Dragon Claw,80,1,Unit,"The user slashes the target with huge, sharp claws to inflict damage.",Dragon,Physical,Melee,2,"Physical Dragon melee; target unit at range 1, proposed cost 2 AP; use the unchanged Power with the shared damage formula. Move rule: no secondary effect beyond the listed damage. CURRENT RULES: reuse shared damage and existing effect handlers."
Frenzy Plant,150,3,Unit,The user slams the target with the roots of an enormous tree. The user can't move on the next turn.,Grass,Special,Ranged,4,"Special Grass ranged; target unit at range 3, proposed cost 4 AP; use the unchanged Power with the shared damage formula. Move rule: User foregoes its next turn to recharge.; Additional implementation: add a seeded 90% accuracy check; add charge or consecutive-action state. NEW RULES: add resolution, target preview, validation, and enemy AI scoring."
Bulk Up,,0,Self,"The user tenses its muscles to bulk up its body, boosting its Attack and Defense stats.",Fighting,Status,Self,1,"Status Fighting self; target self at range 0, proposed cost 1 AP. Move rule: Raises the user’s Attack and Defense by one stage. CURRENT RULES: reuse shared damage and existing effect handlers."
Bounce,85,1,Unit,"The user bounces up high on the first turn, then drops onto the target on the next turn. This may also leave the target with paralysis.",Flying,Physical,Melee,3,"Physical Flying melee; target unit at range 1, proposed cost 3 AP; use the unchanged Power with the shared damage formula. Move rule: User bounces high into the air, dodging all attacks, and hits next turn.; Additional implementation: add a seeded 85% accuracy check; add charge or consecutive-action state. NEW RULES: add resolution, target preview, validation, and enemy AI scoring."
Mud Shot,55,3,Unit,The user attacks by hurling a blob of mud at the target. This also lowers the target's Speed stat.,Ground,Special,Ranged,2,"Special Ground ranged; target unit at range 3, proposed cost 2 AP; use the unchanged Power with the shared damage formula. Move rule: Has a chance to lower the target’s Speed by one stage.; Additional implementation: apply a chance-based stat change; add a seeded 95% accuracy check; add accuracy/evasion or Speed-stage state. NEW RULES: add resolution, target preview, validation, and enemy AI scoring."
Poison Tail,50,1,Unit,The user hits the target with its tail. This move has a heightened chance of landing a critical hit and may also poison the target.,Poison,Physical,Melee,1,"Physical Poison melee; target unit at range 1, proposed cost 1 AP; use the unchanged Power with the shared damage formula. Move rule: Has an increased chance for a critical hit and a chance to poison the target.; Additional implementation: change critical-hit odds; add poison status. NEW RULES: add resolution, target preview, validation, and enemy AI scoring."
Covet,60,1,Unit,"The user endearingly approaches the target, then steals the target's held item.",Normal,Physical,Melee,2,"Physical Normal melee; target unit at range 1, proposed cost 2 AP; use the unchanged Power with the shared damage formula. Move rule: Takes the target’s item. NEW RULES: add resolution, target preview, validation, and enemy AI scoring."
Volt Tackle,120,1,Unit,The user electrifies itself and charges the target. This also damages the user quite a lot. This attack may leave the target with paralysis.,Electric,Physical,Melee,4,"Physical Electric melee; target unit at range 1, proposed cost 4 AP; use the unchanged Power with the shared damage formula. Move rule: User takes 1/3 the damage inflicted in recoil.  Has a chance to paralyze the target.; Additional implementation: apply 33% damage recoil; apply self-damage or fainting after resolution. NEW RULES: add resolution, target preview, validation, and enemy AI scoring."
Magical Leaf,60,3,Unit,The user scatters curious leaves that chase the target. This attack never misses.,Grass,Special,Ranged,2,"Special Grass ranged; target unit at range 3, proposed cost 2 AP; use the unchanged Power with the shared damage formula. Move rule: Never misses. NEW RULES: add resolution, target preview, validation, and enemy AI scoring."
Water Sport,,0,Unavailable,"This move can’t be used. It’s recommended that this move is forgotten. Once forgotten, this move can’t be remembered.",Water,Status,Unavailable,0,"REFERENCE ONLY: Exclude from learnsets, AI choices, and battle selection because the source marks this move unusable."
Calm Mind,,0,Self,The user quietly focuses its mind and calms its spirit to boost its Sp. Atk and Sp. Def stats.,Psychic,Status,Self,1,"Status Psychic self; target self at range 0, proposed cost 1 AP. Move rule: Raises the user’s Special Attack and Special Defense by one stage. CURRENT RULES: reuse shared damage and existing effect handlers."
Leaf Blade,90,3,Unit,The user handles a sharp leaf like a sword and cuts the target to inflict damage. This move has a heightened chance of landing a critical hit.,Grass,Physical,Ranged,3,"Physical Grass ranged; target unit at range 3, proposed cost 3 AP; use the unchanged Power with the shared damage formula. Move rule: Has an increased chance for a critical hit.; Additional implementation: change critical-hit odds. NEW RULES: add resolution, target preview, validation, and enemy AI scoring."
Dragon Dance,,0,Self,"The user vigorously performs a mystic, powerful dance that boosts its Attack and Speed stats.",Dragon,Status,Self,1,"Status Dragon self; target self at range 0, proposed cost 1 AP. Move rule: Raises the user’s Attack and Speed by one stage.; Additional implementation: add accuracy/evasion or Speed-stage state. NEW RULES: add resolution, target preview, validation, and enemy AI scoring."
Rock Blast,25,3,Unit,The user attacks by hurling hard rocks at the target. This move hits two to five times in a row.,Rock,Physical,Ranged,1,"Physical Rock ranged; target unit at range 3, proposed cost 1 AP; use the unchanged Power with the shared damage formula. Move rule: Hits 2-5 times in one turn.; Additional implementation: resolve 2–5 separate hits without altering listed per-hit Power; add a seeded 90% accuracy check. NEW RULES: add resolution, target preview, validation, and enemy AI scoring."
Shock Wave,60,3,Unit,The user strikes the target with a quick jolt of electricity. This attack never misses.,Electric,Special,Ranged,2,"Special Electric ranged; target unit at range 3, proposed cost 2 AP; use the unchanged Power with the shared damage formula. Move rule: Never misses. NEW RULES: add resolution, target preview, validation, and enemy AI scoring."
Water Pulse,60,3,Unit,The user attacks the target with a pulsing blast of water. This may also confuse the target.,Water,Special,Ranged,2,"Special Water ranged; target unit at range 3, proposed cost 2 AP; use the unchanged Power with the shared damage formula. Move rule: Has a chance to confuse the target.; Additional implementation: add confusion status. NEW RULES: add resolution, target preview, validation, and enemy AI scoring."
Doom Desire,140,3,Unit,"Two turns after this move is used, a concentrated bundle of light blasts the target.",Steel,Special,Ranged,4,"Special Steel ranged; target unit at range 3, proposed cost 4 AP; use the unchanged Power with the shared damage formula. Move rule: Hits the target two turns later. NEW RULES: add resolution, target preview, validation, and enemy AI scoring."
Psycho Boost,140,3,Unit,The user attacks the target with all its might. The recoil from this move harshly lowers the user's Sp. Atk stat.,Psychic,Special,Ranged,4,"Special Psychic ranged; target unit at range 3, proposed cost 4 AP; use the unchanged Power with the shared damage formula. Move rule: Lowers the user’s Special Attack by two stages after inflicting damage.; Additional implementation: apply a chance-based stat change; add a seeded 90% accuracy check; apply self-damage or fainting after resolution. NEW RULES: add resolution, target preview, validation, and enemy AI scoring."
Roost,,0,Self,The user lands and rests its body. This move restores the user's HP by up to half its max HP.,Flying,Status,Self,2,"Status Flying self; target self at range 0, proposed cost 2 AP. Move rule: Heals the user by half its max HP.; Additional implementation: restore 50% max HP. NEW RULES: add resolution, target preview, validation, and enemy AI scoring."
Gravity,,0,Self,Enables Flying types or Pokémon with the Levitate Ability to be hit by Ground-type moves for five turns. Moves that involve flying can't be used.,Psychic,Status,Field,4,"Status Psychic field; target self at range 0, proposed cost 4 AP. Move rule: Disables moves and immunities that involve flying or levitating for five turns. NEW RULES: add resolution, target preview, validation, and enemy AI scoring."
Miracle Eye,,0,Unavailable,"This move can’t be used. It’s recommended that this move is forgotten. Once forgotten, this move can’t be remembered.",Psychic,Status,Unavailable,0,"REFERENCE ONLY: Exclude from learnsets, AI choices, and battle selection because the source marks this move unusable."
Wake-Up Slap,70,0,Unavailable,"This move can’t be used. It’s recommended that this move is forgotten. Once forgotten, this move can’t be remembered.",Fighting,Physical,Unavailable,0,"REFERENCE ONLY: Exclude from learnsets, AI choices, and battle selection because the source marks this move unusable."
Hammer Arm,100,1,Unit,"The user swings its strong, heavy fist at the target to inflict damage. This also lowers the user's Speed stat.",Fighting,Physical,Melee,3,"Physical Fighting melee; target unit at range 1, proposed cost 3 AP; use the unchanged Power with the shared damage formula. Move rule: Lowers user’s Speed by one stage.; Additional implementation: apply a chance-based stat change; add a seeded 90% accuracy check; add accuracy/evasion or Speed-stage state. NEW RULES: add resolution, target preview, validation, and enemy AI scoring."
Gyro Ball,,3,Unit,"The user tackles the target with a high-speed spin. The slower the user is than the target, the greater the move's power.",Steel,Physical,Ranged,1,"Physical Steel ranged; target unit at range 3, proposed cost 1 AP; use the unchanged Power with the shared damage formula. Move rule: Power raises when the user has lower Speed, up to a maximum of 150. NEW RULES: add resolution, target preview, validation, and enemy AI scoring."
Healing Wish,,0,Self,"The user faints. In return, the Pokémon taking its place will have its HP restored and status conditions cured.",Psychic,Status,Self,2,"Status Psychic self; target self at range 0, proposed cost 2 AP. Move rule: User faints.  Its replacement has its HP fully restored and any major status effect removed.; Additional implementation: apply self-damage or fainting after resolution. NEW RULES: add resolution, target preview, validation, and enemy AI scoring."
Brine,65,3,Unit,This move's power is doubled if the target's HP is at half or less.,Water,Special,Ranged,2,"Special Water ranged; target unit at range 3, proposed cost 2 AP; use the unchanged Power with the shared damage formula. Move rule: Has double power against Pokémon that have less than half their max HP remaining.; Additional implementation: calculate condition-dependent damage while preserving listed Power; validate the move's stated condition. NEW RULES: add resolution, target preview, validation, and enemy AI scoring."
Natural Gift,,0,Unavailable,"This move can’t be used. It’s recommended that this move is forgotten. Once forgotten, this move can’t be remembered.",Normal,Physical,Unavailable,0,"REFERENCE ONLY: Exclude from learnsets, AI choices, and battle selection because the source marks this move unusable."
Feint,30,1,Unit,This attack can hit a target using a move such as Protect or Detect. This also lifts the effects of those moves.,Normal,Physical,Melee,1,"Physical Normal melee; target unit at range 1, proposed cost 1 AP; use the unchanged Power with the shared damage formula. Move rule: Hits through Protect and Detect.; Additional implementation: add move priority 2 to the AV scheduler; add the described protection or damage-reduction state. NEW RULES: add resolution, target preview, validation, and enemy AI scoring."
Pluck,60,1,Unit,"The user attacks by pecking the target. If the target is holding a Berry, the user eats it and gains its effect.",Flying,Physical,Melee,2,"Physical Flying melee; target unit at range 1, proposed cost 2 AP; use the unchanged Power with the shared damage formula. Move rule: If target has a berry, inflicts double damage and uses the berry.; Additional implementation: validate the move's stated condition. NEW RULES: add resolution, target preview, validation, and enemy AI scoring."
Tailwind,,0,Self,The user whips up a turbulent whirlwind that boosts the Speed stats of itself and its allies for four turns.,Flying,Status,Field,4,"Status Flying field; target self at range 0, proposed cost 4 AP. Move rule: For three turns, friendly Pokémon have doubled Speed. NEW RULES: add resolution, target preview, validation, and enemy AI scoring."
Acupressure,,3,Unit,"The user applies pressure to stress points, sharply boosting one of its or its allies' stats.",Normal,Status,Status,1,"Status Normal status; target unit at range 3, proposed cost 1 AP. Move rule: Raises one of a friendly Pokémon’s stats at random by two stages. NEW RULES: add resolution, target preview, validation, and enemy AI scoring."
Metal Burst,,1,Unit,The user retaliates with much greater force against the opponent that last inflicted damage on it.,Steel,Physical,Melee,1,"Physical Steel melee; target unit at range 1, proposed cost 1 AP; use the unchanged Power with the shared damage formula. Move rule: Strikes back at the last Pokémon to hit the user this turn with 1.5× the damage. NEW RULES: add resolution, target preview, validation, and enemy AI scoring."
U-turn,70,1,Unit,"After making its attack, the user rushes back to switch places with a party Pokémon in waiting.",Bug,Physical,Melee,2,"Physical Bug melee; target unit at range 1, proposed cost 2 AP; use the unchanged Power with the shared damage formula. Move rule: User must switch out after attacking.; Additional implementation: add a legal reserve-switch action. NEW RULES: add resolution, target preview, validation, and enemy AI scoring."
Close Combat,120,1,Unit,"The user fights the target up close, inflicting damage without guarding itself. This also lowers the user's Defense and Sp. Def stats.",Fighting,Physical,Melee,4,"Physical Fighting melee; target unit at range 1, proposed cost 4 AP; use the unchanged Power with the shared damage formula. Move rule: Lowers the user’s Defense and Special Defense by one stage after inflicting damage.; Additional implementation: apply a chance-based stat change. NEW RULES: add resolution, target preview, validation, and enemy AI scoring."
Payback,50,1,Unit,"The user stores power, then attacks. This move's power is doubled if the user moves after the target.",Dark,Physical,Melee,1,"Physical Dark melee; target unit at range 1, proposed cost 1 AP; use the unchanged Power with the shared damage formula. Move rule: Power is doubled if the target has already moved this turn.; Additional implementation: calculate condition-dependent damage while preserving listed Power; validate the move's stated condition. NEW RULES: add resolution, target preview, validation, and enemy AI scoring."
Assurance,60,1,Unit,This move's power is doubled if the target has already taken some damage in the same turn.,Dark,Physical,Melee,2,"Physical Dark melee; target unit at range 1, proposed cost 2 AP; use the unchanged Power with the shared damage formula. Move rule: Power is doubled if the target has already received damage this turn.; Additional implementation: calculate condition-dependent damage while preserving listed Power; validate the move's stated condition. NEW RULES: add resolution, target preview, validation, and enemy AI scoring."
Embargo,,0,Unavailable,"This move can’t be used. It’s recommended that this move is forgotten. Once forgotten, this move can’t be remembered.",Dark,Status,Unavailable,0,"REFERENCE ONLY: Exclude from learnsets, AI choices, and battle selection because the source marks this move unusable."
Fling,,1,Unit,The user flings its held item at the target to attack. This move's power and effects depend on the item.,Dark,Physical,Melee,1,"Physical Dark melee; target unit at range 1, proposed cost 1 AP; use the unchanged Power with the shared damage formula. Move rule: Throws held item at the target; power depends on the item.; Additional implementation: calculate condition-dependent damage while preserving listed Power. NEW RULES: add resolution, target preview, validation, and enemy AI scoring."
Psycho Shift,,3,Unit,"Using its psychic power of suggestion, the user transfers its status conditions to the target.",Psychic,Status,Status,1,"Status Psychic status; target unit at range 3, proposed cost 1 AP. Move rule: Transfers the user’s major status effect to the target. NEW RULES: add resolution, target preview, validation, and enemy AI scoring."
Trump Card,,0,Unavailable,"This move can’t be used. It’s recommended that this move is forgotten. Once forgotten, this move can’t be remembered.",Normal,Special,Unavailable,0,"REFERENCE ONLY: Exclude from learnsets, AI choices, and battle selection because the source marks this move unusable."
Heal Block,,0,Unavailable,"This move can’t be used. It’s recommended that this move is forgotten. Once forgotten, this move can’t be remembered.",Psychic,Status,Unavailable,0,"REFERENCE ONLY: Exclude from learnsets, AI choices, and battle selection because the source marks this move unusable."
Wring Out,,0,Unavailable,"This move can’t be used. It’s recommended that this move is forgotten. Once forgotten, this move can’t be remembered.",Normal,Special,Unavailable,0,"REFERENCE ONLY: Exclude from learnsets, AI choices, and battle selection because the source marks this move unusable."
Power Trick,,0,Self,The user employs its psychic power to switch its Attack stat with its Defense stat.,Psychic,Status,Self,1,"Status Psychic self; target self at range 0, proposed cost 1 AP. Move rule: User swaps Attack and Defense.; Additional implementation: add a legal reserve-switch action; add the described type, ability, or stat-conversion rule. NEW RULES: add resolution, target preview, validation, and enemy AI scoring."
Gastro Acid,,3,Unit,The user hurls up its stomach acids on the target. The fluid eliminates the effect of the target's Ability.,Poison,Status,Status,1,"Status Poison status; target unit at range 3, proposed cost 1 AP. Move rule: Nullifies target’s ability until it leaves battle. NEW RULES: add resolution, target preview, validation, and enemy AI scoring."
Lucky Chant,,0,Unavailable,"This move can’t be used. It’s recommended that this move is forgotten. Once forgotten, this move can’t be remembered.",Normal,Status,Unavailable,0,"REFERENCE ONLY: Exclude from learnsets, AI choices, and battle selection because the source marks this move unusable."
Me First,,0,Unavailable,"This move can’t be used. It’s recommended that this move is forgotten. Once forgotten, this move can’t be remembered.",Normal,Status,Unavailable,0,"REFERENCE ONLY: Exclude from learnsets, AI choices, and battle selection because the source marks this move unusable."
Copycat,,0,Self,The user mimics the move used immediately before it. The move fails if no other move has been used yet.,Normal,Status,Self,1,"Status Normal self; target self at range 0, proposed cost 1 AP. Move rule: Uses the target’s last used move.; Additional implementation: add move PP tracking; validate the move's stated condition. NEW RULES: add resolution, target preview, validation, and enemy AI scoring."
Power Swap,,3,Unit,The user employs its psychic power to switch changes to its Attack and Sp. Atk stats with the target.,Psychic,Status,Status,1,"Status Psychic status; target unit at range 3, proposed cost 1 AP. Move rule: User swaps Attack and Special Attack changes with the target.; Additional implementation: add a legal reserve-switch action. NEW RULES: add resolution, target preview, validation, and enemy AI scoring."
Guard Swap,,3,Unit,The user employs its psychic power to switch changes to its Defense and Sp. Def stats with the target.,Psychic,Status,Status,1,"Status Psychic status; target unit at range 3, proposed cost 1 AP. Move rule: User swaps Defense and Special Defense changes with the target.; Additional implementation: add a legal reserve-switch action. NEW RULES: add resolution, target preview, validation, and enemy AI scoring."
Punishment,,0,Unavailable,"This move can’t be used. It’s recommended that this move is forgotten. Once forgotten, this move can’t be remembered.",Dark,Physical,Unavailable,0,"REFERENCE ONLY: Exclude from learnsets, AI choices, and battle selection because the source marks this move unusable."
Last Resort,140,1,Unit,This move can be used only after the user has used all the other moves it knows in the battle.,Normal,Physical,Melee,4,"Physical Normal melee; target unit at range 1, proposed cost 4 AP; use the unchanged Power with the shared damage formula. Move rule: Can only be used after all of the user’s other moves have been used. NEW RULES: add resolution, target preview, validation, and enemy AI scoring."
Worry Seed,,3,Unit,A seed that causes worry is planted on the target. It prevents sleep by making the target's Ability Insomnia.,Grass,Status,Status,1,"Status Grass status; target unit at range 3, proposed cost 1 AP. Move rule: Changes the target’s ability to Insomnia. NEW RULES: add resolution, target preview, validation, and enemy AI scoring."
Sucker Punch,70,1,Unit,This move enables the user to attack first. This move fails if the target is not readying an attack.,Dark,Physical,Melee,2,"Physical Dark melee; target unit at range 1, proposed cost 2 AP; use the unchanged Power with the shared damage formula. Move rule: Only works if the target is about to use a damaging move.; Additional implementation: add move priority 1 to the AV scheduler; validate the move's stated condition. NEW RULES: add resolution, target preview, validation, and enemy AI scoring."
Toxic Spikes,,3,Tile,The user lays a trap of poison spikes at the feet of the opposing team. The spikes will poison opposing Pokémon that switch into battle.,Poison,Status,Area,1,"Status Poison area; target tile at range 3, proposed cost 1 AP. Move rule: Scatters poisoned spikes, poisoning opposing Pokémon that switch in.; Additional implementation: add a legal reserve-switch action. NEW RULES: add resolution, target preview, validation, and enemy AI scoring."
Heart Swap,,3,Unit,The user employs its psychic power to switch stat changes with the target.,Psychic,Status,Status,1,"Status Psychic status; target unit at range 3, proposed cost 1 AP. Move rule: User and target swap stat changes.; Additional implementation: add a legal reserve-switch action; add the described type, ability, or stat-conversion rule. NEW RULES: add resolution, target preview, validation, and enemy AI scoring."
Aqua Ring,,0,Self,The user envelops itself in a veil made of water. It regains some HP every turn.,Water,Status,Self,1,"Status Water self; target self at range 0, proposed cost 1 AP. Move rule: Restores 1/16 of the user’s max HP each turn.; Additional implementation: add the stated field, terrain, or recurring-damage state; add HP recovery or revival resolution. NEW RULES: add resolution, target preview, validation, and enemy AI scoring."
Magnet Rise,,0,Self,The user levitates using electrically generated magnetism for five turns.,Electric,Status,Self,1,"Status Electric self; target self at range 0, proposed cost 1 AP. Move rule: User is immune to Ground moves and effects for five turns. NEW RULES: add resolution, target preview, validation, and enemy AI scoring."
Flare Blitz,120,3,Unit,The user cloaks itself in fire and charges the target to inflict damage. This also damages the user quite a lot and may leave the target with a burn.,Fire,Physical,Ranged,4,"Physical Fire ranged; target unit at range 3, proposed cost 4 AP; use the unchanged Power with the shared damage formula. Move rule: User takes 1/3 the damage inflicted in recoil.  Has a chance to burn the target.; Additional implementation: apply 33% damage recoil; apply self-damage or fainting after resolution. NEW RULES: add resolution, target preview, validation, and enemy AI scoring."
Force Palm,60,3,Unit,The target is attacked with a shock wave. This may also leave the target with paralysis.,Fighting,Physical,Ranged,2,"Physical Fighting ranged; target unit at range 3, proposed cost 2 AP; use the unchanged Power with the shared damage formula. Move rule: Has a chance to paralyze the target. CURRENT RULES: reuse shared damage and existing effect handlers."
Aura Sphere,80,3,Unit,The user lets loose a pulse of aura power from deep within its body at the target. This attack never misses.,Fighting,Special,Ranged,2,"Special Fighting ranged; target unit at range 3, proposed cost 2 AP; use the unchanged Power with the shared damage formula. Move rule: Never misses. NEW RULES: add resolution, target preview, validation, and enemy AI scoring."
Rock Polish,,0,Self,The user polishes its body to reduce drag. This sharply boosts the user's Speed stat.,Rock,Status,Self,1,"Status Rock self; target self at range 0, proposed cost 1 AP. Move rule: Raises the user’s Speed by two stages.; Additional implementation: add accuracy/evasion or Speed-stage state. NEW RULES: add resolution, target preview, validation, and enemy AI scoring."
Poison Jab,80,1,Unit,"The target is stabbed with a tentacle, an arm, or the like steeped in poison. This may also poison the target.",Poison,Physical,Melee,2,"Physical Poison melee; target unit at range 1, proposed cost 2 AP; use the unchanged Power with the shared damage formula. Move rule: Has a chance to poison the target.; Additional implementation: add poison status. NEW RULES: add resolution, target preview, validation, and enemy AI scoring."
Dark Pulse,80,3,Unit,The user releases a horrible aura imbued with ill intent. This may also make the target flinch.,Dark,Special,Ranged,2,"Special Dark ranged; target unit at range 3, proposed cost 2 AP; use the unchanged Power with the shared damage formula. Move rule: Has a chance to make the target flinch.; Additional implementation: apply the flinch chance and delay the next action. NEW RULES: add resolution, target preview, validation, and enemy AI scoring."
Night Slash,70,1,Unit,The user slashes the target the instant an opportunity arises. This move has a heightened chance of landing a critical hit.,Dark,Physical,Melee,2,"Physical Dark melee; target unit at range 1, proposed cost 2 AP; use the unchanged Power with the shared damage formula. Move rule: Has an increased chance for a critical hit.; Additional implementation: change critical-hit odds. NEW RULES: add resolution, target preview, validation, and enemy AI scoring."
Aqua Tail,90,3,Unit,The user attacks by swinging its tail as if it were a vicious wave in a raging storm.,Water,Physical,Ranged,3,"Physical Water ranged; target unit at range 3, proposed cost 3 AP; use the unchanged Power with the shared damage formula. Move rule: no secondary effect beyond the listed damage.; Additional implementation: add a seeded 90% accuracy check. NEW RULES: add resolution, target preview, validation, and enemy AI scoring."
Seed Bomb,80,3,Unit,The user attacks by slamming a barrage of hard-shelled seeds down on the target from above.,Grass,Physical,Ranged,2,"Physical Grass ranged; target unit at range 3, proposed cost 2 AP; use the unchanged Power with the shared damage formula. Move rule: no secondary effect beyond the listed damage. CURRENT RULES: reuse shared damage and existing effect handlers."
Air Slash,75,3,Unit,The user attacks with a blade of air that slices even the sky. This may also make the target flinch.,Flying,Special,Ranged,2,"Special Flying ranged; target unit at range 3, proposed cost 2 AP; use the unchanged Power with the shared damage formula. Move rule: Has a chance to make the target flinch.; Additional implementation: apply the flinch chance and delay the next action; add a seeded 95% accuracy check. NEW RULES: add resolution, target preview, validation, and enemy AI scoring."
X-Scissor,80,1,Unit,"The user slashes at the target by crossing its scythes, claws, or the like as if they were a pair of scissors.",Bug,Physical,Melee,2,"Physical Bug melee; target unit at range 1, proposed cost 2 AP; use the unchanged Power with the shared damage formula. Move rule: no secondary effect beyond the listed damage. CURRENT RULES: reuse shared damage and existing effect handlers."
Bug Buzz,90,3,Unit,The user vibrates to generate a damaging sound wave. This may also lower the target's Sp. Def stat.,Bug,Special,Ranged,3,"Special Bug ranged; target unit at range 3, proposed cost 3 AP; use the unchanged Power with the shared damage formula. Move rule: Has a chance to lower the target’s Special Defense by one stage.; Additional implementation: apply a chance-based stat change. NEW RULES: add resolution, target preview, validation, and enemy AI scoring."
Dragon Pulse,85,3,Unit,The target is attacked with a shock wave generated by the user's gaping mouth.,Dragon,Special,Ranged,3,"Special Dragon ranged; target unit at range 3, proposed cost 3 AP; use the unchanged Power with the shared damage formula. Move rule: no secondary effect beyond the listed damage. CURRENT RULES: reuse shared damage and existing effect handlers."
Dragon Rush,100,1,Unit,The user tackles the target while exhibiting overwhelming menace. This may also make the target flinch.,Dragon,Physical,Melee,3,"Physical Dragon melee; target unit at range 1, proposed cost 3 AP; use the unchanged Power with the shared damage formula. Move rule: Has a chance to make the target flinch.; Additional implementation: apply the flinch chance and delay the next action; add a seeded 75% accuracy check. NEW RULES: add resolution, target preview, validation, and enemy AI scoring."
Power Gem,80,3,Unit,The user attacks with a ray of light that sparkles as if it were made of gemstones.,Rock,Special,Ranged,2,"Special Rock ranged; target unit at range 3, proposed cost 2 AP; use the unchanged Power with the shared damage formula. Move rule: no secondary effect beyond the listed damage. CURRENT RULES: reuse shared damage and existing effect handlers."
Drain Punch,75,3,Unit,The user attacks with an energy-draining punch. The user's HP is restored by up to half the damage taken by the target.,Fighting,Physical,Ranged,2,"Physical Fighting ranged; target unit at range 3, proposed cost 2 AP; use the unchanged Power with the shared damage formula. Move rule: Drains half the damage inflicted to heal the user.; Additional implementation: restore 50% of damage dealt; add HP recovery or revival resolution. NEW RULES: add resolution, target preview, validation, and enemy AI scoring."
Vacuum Wave,40,3,Unit,The user whirls its fists to send a wave of pure vacuum at the target. This move always goes first.,Fighting,Special,Ranged,1,"Special Fighting ranged; target unit at range 3, proposed cost 1 AP; use the unchanged Power with the shared damage formula. Move rule: no secondary effect beyond the listed damage.; Additional implementation: add move priority 1 to the AV scheduler. NEW RULES: add resolution, target preview, validation, and enemy AI scoring."
Focus Blast,120,3,Unit,The user heightens its mental focus and unleashes its power. This may also lower the target's Sp. Def stat.,Fighting,Special,Ranged,4,"Special Fighting ranged; target unit at range 3, proposed cost 4 AP; use the unchanged Power with the shared damage formula. Move rule: Has a chance to lower the target’s Special Defense by one stage.; Additional implementation: apply a chance-based stat change; add a seeded 70% accuracy check. NEW RULES: add resolution, target preview, validation, and enemy AI scoring."
Energy Ball,90,3,Unit,The user draws power from nature and fires it at the target. This may also lower the target's Sp. Def stat.,Grass,Special,Ranged,3,"Special Grass ranged; target unit at range 3, proposed cost 3 AP; use the unchanged Power with the shared damage formula. Move rule: Has a chance to lower the target’s Special Defense by one stage.; Additional implementation: apply a chance-based stat change. NEW RULES: add resolution, target preview, validation, and enemy AI scoring."
Brave Bird,120,1,Unit,The user tucks in its wings and charges at a low altitude. This also damages the user quite a lot.,Flying,Physical,Melee,4,"Physical Flying melee; target unit at range 1, proposed cost 4 AP; use the unchanged Power with the shared damage formula. Move rule: User receives 1/3 the damage inflicted in recoil.; Additional implementation: apply 33% damage recoil; apply self-damage or fainting after resolution. NEW RULES: add resolution, target preview, validation, and enemy AI scoring."
Earth Power,90,3,Unit,The user makes the ground under the target erupt with power. This may also lower the target's Sp. Def stat.,Ground,Special,Ranged,3,"Special Ground ranged; target unit at range 3, proposed cost 3 AP; use the unchanged Power with the shared damage formula. Move rule: Has a chance to lower the target’s Special Defense by one stage.; Additional implementation: apply a chance-based stat change. NEW RULES: add resolution, target preview, validation, and enemy AI scoring."
Switcheroo,,3,Unit,The user trades held items with the target faster than the eye can follow.,Dark,Status,Status,1,"Status Dark status; target unit at range 3, proposed cost 1 AP. Move rule: User and target swap items. NEW RULES: add resolution, target preview, validation, and enemy AI scoring."
Giga Impact,150,1,Unit,The user charges at the target using every bit of its power. The user can't move on the next turn.,Normal,Physical,Melee,4,"Physical Normal melee; target unit at range 1, proposed cost 4 AP; use the unchanged Power with the shared damage formula. Move rule: User foregoes its next turn to recharge.; Additional implementation: add a seeded 90% accuracy check; add charge or consecutive-action state. NEW RULES: add resolution, target preview, validation, and enemy AI scoring."
Nasty Plot,,0,Self,The user stimulates its brain by thinking bad thoughts. This sharply boosts the user's Sp. Atk stat.,Dark,Status,Self,1,"Status Dark self; target self at range 0, proposed cost 1 AP. Move rule: Raises the user’s Special Attack by two stages. CURRENT RULES: reuse shared damage and existing effect handlers."
Bullet Punch,40,3,Unit,The user strikes the target with tough punches as fast as bullets. This move always goes first.,Steel,Physical,Ranged,1,"Physical Steel ranged; target unit at range 3, proposed cost 1 AP; use the unchanged Power with the shared damage formula. Move rule: no secondary effect beyond the listed damage.; Additional implementation: add move priority 1 to the AV scheduler. NEW RULES: add resolution, target preview, validation, and enemy AI scoring."
Avalanche,60,1,Unit,This move's power is doubled if the target has inflicted damage on the user in the same turn.,Ice,Physical,Melee,2,"Physical Ice melee; target unit at range 1, proposed cost 2 AP; use the unchanged Power with the shared damage formula. Move rule: Inflicts double damage if the user takes damage before attacking this turn.; Additional implementation: add move priority -4 to the AV scheduler; calculate condition-dependent damage while preserving listed Power; validate the move's stated condition. NEW RULES: add resolution, target preview, validation, and enemy AI scoring."
Ice Shard,40,1,Unit,The user flash-freezes chunks of ice and hurls them at the target. This move always goes first.,Ice,Physical,Melee,1,"Physical Ice melee; target unit at range 1, proposed cost 1 AP; use the unchanged Power with the shared damage formula. Move rule: no secondary effect beyond the listed damage.; Additional implementation: add move priority 1 to the AV scheduler. NEW RULES: add resolution, target preview, validation, and enemy AI scoring."
Shadow Claw,70,1,Unit,The user attacks by slashing the target with a sharp claw made from shadows. This move has a heightened chance of landing a critical hit.,Ghost,Physical,Melee,2,"Physical Ghost melee; target unit at range 1, proposed cost 2 AP; use the unchanged Power with the shared damage formula. Move rule: Has an increased chance for a critical hit.; Additional implementation: change critical-hit odds. NEW RULES: add resolution, target preview, validation, and enemy AI scoring."
Thunder Fang,65,1,Unit,The user bites with electrified fangs. This may also make the target flinch or leave it with paralysis.,Electric,Physical,Melee,2,"Physical Electric melee; target unit at range 1, proposed cost 2 AP; use the unchanged Power with the shared damage formula. Move rule: Has a chance to paralyze the target and a chance to make the target flinch.; Additional implementation: apply the flinch chance and delay the next action; add a seeded 95% accuracy check. NEW RULES: add resolution, target preview, validation, and enemy AI scoring."
Ice Fang,65,1,Unit,The user bites with cold-infused fangs. This may also make the target flinch or leave it frozen.,Ice,Physical,Melee,2,"Physical Ice melee; target unit at range 1, proposed cost 2 AP; use the unchanged Power with the shared damage formula. Move rule: Has a chance to freeze the target and a chance to make the target flinch.; Additional implementation: apply the flinch chance and delay the next action; add freeze status; add a seeded 95% accuracy check. NEW RULES: add resolution, target preview, validation, and enemy AI scoring."
Fire Fang,65,3,Unit,The user bites with flame-cloaked fangs. This may also make the target flinch or leave it with a burn.,Fire,Physical,Ranged,2,"Physical Fire ranged; target unit at range 3, proposed cost 2 AP; use the unchanged Power with the shared damage formula. Move rule: Has a chance to burn the target and a chance to make the target flinch.; Additional implementation: apply the flinch chance and delay the next action; add a seeded 95% accuracy check. NEW RULES: add resolution, target preview, validation, and enemy AI scoring."
Shadow Sneak,40,1,Unit,The user extends its shadow and attacks the target from behind. This move always goes first.,Ghost,Physical,Melee,1,"Physical Ghost melee; target unit at range 1, proposed cost 1 AP; use the unchanged Power with the shared damage formula. Move rule: no secondary effect beyond the listed damage.; Additional implementation: add move priority 1 to the AV scheduler. NEW RULES: add resolution, target preview, validation, and enemy AI scoring."
Mud Bomb,65,0,Unavailable,"This move can’t be used. It’s recommended that this move is forgotten. Once forgotten, this move can’t be remembered.",Ground,Special,Unavailable,0,"REFERENCE ONLY: Exclude from learnsets, AI choices, and battle selection because the source marks this move unusable."
Psycho Cut,70,1,Unit,The user tears at the target with blades formed by psychic power. This move has a heightened chance of landing a critical hit.,Psychic,Physical,Melee,2,"Physical Psychic melee; target unit at range 1, proposed cost 2 AP; use the unchanged Power with the shared damage formula. Move rule: Has an increased chance for a critical hit.; Additional implementation: change critical-hit odds. NEW RULES: add resolution, target preview, validation, and enemy AI scoring."
Zen Headbutt,80,1,Unit,The user focuses its willpower to its head and attacks the target. This may also make the target flinch.,Psychic,Physical,Melee,2,"Physical Psychic melee; target unit at range 1, proposed cost 2 AP; use the unchanged Power with the shared damage formula. Move rule: Has a chance to make the target flinch.; Additional implementation: apply the flinch chance and delay the next action; add a seeded 90% accuracy check. NEW RULES: add resolution, target preview, validation, and enemy AI scoring."
Mirror Shot,65,0,Unavailable,"This move can’t be used. It’s recommended that this move is forgotten. Once forgotten, this move can’t be remembered.",Steel,Special,Unavailable,0,"REFERENCE ONLY: Exclude from learnsets, AI choices, and battle selection because the source marks this move unusable."
Flash Cannon,80,3,Unit,The user gathers all its light energy and releases it at once. This may also lower the target's Sp. Def stat.,Steel,Special,Ranged,2,"Special Steel ranged; target unit at range 3, proposed cost 2 AP; use the unchanged Power with the shared damage formula. Move rule: Has a chance to lower the target’s Special Defense by one stage.; Additional implementation: apply a chance-based stat change. NEW RULES: add resolution, target preview, validation, and enemy AI scoring."
Rock Climb,90,0,Unavailable,"This move can’t be used. It’s recommended that this move is forgotten. Once forgotten, this move can’t be remembered.",Normal,Physical,Unavailable,0,"REFERENCE ONLY: Exclude from learnsets, AI choices, and battle selection because the source marks this move unusable."
Defog,,3,Unit,A strong wind blows away the target's barriers such as Reflect or Light Screen. This also lowers the target's evasiveness.,Flying,Status,Status,1,"Status Flying status; target unit at range 3, proposed cost 1 AP. Move rule: Lowers the target’s evasion by one stage.  Removes field effects from the enemy field.; Additional implementation: add accuracy/evasion or Speed-stage state; add the described protection or damage-reduction state. NEW RULES: add resolution, target preview, validation, and enemy AI scoring."
Trick Room,0,0,Self,"Game implementation: Psychic Status move costing 4 AP. Creates a global field for five AV cycles (10,000 AV); timeline Speed becomes 25 / effective Speed, so lower-Speed Pokémon act sooner and more often. Casting it again ends the field.",Psychic,Status,Field,4,CURRENT: Cast for 4 AP; reverse timeline speed to 25/effective Speed for five global cycles; casting again ends the field.
Draco Meteor,130,3,Unit,Comets are summoned down from the sky onto the target. The recoil from this move harshly lowers the user’s Sp. Atk stat.,Dragon,Special,Ranged,4,"Special Dragon ranged; target unit at range 3, proposed cost 4 AP; use the unchanged Power with the shared damage formula. Move rule: Lowers the user’s Special Attack by two stages after inflicting damage.; Additional implementation: apply a chance-based stat change; add a seeded 90% accuracy check; apply self-damage or fainting after resolution. NEW RULES: add resolution, target preview, validation, and enemy AI scoring."
Discharge,80,1,Tile,The user strikes everything around it by letting loose a flare of electricity. This may also leave those hit by the attack with paralysis.,Electric,Special,Area,3,"Special Electric area; target tile at range 1, proposed cost 3 AP; use the unchanged Power with the shared damage formula. Move rule: Has a chance to paralyze the target. CURRENT RULES: reuse shared damage and existing effect handlers."
Lava Plume,80,1,Tile,The user torches everything around it in an inferno of scarlet flames. This may also leave those it hits with a burn.,Fire,Special,Area,3,"Special Fire area; target tile at range 1, proposed cost 3 AP; use the unchanged Power with the shared damage formula. Move rule: Has a chance to burn the target. CURRENT RULES: reuse shared damage and existing effect handlers."
Leaf Storm,130,1,Unit,The user whips up a storm of leaves around the target. The recoil from this move harshly lowers the user's Sp. Atk stat.,Grass,Special,Ranged,4,"Special Grass ranged; target unit at range 1, proposed cost 4 AP; use the unchanged Power with the shared damage formula. Move rule: Lowers the user’s Special Attack by two stages after inflicting damage.; Additional implementation: apply a chance-based stat change; add a seeded 90% accuracy check; apply self-damage or fainting after resolution. NEW RULES: add resolution, target preview, validation, and enemy AI scoring."
Power Whip,120,1,Unit,"The user violently whirls its vines, tentacles, or the like to lash the target.",Grass,Physical,Melee,4,"Physical Grass melee; target unit at range 1, proposed cost 4 AP; use the unchanged Power with the shared damage formula. Move rule: no secondary effect beyond the listed damage.; Additional implementation: add a seeded 85% accuracy check. NEW RULES: add resolution, target preview, validation, and enemy AI scoring."
Rock Wrecker,150,3,Unit,The user launches a huge boulder at the target to attack. The user can't move on the next turn.,Rock,Physical,Ranged,4,"Physical Rock ranged; target unit at range 3, proposed cost 4 AP; use the unchanged Power with the shared damage formula. Move rule: User foregoes its next turn to recharge.; Additional implementation: add a seeded 90% accuracy check; add charge or consecutive-action state. NEW RULES: add resolution, target preview, validation, and enemy AI scoring."
Cross Poison,70,1,Unit,A slashing attack with a poisonous blade that may also poison the target. This move has a heightened chance of landing a critical hit.,Poison,Physical,Melee,2,"Physical Poison melee; target unit at range 1, proposed cost 2 AP; use the unchanged Power with the shared damage formula. Move rule: Has an increased chance for a critical hit and a chance to poison the target.; Additional implementation: change critical-hit odds; add poison status. NEW RULES: add resolution, target preview, validation, and enemy AI scoring."
Gunk Shot,120,3,Unit,The user shoots filthy garbage at the target to attack. This may also poison the target.,Poison,Physical,Ranged,4,"Physical Poison ranged; target unit at range 3, proposed cost 4 AP; use the unchanged Power with the shared damage formula. Move rule: Has a chance to poison the target.; Additional implementation: add poison status; add a seeded 80% accuracy check. NEW RULES: add resolution, target preview, validation, and enemy AI scoring."
Iron Head,80,1,Unit,The user slams the target with its steel-hard head. This may also make the target flinch.,Steel,Physical,Melee,2,"Physical Steel melee; target unit at range 1, proposed cost 2 AP; use the unchanged Power with the shared damage formula. Move rule: Has a chance to make the target flinch.; Additional implementation: apply the flinch chance and delay the next action. NEW RULES: add resolution, target preview, validation, and enemy AI scoring."
Magnet Bomb,60,0,Unavailable,"This move can’t be used. It’s recommended that this move is forgotten. Once forgotten, this move can’t be remembered.",Steel,Physical,Unavailable,0,"REFERENCE ONLY: Exclude from learnsets, AI choices, and battle selection because the source marks this move unusable."
Stone Edge,100,1,Unit,The user stabs the target with sharpened stones. This move has a heightened chance of landing a critical hit.,Rock,Physical,Melee,3,"Physical Rock melee; target unit at range 1, proposed cost 3 AP; use the unchanged Power with the shared damage formula. Move rule: Has an increased chance for a critical hit.; Additional implementation: change critical-hit odds; add a seeded 80% accuracy check. NEW RULES: add resolution, target preview, validation, and enemy AI scoring."
Captivate,,0,Unavailable,"This move can’t be used. It’s recommended that this move is forgotten. Once forgotten, this move can’t be remembered.",Normal,Status,Unavailable,0,"REFERENCE ONLY: Exclude from learnsets, AI choices, and battle selection because the source marks this move unusable."
Stealth Rock,,3,Tile,The user lays a trap of levitating stones around the opposing team. The trap damages opposing Pokémon that switch into battle.,Rock,Status,Area,2,CURRENT: Spend 2 AP to place a 3x3 temporary hazard zone within range 3; preserve zone ownership and trigger entry damage. Power remains blank.
Grass Knot,,3,Unit,"The user snares the target with grass and trips it. The heavier the target, the greater the move's power.",Grass,Special,Ranged,1,"Special Grass ranged; target unit at range 3, proposed cost 1 AP; use the unchanged Power with the shared damage formula. Move rule: Inflicts more damage to heavier targets, with a maximum of 120 power. NEW RULES: add resolution, target preview, validation, and enemy AI scoring."
Chatter,65,3,Unit,The user attacks the target with sound waves of deafening chatter. This confuses the target.,Flying,Special,Ranged,2,"Special Flying ranged; target unit at range 3, proposed cost 2 AP; use the unchanged Power with the shared damage formula. Move rule: Has a higher chance to confuse the target when the recorded sound is louder.; Additional implementation: add confusion status. NEW RULES: add resolution, target preview, validation, and enemy AI scoring."
Judgment,100,3,Unit,The user releases countless shots of light at the target. This move's type changes depending on the kind of plate held by the user.,Normal,Special,Ranged,3,"Special Normal ranged; target unit at range 3, proposed cost 3 AP; use the unchanged Power with the shared damage formula. Move rule: If the user is holding a appropriate plate or drive, the damage inflicted will match it.; Additional implementation: add the described type, ability, or stat-conversion rule. NEW RULES: add resolution, target preview, validation, and enemy AI scoring."
Bug Bite,60,1,Unit,"The user attacks by biting the target. If the target is holding a Berry, the user eats it and gains its effect.",Bug,Physical,Melee,2,"Physical Bug melee; target unit at range 1, proposed cost 2 AP; use the unchanged Power with the shared damage formula. Move rule: If target has a berry, inflicts double damage and uses the berry.; Additional implementation: validate the move's stated condition. NEW RULES: add resolution, target preview, validation, and enemy AI scoring."
Charge Beam,50,3,Unit,The user attacks the target with an electric charge. The residual electricity may also boost the user's Sp. Atk stat.,Electric,Special,Ranged,1,"Special Electric ranged; target unit at range 3, proposed cost 1 AP; use the unchanged Power with the shared damage formula. Move rule: Has a chance to raise the user’s Special Attack by one stage.; Additional implementation: apply a chance-based stat change; add a seeded 90% accuracy check. NEW RULES: add resolution, target preview, validation, and enemy AI scoring."
Wood Hammer,120,1,Unit,The user slams its rugged body into the target to attack. This also damages the user quite a lot.,Grass,Physical,Melee,4,"Physical Grass melee; target unit at range 1, proposed cost 4 AP; use the unchanged Power with the shared damage formula. Move rule: User receives 1/3 the damage inflicted in recoil.; Additional implementation: apply 33% damage recoil; apply self-damage or fainting after resolution. NEW RULES: add resolution, target preview, validation, and enemy AI scoring."
Aqua Jet,40,1,Unit,"The user lunges at the target to inflict damage, moving at blinding speed. This move always goes first.",Water,Physical,Melee,1,"Physical Water melee; target unit at range 1, proposed cost 1 AP; use the unchanged Power with the shared damage formula. Move rule: no secondary effect beyond the listed damage.; Additional implementation: add move priority 1 to the AV scheduler. NEW RULES: add resolution, target preview, validation, and enemy AI scoring."
Attack Order,90,1,Unit,The user calls out its underlings to pummel the target. This move has a heightened chance of landing a critical hit.,Bug,Physical,Melee,3,"Physical Bug melee; target unit at range 1, proposed cost 3 AP; use the unchanged Power with the shared damage formula. Move rule: Has an increased chance for a critical hit.; Additional implementation: change critical-hit odds. NEW RULES: add resolution, target preview, validation, and enemy AI scoring."
Defend Order,,0,Self,"The user calls out its underlings to shield its body, boosting its Defense and Sp. Def stats.",Bug,Status,Self,1,"Status Bug self; target self at range 0, proposed cost 1 AP. Move rule: Raises the user’s Defense and Special Defense by one stage.; Additional implementation: add the described protection or damage-reduction state. NEW RULES: add resolution, target preview, validation, and enemy AI scoring."
Heal Order,,0,Unavailable,"This move can’t be used. It’s recommended that this move is forgotten. Once forgotten, this move can’t be remembered.",Bug,Status,Unavailable,0,"REFERENCE ONLY: Exclude from learnsets, AI choices, and battle selection because the source marks this move unusable."
Head Smash,150,1,Unit,The user attacks the target with a hazardous full-power headbutt. This also damages the user terribly.,Rock,Physical,Melee,4,"Physical Rock melee; target unit at range 1, proposed cost 4 AP; use the unchanged Power with the shared damage formula. Move rule: User receives 1/2 the damage inflicted in recoil.; Additional implementation: apply 50% damage recoil; add a seeded 80% accuracy check; apply self-damage or fainting after resolution. NEW RULES: add resolution, target preview, validation, and enemy AI scoring."
Double Hit,35,1,Unit,The user slams the target with a tail or the like. The target is hit twice in a row.,Normal,Physical,Melee,1,"Physical Normal melee; target unit at range 1, proposed cost 1 AP; use the unchanged Power with the shared damage formula. Move rule: Hits twice in one turn.; Additional implementation: resolve 2–2 separate hits without altering listed per-hit Power; add a seeded 90% accuracy check. NEW RULES: add resolution, target preview, validation, and enemy AI scoring."
Roar of Time,150,3,Unit,The user blasts the target with power that distorts even time. The user can't move on the next turn.,Dragon,Special,Ranged,4,"Special Dragon ranged; target unit at range 3, proposed cost 4 AP; use the unchanged Power with the shared damage formula. Move rule: User foregoes its next turn to recharge.; Additional implementation: add a seeded 90% accuracy check; add charge or consecutive-action state. NEW RULES: add resolution, target preview, validation, and enemy AI scoring."
Spacial Rend,100,1,Unit,The user tears the target along with the space around it. This move has a heightened chance of landing a critical hit.,Dragon,Special,Ranged,3,"Special Dragon ranged; target unit at range 1, proposed cost 3 AP; use the unchanged Power with the shared damage formula. Move rule: Has an increased chance for a critical hit.; Additional implementation: change critical-hit odds; add a seeded 95% accuracy check. NEW RULES: add resolution, target preview, validation, and enemy AI scoring."
Lunar Dance,,0,Self,"The user faints. In return, the Pokémon taking its place will have its HP and PP restored and its status conditions cured.",Psychic,Status,Self,1,"Status Psychic self; target self at range 0, proposed cost 1 AP. Move rule: User faints, and its replacement is fully healed.; Additional implementation: apply self-damage or fainting after resolution; add move PP tracking. NEW RULES: add resolution, target preview, validation, and enemy AI scoring."
Crush Grip,,1,Unit,"The target is crushed with great force. The more HP the target has left, the greater the move's power.",Normal,Physical,Melee,1,"Physical Normal melee; target unit at range 1, proposed cost 1 AP; use the unchanged Power with the shared damage formula. Move rule: Power increases against targets with more HP remaining, up to a maximum of 121 power.; Additional implementation: calculate condition-dependent damage while preserving listed Power. NEW RULES: add resolution, target preview, validation, and enemy AI scoring."
Magma Storm,100,3,Unit,The user traps the target inside a maelstrom of fire that inflicts damage for four to five turns.,Fire,Special,Ranged,3,"Special Fire ranged; target unit at range 3, proposed cost 3 AP; use the unchanged Power with the shared damage formula. Move rule: Prevents the target from fleeing and inflicts damage for 2-5 turns.; Additional implementation: add trap status; add a seeded 75% accuracy check. NEW RULES: add resolution, target preview, validation, and enemy AI scoring."
Dark Void,,3,Tile,Opposing Pokémon are dragged into a world of total darkness that puts them to sleep.,Dark,Status,Area,1,"Status Dark area; target tile at range 3, proposed cost 1 AP. Move rule: Puts the target to sleep.; Additional implementation: add sleep status; add a seeded 50% accuracy check. NEW RULES: add resolution, target preview, validation, and enemy AI scoring."
Seed Flare,120,3,Unit,The user emits a shock wave from its body to attack its target. This may also harshly lower the target's Sp. Def stat.,Grass,Special,Ranged,4,"Special Grass ranged; target unit at range 3, proposed cost 4 AP; use the unchanged Power with the shared damage formula. Move rule: Has a chance to lower the target’s Special Defense by two stages.; Additional implementation: apply a chance-based stat change; add a seeded 85% accuracy check. NEW RULES: add resolution, target preview, validation, and enemy AI scoring."
Ominous Wind,60,0,Unavailable,"This move can’t be used. It’s recommended that this move is forgotten. Once forgotten, this move can’t be remembered.",Ghost,Special,Unavailable,0,"REFERENCE ONLY: Exclude from learnsets, AI choices, and battle selection because the source marks this move unusable."
Shadow Force,120,1,Unit,"The user disappears on the first turn, then attacks on the next turn. This move hits even if the target protects itself.",Ghost,Physical,Melee,4,"Physical Ghost melee; target unit at range 1, proposed cost 4 AP; use the unchanged Power with the shared damage formula. Move rule: User vanishes, dodging all attacks, and hits next turn.  Hits through Protect and Detect.; Additional implementation: add charge or consecutive-action state; add the described protection or damage-reduction state; validate the move's stated condition. NEW RULES: add resolution, target preview, validation, and enemy AI scoring."
Hone Claws,,0,Self,The user sharpens its claws to boost its Attack stat and accuracy.,Dark,Status,Self,1,"Status Dark self; target self at range 0, proposed cost 1 AP. Move rule: Raises the user’s Attack and accuracy by one stage.; Additional implementation: add accuracy/evasion or Speed-stage state. NEW RULES: add resolution, target preview, validation, and enemy AI scoring."
Wide Guard,,0,Self,The user and its allies are protected from wide-ranging attacks for one turn.,Rock,Status,Field,4,"Status Rock field; target self at range 0, proposed cost 4 AP. Move rule: Prevents any multi-target moves from hitting friendly Pokémon this turn.; Additional implementation: add move priority 3 to the AV scheduler. NEW RULES: add resolution, target preview, validation, and enemy AI scoring."
Guard Split,,3,Unit,The user employs its psychic power to average its Defense and Sp. Def stats with those of the target.,Psychic,Status,Status,1,"Status Psychic status; target unit at range 3, proposed cost 1 AP. Move rule: Averages Defense and Special Defense with the target. NEW RULES: add resolution, target preview, validation, and enemy AI scoring."
Power Split,,3,Unit,The user employs its psychic power to average its Attack and Sp. Atk stats with those of the target.,Psychic,Status,Status,1,"Status Psychic status; target unit at range 3, proposed cost 1 AP. Move rule: Averages Attack and Special Attack with the target. NEW RULES: add resolution, target preview, validation, and enemy AI scoring."
Wonder Room,,0,Self,The user creates a bizarre area in which Pokémon's Defense and Sp. Def stats are swapped for five turns.,Psychic,Status,Field,4,"Status Psychic field; target self at range 0, proposed cost 4 AP. Move rule: All Pokémon’s Defense and Special Defense are swapped for 5 turns. NEW RULES: add resolution, target preview, validation, and enemy AI scoring."
Psyshock,80,3,Unit,The user materializes an odd psychic wave to attack the target. This move deals physical damage.,Psychic,Special,Ranged,2,"Special Psychic ranged; target unit at range 3, proposed cost 2 AP; use the unchanged Power with the shared damage formula. Move rule: Inflicts damage based on the target’s Defense, not Special Defense. NEW RULES: add resolution, target preview, validation, and enemy AI scoring."
Venoshock,65,3,Unit,The user drenches the target in a special poisonous liquid. This move's power is doubled if the target is poisoned.,Poison,Special,Ranged,2,"Special Poison ranged; target unit at range 3, proposed cost 2 AP; use the unchanged Power with the shared damage formula. Move rule: Inflicts double damage if the target is Poisoned.; Additional implementation: calculate condition-dependent damage while preserving listed Power; validate the move's stated condition. NEW RULES: add resolution, target preview, validation, and enemy AI scoring."
Autotomize,,0,Self,The user sheds part of its body to make itself lighter and sharply raise its Speed stat.,Steel,Status,Self,1,"Status Steel self; target self at range 0, proposed cost 1 AP. Move rule: Raises the user’s Speed by two stages and halves the user’s weight.; Additional implementation: add accuracy/evasion or Speed-stage state. NEW RULES: add resolution, target preview, validation, and enemy AI scoring."
Rage Powder,,0,Self,The user scatters a cloud of irritating powder to draw attention to itself. Opposing Pokémon aim only at the user.,Bug,Status,Self,1,"Status Bug self; target self at range 0, proposed cost 1 AP. Move rule: Redirects the target’s single-target effects to the user for this turn.; Additional implementation: add move priority 2 to the AV scheduler. NEW RULES: add resolution, target preview, validation, and enemy AI scoring."
Telekinesis,,0,Unavailable,"This move can’t be used. It’s recommended that this move is forgotten. Once forgotten, this move can’t be remembered.",Psychic,Status,Unavailable,0,"REFERENCE ONLY: Exclude from learnsets, AI choices, and battle selection because the source marks this move unusable."
Magic Room,,0,Self,The user creates a bizarre area in which Pokémon's held items lose their effects for five turns.,Psychic,Status,Field,4,"Status Psychic field; target self at range 0, proposed cost 4 AP. Move rule: Negates held items for five turns. NEW RULES: add resolution, target preview, validation, and enemy AI scoring."
Smack Down,50,3,Unit,"The user throws a stone or similar projectile to attack the target. If the target is in the air, it will be knocked down to the ground.",Rock,Physical,Ranged,1,"Physical Rock ranged; target unit at range 3, proposed cost 1 AP; use the unchanged Power with the shared damage formula. Move rule: Removes any immunity to Ground damage.; Additional implementation: validate the move's stated condition. NEW RULES: add resolution, target preview, validation, and enemy AI scoring."
Storm Throw,60,3,Unit,The user strikes the target with a fierce blow. This attack always results in a critical hit.,Fighting,Physical,Ranged,2,"Physical Fighting ranged; target unit at range 3, proposed cost 2 AP; use the unchanged Power with the shared damage formula. Move rule: Always scores a critical hit.; Additional implementation: change critical-hit odds. NEW RULES: add resolution, target preview, validation, and enemy AI scoring."
Flame Burst,70,0,Unavailable,"This move can’t be used. It’s recommended that this move is forgotten. Once forgotten, this move can’t be remembered.",Fire,Special,Unavailable,0,"REFERENCE ONLY: Exclude from learnsets, AI choices, and battle selection because the source marks this move unusable."
Sludge Wave,95,1,Tile,The user strikes everything around it by swamping the area with a giant sludge wave. This may also poison those it hits.,Poison,Special,Area,4,"Special Poison area; target tile at range 1, proposed cost 4 AP; use the unchanged Power with the shared damage formula. Move rule: Has a chance to poison the target.; Additional implementation: add poison status. NEW RULES: add resolution, target preview, validation, and enemy AI scoring."
Quiver Dance,,0,Self,"The user lightly performs a beautiful, mystic dance. This boosts the user's Sp. Atk, Sp. Def, and Speed stats.",Bug,Status,Self,1,"Status Bug self; target self at range 0, proposed cost 1 AP. Move rule: Raises the user’s Special Attack, Special Defense, and Speed by one stage each.; Additional implementation: add accuracy/evasion or Speed-stage state. NEW RULES: add resolution, target preview, validation, and enemy AI scoring."
Heavy Slam,,1,Unit,"The user slams into the target with its heavy body. The more the user outweighs the target, the greater the move's power.",Steel,Physical,Melee,1,"Physical Steel melee; target unit at range 1, proposed cost 1 AP; use the unchanged Power with the shared damage formula. Move rule: Power is higher when the user weighs more than the target, up to a maximum of 120.; Additional implementation: calculate condition-dependent damage while preserving listed Power. NEW RULES: add resolution, target preview, validation, and enemy AI scoring."
Synchronoise,120,0,Unavailable,"This move can’t be used. It’s recommended that this move is forgotten. Once forgotten, this move can’t be remembered.",Psychic,Special,Unavailable,0,"REFERENCE ONLY: Exclude from learnsets, AI choices, and battle selection because the source marks this move unusable."
Electro Ball,,3,Unit,"The user hurls an electric orb at the target. The faster the user is than the target, the greater the move's power.",Electric,Special,Ranged,1,"Special Electric ranged; target unit at range 3, proposed cost 1 AP; use the unchanged Power with the shared damage formula. Move rule: Power is higher when the user has greater Speed than the target, up to a maximum of 150. NEW RULES: add resolution, target preview, validation, and enemy AI scoring."
Soak,,3,Unit,The user shoots a torrent of water that changes the target's type to Water.,Water,Status,Status,1,"Status Water status; target unit at range 3, proposed cost 1 AP. Move rule: Changes the target’s type to Water. NEW RULES: add resolution, target preview, validation, and enemy AI scoring."
Flame Charge,50,1,Unit,"Cloaking itself in flame, the user attacks the target. Then, building up momentum, the user boosts its Speed stat.",Fire,Physical,Melee,1,"Physical Fire melee; target unit at range 1, proposed cost 1 AP; use the unchanged Power with the shared damage formula. Move rule: Inflicts regular damage.  Raises the user’s Speed by one stage.; Additional implementation: apply a chance-based stat change; add accuracy/evasion or Speed-stage state. NEW RULES: add resolution, target preview, validation, and enemy AI scoring."
Coil,,0,Self,The user coils up and concentrates. This boosts its Attack and Defense stats as well as its accuracy.,Poison,Status,Self,1,"Status Poison self; target self at range 0, proposed cost 1 AP. Move rule: Raises the user’s Attack, Defense, and accuracy by one stage each.; Additional implementation: add accuracy/evasion or Speed-stage state. NEW RULES: add resolution, target preview, validation, and enemy AI scoring."
Low Sweep,65,1,Unit,"The user makes a swift attack on the target's legs, which lowers the target's Speed stat.",Fighting,Physical,Melee,2,"Physical Fighting melee; target unit at range 1, proposed cost 2 AP; use the unchanged Power with the shared damage formula. Move rule: Lowers the target’s Speed by one stage.; Additional implementation: apply a chance-based stat change; add accuracy/evasion or Speed-stage state. NEW RULES: add resolution, target preview, validation, and enemy AI scoring."
Acid Spray,40,3,Unit,The user attacks by spitting fluid that works to melt the target. This also harshly lowers the target's Sp. Def stat.,Poison,Special,Ranged,1,"Special Poison ranged; target unit at range 3, proposed cost 1 AP; use the unchanged Power with the shared damage formula. Move rule: Lowers the target’s Special Defense by two stages.; Additional implementation: apply a chance-based stat change. NEW RULES: add resolution, target preview, validation, and enemy AI scoring."
Foul Play,95,1,Unit,"The user turns the target's strength against it. The higher the target's Attack stat, the greater the damage this move inflicts.",Dark,Physical,Melee,3,"Physical Dark melee; target unit at range 1, proposed cost 3 AP; use the unchanged Power with the shared damage formula. Move rule: Calculates damage with the target’s attacking stat.; Additional implementation: calculate condition-dependent damage while preserving listed Power. NEW RULES: add resolution, target preview, validation, and enemy AI scoring."
Simple Beam,,3,Unit,The user emits a mysterious psychic wave that changes the target's Ability to Simple.,Normal,Status,Status,1,"Status Normal status; target unit at range 3, proposed cost 1 AP. Move rule: Changes the target’s ability to Simple. NEW RULES: add resolution, target preview, validation, and enemy AI scoring."
Entrainment,,3,Unit,"The user dances with an odd rhythm that compels the target to mimic it, making the target's Ability the same as the user's.",Normal,Status,Status,1,"Status Normal status; target unit at range 3, proposed cost 1 AP. Move rule: Copies the user’s ability onto the target.; Additional implementation: add the described type, ability, or stat-conversion rule. NEW RULES: add resolution, target preview, validation, and enemy AI scoring."
After You,,3,Unit,The user helps the target and makes it use its move right after the user.,Normal,Status,Status,1,"Status Normal status; target unit at range 3, proposed cost 1 AP. Move rule: Makes the target act next this turn. NEW RULES: add resolution, target preview, validation, and enemy AI scoring."
Round,60,3,Unit,"The user attacks the target with a song. If others use this move, they will act immediately after the initial user, and the power of their Rounds will be boosted.",Normal,Special,Ranged,2,"Special Normal ranged; target unit at range 3, proposed cost 2 AP; use the unchanged Power with the shared damage formula. Move rule: Has double power if it’s used more than once per turn. NEW RULES: add resolution, target preview, validation, and enemy AI scoring."
Echoed Voice,40,3,Unit,"The user attacks the target with an echoing voice. If this move is used consecutively by any Pokémon, its power is boosted.",Normal,Special,Ranged,1,"Special Normal ranged; target unit at range 3, proposed cost 1 AP; use the unchanged Power with the shared damage formula. Move rule: Power increases by 100% for each consecutive use by any friendly Pokémon, to a maximum of 200. NEW RULES: add resolution, target preview, validation, and enemy AI scoring."
Chip Away,70,0,Unavailable,"This move can’t be used. It’s recommended that this move is forgotten. Once forgotten, this move can’t be remembered.",Normal,Physical,Unavailable,0,"REFERENCE ONLY: Exclude from learnsets, AI choices, and battle selection because the source marks this move unusable."
Clear Smog,50,3,Unit,The user attacks the target by throwing a clump of special mud. All stat changes are eliminated.,Poison,Special,Ranged,1,"Special Poison ranged; target unit at range 3, proposed cost 1 AP; use the unchanged Power with the shared damage formula. Move rule: Removes all of the target’s stat modifiers. NEW RULES: add resolution, target preview, validation, and enemy AI scoring."
Stored Power,20,3,Unit,"The user attacks the target with stored power. The more the user's stats are boosted, the greater the move's power.",Psychic,Special,Ranged,1,"Special Psychic ranged; target unit at range 3, proposed cost 1 AP; use the unchanged Power with the shared damage formula. Move rule: Power is higher the more the user’s stats have been raised, to a maximum of 31×.; Additional implementation: calculate condition-dependent damage while preserving listed Power. NEW RULES: add resolution, target preview, validation, and enemy AI scoring."
Quick Guard,,0,Self,The user protects itself and its allies from priority moves.,Fighting,Status,Field,4,"Status Fighting field; target self at range 0, proposed cost 4 AP. Move rule: Prevents any priority moves from hitting friendly Pokémon this turn.; Additional implementation: add move priority 3 to the AV scheduler. NEW RULES: add resolution, target preview, validation, and enemy AI scoring."
Ally Switch,,0,Self,The user teleports using a strange power and switches places with one of its allies. This move's chance of failing rises if it is used in succession.,Psychic,Status,Self,1,"Status Psychic self; target self at range 0, proposed cost 1 AP. Move rule: User switches places with the friendly Pokémon opposite it.; Additional implementation: add move priority 2 to the AV scheduler. NEW RULES: add resolution, target preview, validation, and enemy AI scoring."
Scald,80,3,Unit,The user attacks by shooting boiling hot water at the target. This may also leave the target with a burn.,Water,Special,Ranged,2,"Special Water ranged; target unit at range 3, proposed cost 2 AP; use the unchanged Power with the shared damage formula. Move rule: Has a chance to burn the target. CURRENT RULES: reuse shared damage and existing effect handlers."
Shell Smash,,0,Self,"The user breaks its shell, which lowers its Defense and Sp. Def stats but sharply boosts its Attack, Sp. Atk, and Speed stats.",Normal,Status,Self,1,"Status Normal self; target self at range 0, proposed cost 1 AP. Move rule: Raises user’s Attack, Special Attack, and Speed by two stages.  Lower user’s Defense and Special Defense by one stage.; Additional implementation: add accuracy/evasion or Speed-stage state. NEW RULES: add resolution, target preview, validation, and enemy AI scoring."
Heal Pulse,,3,Unit,The user emits a healing pulse that restores the target's HP by up to half its max HP.,Psychic,Status,Status,2,"Status Psychic status; target unit at range 3, proposed cost 2 AP. Move rule: Heals the target for half its max HP.; Additional implementation: restore 50% max HP. NEW RULES: add resolution, target preview, validation, and enemy AI scoring."
Hex,65,3,Unit,This relentless attack does massive damage to a target affected by status conditions.,Ghost,Special,Ranged,2,"Special Ghost ranged; target unit at range 3, proposed cost 2 AP; use the unchanged Power with the shared damage formula. Move rule: Has double power if the target has a major status ailment.; Additional implementation: validate the move's stated condition. NEW RULES: add resolution, target preview, validation, and enemy AI scoring."
Sky Drop,60,0,Unavailable,"This move can’t be used. It’s recommended that this move is forgotten. Once forgotten, this move can’t be remembered.",Flying,Physical,Unavailable,0,"REFERENCE ONLY: Exclude from learnsets, AI choices, and battle selection because the source marks this move unusable."
Shift Gear,,0,Self,"The user rotates its gears, boosting its Attack stat and sharply boosting its Speed stat.",Steel,Status,Self,1,"Status Steel self; target self at range 0, proposed cost 1 AP. Move rule: Raises the user’s Attack by one stage and its Speed by two stages.; Additional implementation: add accuracy/evasion or Speed-stage state. NEW RULES: add resolution, target preview, validation, and enemy AI scoring."
Circle Throw,60,3,Unit,"The target is thrown, and a different Pokémon is dragged out. In the wild, this ends a battle against a single Pokémon.",Fighting,Physical,Ranged,2,"Physical Fighting ranged; target unit at range 3, proposed cost 2 AP; use the unchanged Power with the shared damage formula. Move rule: Ends wild battles.  Forces trainers to switch Pokémon.; Additional implementation: add a seeded 90% accuracy check; add move priority -6 to the AV scheduler; add a legal reserve-switch action. NEW RULES: add resolution, target preview, validation, and enemy AI scoring."
Incinerate,60,3,Tile,"The user attacks opposing Pokémon with fire. If a Pokémon is holding a certain item, such as a Berry, the item becomes burned up and unusable.",Fire,Special,Area,3,"Special Fire area; target tile at range 3, proposed cost 3 AP; use the unchanged Power with the shared damage formula. Move rule: Destroys the target’s held berry. CURRENT RULES: reuse shared damage and existing effect handlers."
Quash,,3,Unit,The user suppresses the target and makes its move go last.,Dark,Status,Status,1,"Status Dark status; target unit at range 3, proposed cost 1 AP. Move rule: Makes the target act last this turn. NEW RULES: add resolution, target preview, validation, and enemy AI scoring."
Acrobatics,55,1,Unit,The user nimbly strikes the target. This attack does massive damage if the user isn't holding an item.,Flying,Physical,Melee,2,"Physical Flying melee; target unit at range 1, proposed cost 2 AP; use the unchanged Power with the shared damage formula. Move rule: Has double power if the user has no held item. NEW RULES: add resolution, target preview, validation, and enemy AI scoring."
Reflect Type,,3,Unit,The user reflects the target's type to become the same type as the target.,Normal,Status,Status,1,"Status Normal status; target unit at range 3, proposed cost 1 AP. Move rule: User becomes the target’s type. NEW RULES: add resolution, target preview, validation, and enemy AI scoring."
Retaliate,70,1,Unit,The user takes revenge for a fainted ally. This move's power is boosted if an ally fainted in the previous turn.,Normal,Physical,Melee,2,"Physical Normal melee; target unit at range 1, proposed cost 2 AP; use the unchanged Power with the shared damage formula. Move rule: Has double power if a friendly Pokémon fainted last turn. NEW RULES: add resolution, target preview, validation, and enemy AI scoring."
Final Gambit,,3,Unit,The user risks everything to attack the target. The user faints but inflicts damage equal to its own HP.,Fighting,Special,Ranged,1,"Special Fighting ranged; target unit at range 3, proposed cost 1 AP; use the unchanged Power with the shared damage formula. Move rule: Inflicts damage equal to the user’s remaining HP.  User faints.; Additional implementation: apply self-damage or fainting after resolution. NEW RULES: add resolution, target preview, validation, and enemy AI scoring."
Bestow,,0,Unavailable,"This move can’t be used. It’s recommended that this move is forgotten. Once forgotten, this move can’t be remembered.",Normal,Status,Unavailable,0,"REFERENCE ONLY: Exclude from learnsets, AI choices, and battle selection because the source marks this move unusable."
Inferno,100,3,Unit,The user attacks by engulfing the target in an intense fire. This leaves the target with a burn.,Fire,Special,Ranged,3,"Special Fire ranged; target unit at range 3, proposed cost 3 AP; use the unchanged Power with the shared damage formula. Move rule: Has a chance to burn the target.; Additional implementation: add a seeded 50% accuracy check. NEW RULES: add resolution, target preview, validation, and enemy AI scoring."
Water Pledge,80,3,Unit,"A column of water hits the target. When used with its fire counterpart, this move's power is boosted and a rainbow appears.",Water,Special,Ranged,2,"Special Water ranged; target unit at range 3, proposed cost 2 AP; use the unchanged Power with the shared damage formula. Move rule: With Grass Pledge, halves opposing Pokémon’s Speed for four turns. NEW RULES: add resolution, target preview, validation, and enemy AI scoring."
Fire Pledge,80,3,Unit,"A column of fire hits the target. When used with its grass counterpart, this move's power is boosted and a vast sea of fire appears.",Fire,Special,Ranged,2,"Special Fire ranged; target unit at range 3, proposed cost 2 AP; use the unchanged Power with the shared damage formula. Move rule: With Water Pledge, doubles the effect chance of friendly Pokémon’s moves for four turns. NEW RULES: add resolution, target preview, validation, and enemy AI scoring."
Grass Pledge,80,3,Unit,"A column of grass hits the target. When used with its water counterpart, this move's power is boosted and a vast swamp appears.",Grass,Special,Ranged,2,"Special Grass ranged; target unit at range 3, proposed cost 2 AP; use the unchanged Power with the shared damage formula. Move rule: With Fire Pledge, damages opposing Pokémon for 1/8 their max HP every turn for four turns.; Additional implementation: add the stated field, terrain, or recurring-damage state. NEW RULES: add resolution, target preview, validation, and enemy AI scoring."
Volt Switch,70,3,Unit,"After making its attack, the user rushes back to switch places with a party Pokémon in waiting.",Electric,Special,Ranged,2,"Special Electric ranged; target unit at range 3, proposed cost 2 AP; use the unchanged Power with the shared damage formula. Move rule: User must switch out after attacking.; Additional implementation: add a legal reserve-switch action. NEW RULES: add resolution, target preview, validation, and enemy AI scoring."
Struggle Bug,50,3,Tile,The user attacks by struggling against opposing Pokémon. This also lowers their Sp. Atk stats.,Bug,Special,Area,2,"Special Bug area; target tile at range 3, proposed cost 2 AP; use the unchanged Power with the shared damage formula. Move rule: Has a chance to lower the target’s Special Attack by one stage.; Additional implementation: apply a chance-based stat change. NEW RULES: add resolution, target preview, validation, and enemy AI scoring."
Bulldoze,60,1,Tile,The user strikes everything around it by stomping down on the ground. This lowers the Speed stats of those hit.,Ground,Physical,Area,3,"Physical Ground area; target tile at range 1, proposed cost 3 AP; use the unchanged Power with the shared damage formula. Move rule: Has a chance to lower the target’s Speed by one stage.; Additional implementation: apply a chance-based stat change; add accuracy/evasion or Speed-stage state. NEW RULES: add resolution, target preview, validation, and enemy AI scoring."
Frost Breath,60,3,Unit,The user attacks by blowing its cold breath on the target. This move always lands a critical hit.,Ice,Special,Ranged,2,"Special Ice ranged; target unit at range 3, proposed cost 2 AP; use the unchanged Power with the shared damage formula. Move rule: Always scores a critical hit.; Additional implementation: change critical-hit odds; add a seeded 90% accuracy check. NEW RULES: add resolution, target preview, validation, and enemy AI scoring."
Dragon Tail,60,1,Unit,"The target is knocked away, and a different Pokémon is dragged out. In the wild, this ends a battle against a single Pokémon.",Dragon,Physical,Melee,2,"Physical Dragon melee; target unit at range 1, proposed cost 2 AP; use the unchanged Power with the shared damage formula. Move rule: Ends wild battles.  Forces trainers to switch Pokémon.; Additional implementation: add a seeded 90% accuracy check; add move priority -6 to the AV scheduler; add a legal reserve-switch action. NEW RULES: add resolution, target preview, validation, and enemy AI scoring."
Work Up,,0,Self,"The user is roused, and its Attack and Sp. Atk stats are boosted.",Normal,Status,Self,1,"Status Normal self; target self at range 0, proposed cost 1 AP. Move rule: Raises the user’s Attack and Special Attack by one stage each. CURRENT RULES: reuse shared damage and existing effect handlers."
Electroweb,55,3,Tile,The user captures opposing Pokémon in an electric net to inflict damage. This also lowers their Speed stats.,Electric,Special,Area,3,"Special Electric area; target tile at range 3, proposed cost 3 AP; use the unchanged Power with the shared damage formula. Move rule: Lowers the target’s Speed by one stage.; Additional implementation: apply a chance-based stat change; add a seeded 95% accuracy check; add accuracy/evasion or Speed-stage state. NEW RULES: add resolution, target preview, validation, and enemy AI scoring."
Wild Charge,90,1,Unit,The user shrouds itself in electricity and smashes into its target. This also damages the user a little.,Electric,Physical,Melee,3,"Physical Electric melee; target unit at range 1, proposed cost 3 AP; use the unchanged Power with the shared damage formula. Move rule: User receives 1/4 the damage it inflicts in recoil.; Additional implementation: apply 25% damage recoil; apply self-damage or fainting after resolution. NEW RULES: add resolution, target preview, validation, and enemy AI scoring."
Drill Run,80,1,Unit,The user crashes into the target while rotating its body like a drill. This move has a heightened chance of landing a critical hit.,Ground,Physical,Melee,2,"Physical Ground melee; target unit at range 1, proposed cost 2 AP; use the unchanged Power with the shared damage formula. Move rule: Has an increased chance for a critical hit.; Additional implementation: change critical-hit odds; add a seeded 95% accuracy check. NEW RULES: add resolution, target preview, validation, and enemy AI scoring."
Dual Chop,40,1,Unit,The user attacks its target by hitting it with brutal strikes. The target is hit twice in a row.,Dragon,Physical,Melee,1,"Physical Dragon melee; target unit at range 1, proposed cost 1 AP; use the unchanged Power with the shared damage formula. Move rule: Hits twice in one turn.; Additional implementation: resolve 2–2 separate hits without altering listed per-hit Power; add a seeded 90% accuracy check. NEW RULES: add resolution, target preview, validation, and enemy AI scoring."
Heart Stamp,60,0,Unavailable,"This move can’t be used. It’s recommended that this move is forgotten. Once forgotten, this move can’t be remembered.",Psychic,Physical,Unavailable,0,"REFERENCE ONLY: Exclude from learnsets, AI choices, and battle selection because the source marks this move unusable."
Horn Leech,75,3,Unit,The user drains the target's energy with its horns. The user's HP is restored by up to half the damage taken by the target.,Grass,Physical,Ranged,2,"Physical Grass ranged; target unit at range 3, proposed cost 2 AP; use the unchanged Power with the shared damage formula. Move rule: Drains half the damage inflicted to heal the user.; Additional implementation: restore 50% of damage dealt; add HP recovery or revival resolution. NEW RULES: add resolution, target preview, validation, and enemy AI scoring."
Sacred Sword,90,1,Unit,The user attacks by slicing with a sword. The target's stat changes don't affect the damage inflicted by this move.,Fighting,Physical,Melee,3,"Physical Fighting melee; target unit at range 1, proposed cost 3 AP; use the unchanged Power with the shared damage formula. Move rule: Ignores the target’s stat modifiers. NEW RULES: add resolution, target preview, validation, and enemy AI scoring."
Razor Shell,75,1,Unit,The user cuts the target with sharp shells to inflict damage. This may also lower the target's Defense stat.,Water,Physical,Melee,2,"Physical Water melee; target unit at range 1, proposed cost 2 AP; use the unchanged Power with the shared damage formula. Move rule: Has a chance to lower the target’s Defense by one stage.; Additional implementation: apply a chance-based stat change; add a seeded 95% accuracy check. NEW RULES: add resolution, target preview, validation, and enemy AI scoring."
Heat Crash,,1,Unit,"The user slams into the target with its flame-covered body. The more the user outweighs the target, the greater the move's power.",Fire,Physical,Melee,1,"Physical Fire melee; target unit at range 1, proposed cost 1 AP; use the unchanged Power with the shared damage formula. Move rule: Power is higher when the user weighs more than the target, up to a maximum of 120.; Additional implementation: calculate condition-dependent damage while preserving listed Power. NEW RULES: add resolution, target preview, validation, and enemy AI scoring."
Leaf Tornado,65,3,Unit,The user attacks its target by encircling it in sharp leaves. This attack may also lower the target’s accuracy.,Grass,Special,Ranged,2,"Special Grass ranged; target unit at range 3, proposed cost 2 AP; use the unchanged Power with the shared damage formula. Move rule: Has a chance to lower the target’s accuracy by one stage.; Additional implementation: apply a chance-based stat change; add a seeded 90% accuracy check; add accuracy/evasion or Speed-stage state. NEW RULES: add resolution, target preview, validation, and enemy AI scoring."
Steamroller,65,0,Unavailable,"This move can’t be used. It’s recommended that this move is forgotten. Once forgotten, this move can’t be remembered.",Bug,Physical,Unavailable,0,"REFERENCE ONLY: Exclude from learnsets, AI choices, and battle selection because the source marks this move unusable."
Cotton Guard,,0,Self,"The user protects itself by wrapping its body in soft cotton, drastically boosting its Defense stat.",Grass,Status,Self,1,"Status Grass self; target self at range 0, proposed cost 1 AP. Move rule: Raises the user’s Defense by three stages. CURRENT RULES: reuse shared damage and existing effect handlers."
Night Daze,85,3,Unit,The user looses a pitch-black shock wave at the target to inflict damage. This may also lower the target's accuracy.,Dark,Special,Ranged,3,"Special Dark ranged; target unit at range 3, proposed cost 3 AP; use the unchanged Power with the shared damage formula. Move rule: Has a chance to lower the target’s accuracy by one stage.; Additional implementation: apply a chance-based stat change; add a seeded 95% accuracy check; add accuracy/evasion or Speed-stage state. NEW RULES: add resolution, target preview, validation, and enemy AI scoring."
Psystrike,100,3,Unit,The user materializes an odd psychic wave to attack the target. This move deals physical damage.,Psychic,Special,Ranged,3,"Special Psychic ranged; target unit at range 3, proposed cost 3 AP; use the unchanged Power with the shared damage formula. Move rule: Inflicts damage based on the target’s Defense, not Special Defense. NEW RULES: add resolution, target preview, validation, and enemy AI scoring."
Tail Slap,25,1,Unit,The user attacks by striking the target with its hard tail. This move hits two to five times in a row.,Normal,Physical,Melee,1,"Physical Normal melee; target unit at range 1, proposed cost 1 AP; use the unchanged Power with the shared damage formula. Move rule: Hits 2-5 times in one turn.; Additional implementation: resolve 2–5 separate hits without altering listed per-hit Power; add a seeded 85% accuracy check. NEW RULES: add resolution, target preview, validation, and enemy AI scoring."
Hurricane,110,3,Unit,The user attacks by wrapping its opponent in a fierce wind. This may also confuse the target.,Flying,Special,Ranged,3,"Special Flying ranged; target unit at range 3, proposed cost 3 AP; use the unchanged Power with the shared damage formula. Move rule: Has a chance to confuse the target.; Additional implementation: add confusion status; add a seeded 70% accuracy check. NEW RULES: add resolution, target preview, validation, and enemy AI scoring."
Head Charge,120,1,Unit,"The user charges its head into its target, using its powerful guard hair. This also damages the user a little.",Normal,Physical,Melee,4,"Physical Normal melee; target unit at range 1, proposed cost 4 AP; use the unchanged Power with the shared damage formula. Move rule: User receives 1/4 the damage it inflicts in recoil.; Additional implementation: apply 25% damage recoil; apply self-damage or fainting after resolution; add the described protection or damage-reduction state. NEW RULES: add resolution, target preview, validation, and enemy AI scoring."
Gear Grind,50,1,Unit,The user attacks by throwing steel gears at its target twice.,Steel,Physical,Melee,1,"Physical Steel melee; target unit at range 1, proposed cost 1 AP; use the unchanged Power with the shared damage formula. Move rule: Hits twice in one turn.; Additional implementation: resolve 2–2 separate hits without altering listed per-hit Power; add a seeded 85% accuracy check. NEW RULES: add resolution, target preview, validation, and enemy AI scoring."
Searing Shot,100,1,Tile,The user torches everything around it in an inferno of scarlet flames. This may also leave those it hits with a burn.,Fire,Special,Area,4,"Special Fire area; target tile at range 1, proposed cost 4 AP; use the unchanged Power with the shared damage formula. Move rule: Has a chance to burn the target. CURRENT RULES: reuse shared damage and existing effect handlers."
Techno Blast,120,3,Unit,The user fires a beam of light at its target. The move’s type changes depending on the Drive the user holds.,Normal,Special,Ranged,4,"Special Normal ranged; target unit at range 3, proposed cost 4 AP; use the unchanged Power with the shared damage formula. Move rule: If the user is holding a appropriate plate or drive, the damage inflicted will match it.; Additional implementation: add the described type, ability, or stat-conversion rule. NEW RULES: add resolution, target preview, validation, and enemy AI scoring."
Relic Song,75,3,Tile,The user sings an ancient song and attacks by appealing to the hearts of the listening opposing Pokémon. This may also induce sleep.,Normal,Special,Area,3,"Special Normal area; target tile at range 3, proposed cost 3 AP; use the unchanged Power with the shared damage formula. Move rule: Has a chance to put the target to sleep.; Additional implementation: add sleep status. NEW RULES: add resolution, target preview, validation, and enemy AI scoring."
Secret Sword,85,3,Unit,The user cuts with its long horn. The odd power contained in the horn deals physical damage to the target.,Fighting,Special,Ranged,3,"Special Fighting ranged; target unit at range 3, proposed cost 3 AP; use the unchanged Power with the shared damage formula. Move rule: Inflicts damage based on the target’s Defense, not Special Defense. NEW RULES: add resolution, target preview, validation, and enemy AI scoring."
Glaciate,65,3,Tile,The user attacks by blowing freezing cold air at opposing Pokémon. This also lowers their Speed stats.,Ice,Special,Area,3,"Special Ice area; target tile at range 3, proposed cost 3 AP; use the unchanged Power with the shared damage formula. Move rule: Lowers the target’s Speed by one stage.; Additional implementation: apply a chance-based stat change; add a seeded 95% accuracy check; add accuracy/evasion or Speed-stage state. NEW RULES: add resolution, target preview, validation, and enemy AI scoring."
Bolt Strike,130,1,Unit,The user surrounds itself with a great amount of electricity and charges the target. This may also leave the target with paralysis.,Electric,Physical,Ranged,4,"Physical Electric ranged; target unit at range 1, proposed cost 4 AP; use the unchanged Power with the shared damage formula. Move rule: Has a chance to paralyze the target.; Additional implementation: add a seeded 85% accuracy check. NEW RULES: add resolution, target preview, validation, and enemy AI scoring."
Blue Flare,130,3,Unit,"The user attacks by engulfing the target in an intense, yet beautiful, blue flame. This may also leave the target with a burn.",Fire,Special,Ranged,4,"Special Fire ranged; target unit at range 3, proposed cost 4 AP; use the unchanged Power with the shared damage formula. Move rule: Has a chance to burn the target.; Additional implementation: add a seeded 85% accuracy check. NEW RULES: add resolution, target preview, validation, and enemy AI scoring."
Fiery Dance,80,3,Unit,"Cloaked in flames, the user attacks the target by dancing and flapping its wings. This may also boost the user's Sp. Atk stat.",Fire,Special,Ranged,2,"Special Fire ranged; target unit at range 3, proposed cost 2 AP; use the unchanged Power with the shared damage formula. Move rule: Has a chance to raise the user’s Special Attack by one stage.; Additional implementation: apply a chance-based stat change. NEW RULES: add resolution, target preview, validation, and enemy AI scoring."
Freeze Shock,140,1,Unit,"The turn after using this move, the user hits the target with electrically charged ice to inflict damage. This may also leave the target with paralysis.",Ice,Physical,Melee,4,"Physical Ice melee; target unit at range 1, proposed cost 4 AP; use the unchanged Power with the shared damage formula. Move rule: Requires a turn to charge before attacking.  Has a chance to paralyze the target.; Additional implementation: add a seeded 90% accuracy check; add charge or consecutive-action state. NEW RULES: add resolution, target preview, validation, and enemy AI scoring."
Ice Burn,140,1,Unit,"The turn after using this move, the user surrounds the target with an ultracold, freezing wind to inflict damage. This may also leave the target with a burn.",Ice,Special,Ranged,4,"Special Ice ranged; target unit at range 1, proposed cost 4 AP; use the unchanged Power with the shared damage formula. Move rule: Requires a turn to charge before attacking.  Has a chance to burn the target.; Additional implementation: add a seeded 90% accuracy check; add charge or consecutive-action state. NEW RULES: add resolution, target preview, validation, and enemy AI scoring."
Snarl,55,3,Tile,"The user yells as if it's ranting about something, which lowers the Sp. Atk stats of opposing Pokémon.",Dark,Special,Area,3,"Special Dark area; target tile at range 3, proposed cost 3 AP; use the unchanged Power with the shared damage formula. Move rule: Has a chance to lower the target’s Special Attack by one stage.; Additional implementation: apply a chance-based stat change; add a seeded 95% accuracy check. NEW RULES: add resolution, target preview, validation, and enemy AI scoring."
Icicle Crash,85,1,Unit,The user attacks by crashing large icicles onto the target. This may also make the target flinch.,Ice,Physical,Melee,3,"Physical Ice melee; target unit at range 1, proposed cost 3 AP; use the unchanged Power with the shared damage formula. Move rule: Has a chance to make the target flinch.; Additional implementation: apply the flinch chance and delay the next action; add a seeded 90% accuracy check. NEW RULES: add resolution, target preview, validation, and enemy AI scoring."
V-create,180,1,Unit,"With a hot flame on its forehead, the user hurls itself at its target. This lowers the user’s Defense, Sp. Def, and Speed stats.",Fire,Physical,Melee,4,"Physical Fire melee; target unit at range 1, proposed cost 4 AP; use the unchanged Power with the shared damage formula. Move rule: Lowers the user’s Defense, Special Defense, and Speed by one stage each.; Additional implementation: apply a chance-based stat change; add a seeded 95% accuracy check; add accuracy/evasion or Speed-stage state. NEW RULES: add resolution, target preview, validation, and enemy AI scoring."
Fusion Flare,100,3,Unit,The user brings down a giant flame. This move's power is boosted when influenced by an enormous lightning bolt.,Fire,Special,Ranged,3,"Special Fire ranged; target unit at range 3, proposed cost 3 AP; use the unchanged Power with the shared damage formula. Move rule: With Fusion Bolt, inflicts double damage. NEW RULES: add resolution, target preview, validation, and enemy AI scoring."
Fusion Bolt,100,3,Unit,The user throws down a giant lightning bolt. This move's power is boosted when influenced by an enormous flame.,Electric,Physical,Ranged,3,"Physical Electric ranged; target unit at range 3, proposed cost 3 AP; use the unchanged Power with the shared damage formula. Move rule: With Fusion Flare, inflicts double damage. NEW RULES: add resolution, target preview, validation, and enemy AI scoring."
Flying Press,100,1,Unit,The user dives down onto the target from the sky. This move is Fighting and Flying type simultaneously.,Fighting,Physical,Melee,3,"Physical Fighting melee; target unit at range 1, proposed cost 3 AP; use the unchanged Power with the shared damage formula. Move rule: Deals both Fighting and Flying-type damage.; Additional implementation: add a seeded 95% accuracy check. NEW RULES: add resolution, target preview, validation, and enemy AI scoring."
Mat Block,,0,Self,"Using a pulled-up mat as a shield, the user protects itself and its allies from damaging moves. This does not stop status moves.",Fighting,Status,Field,4,"Status Fighting field; target self at range 0, proposed cost 4 AP. Move rule: Protects all friendly Pokémon from damaging moves.  Only works on the first turn after the user is sent out.; Additional implementation: add charge or consecutive-action state; add the described protection or damage-reduction state. NEW RULES: add resolution, target preview, validation, and enemy AI scoring."
Belch,120,3,Unit,The user lets out a damaging belch at the target. The user must eat a held Berry to use this move.,Poison,Special,Ranged,4,"Special Poison ranged; target unit at range 3, proposed cost 4 AP; use the unchanged Power with the shared damage formula. Move rule: Can only be used after the user has eaten a berry.; Additional implementation: add a seeded 90% accuracy check. NEW RULES: add resolution, target preview, validation, and enemy AI scoring."
Rototiller,,0,Unavailable,"This move can’t be used. It’s recommended that this move is forgotten. Once forgotten, this move can’t be remembered.",Ground,Status,Unavailable,0,"REFERENCE ONLY: Exclude from learnsets, AI choices, and battle selection because the source marks this move unusable."
Sticky Web,,1,Tile,"The user weaves a sticky net around the opposing team, which lowers their Speed stats upon switching into battle.",Bug,Status,Area,1,"Status Bug area; target tile at range 1, proposed cost 1 AP. Move rule: Covers the opposing field, lowering opponents’ Speed by one stage upon switching in.; Additional implementation: add accuracy/evasion or Speed-stage state; add a legal reserve-switch action. NEW RULES: add resolution, target preview, validation, and enemy AI scoring."
Fell Stinger,50,1,Unit,"When the user knocks out a target with this move, the user's Attack stat is boosted drastically.",Bug,Physical,Melee,1,"Physical Bug melee; target unit at range 1, proposed cost 1 AP; use the unchanged Power with the shared damage formula. Move rule: Raises the user’s Attack by two stages if it KOs the target.; Additional implementation: validate the move's stated condition. NEW RULES: add resolution, target preview, validation, and enemy AI scoring."
Phantom Force,90,1,Unit,"The user vanishes somewhere, then strikes the target on the next turn. This move hits even if the target protects itself.",Ghost,Physical,Melee,3,"Physical Ghost melee; target unit at range 1, proposed cost 3 AP; use the unchanged Power with the shared damage formula. Move rule: User vanishes, dodging all attacks, and hits next turn.  Hits through Protect and Detect.; Additional implementation: add charge or consecutive-action state; add the described protection or damage-reduction state; validate the move's stated condition. NEW RULES: add resolution, target preview, validation, and enemy AI scoring."
Trick-or-Treat,,3,Unit,The user takes the target trick-or-treating. This adds Ghost type to the target’s type.,Ghost,Status,Status,1,"Status Ghost status; target unit at range 3, proposed cost 1 AP. Move rule: Adds Ghost to the target’s types.; Additional implementation: add the described type, ability, or stat-conversion rule. NEW RULES: add resolution, target preview, validation, and enemy AI scoring."
Noble Roar,,3,Unit,"Letting out a noble roar, the user intimidates the target and lowers the target's Attack and Sp. Atk stats.",Normal,Status,Status,1,"Status Normal status; target unit at range 3, proposed cost 1 AP. Move rule: Lowers the target’s Attack and Special Attack by one stage.; Additional implementation: apply a chance-based stat change. NEW RULES: add resolution, target preview, validation, and enemy AI scoring."
Ion Deluge,,0,Unavailable,"This move can’t be used. It’s recommended that this move is forgotten. Once forgotten, this move can’t be remembered.",Electric,Status,Unavailable,0,"REFERENCE ONLY: Exclude from learnsets, AI choices, and battle selection because the source marks this move unusable."
Parabolic Charge,65,1,Tile,The user attacks everything around it. The user's HP is restored by half the damage taken by those hit.,Electric,Special,Area,3,"Special Electric area; target tile at range 1, proposed cost 3 AP; use the unchanged Power with the shared damage formula. Move rule: Heals the user for half the total damage dealt to all targets.; Additional implementation: restore 50% of damage dealt; add HP recovery or revival resolution. NEW RULES: add resolution, target preview, validation, and enemy AI scoring."
Forest’s Curse,,3,Unit,The user puts a forest curse on the target. This adds Grass type to the target's type.,Grass,Status,Status,1,"Status Grass status; target unit at range 3, proposed cost 1 AP. Move rule: Adds Grass to the target’s types.; Additional implementation: add the described type, ability, or stat-conversion rule. NEW RULES: add resolution, target preview, validation, and enemy AI scoring."
Petal Blizzard,90,1,Tile,The user stirs up a violent petal blizzard and damages everything around it.,Grass,Physical,Area,4,"Physical Grass area; target tile at range 1, proposed cost 4 AP; use the unchanged Power with the shared damage formula. Move rule: Inflicts regular damage. NEW RULES: add resolution, target preview, validation, and enemy AI scoring."
Freeze-Dry,70,3,Unit,The user rapidly cools the target. This may also leave the target frozen. This move is super effective on Water types.,Ice,Special,Ranged,2,"Special Ice ranged; target unit at range 3, proposed cost 2 AP; use the unchanged Power with the shared damage formula. Move rule: Super-effective against Water.; Additional implementation: add freeze status. NEW RULES: add resolution, target preview, validation, and enemy AI scoring."
Disarming Voice,40,3,Tile,"Letting out a charming cry, the user does emotional damage to opposing Pokémon. This attack never misses.",Fairy,Special,Area,2,"Special Fairy area; target tile at range 3, proposed cost 2 AP; use the unchanged Power with the shared damage formula. Move rule: Never misses. NEW RULES: add resolution, target preview, validation, and enemy AI scoring."
Parting Shot,,3,Unit,"With a parting threat, the user lowers the target's Attack and Sp. Atk stats. Then it switches places with a party Pokémon in waiting.",Dark,Status,Status,1,"Status Dark status; target unit at range 3, proposed cost 1 AP. Move rule: Lowers all targets’ Attack and Special Attack by one stage.  Makes the user switch out.; Additional implementation: apply a chance-based stat change; add a legal reserve-switch action. NEW RULES: add resolution, target preview, validation, and enemy AI scoring."
Topsy-Turvy,,3,Unit,All stat changes affecting the target turn topsy-turvy and become the opposite of what they were.,Dark,Status,Status,1,"Status Dark status; target unit at range 3, proposed cost 1 AP. Move rule: Inverts the target’s stat modifiers. NEW RULES: add resolution, target preview, validation, and enemy AI scoring."
Draining Kiss,50,3,Unit,The user steals the target's HP with a kiss. The user's HP is restored by over half the damage taken by the target.,Fairy,Special,Ranged,1,"Special Fairy ranged; target unit at range 3, proposed cost 1 AP; use the unchanged Power with the shared damage formula. Move rule: Drains 75% of the damage inflicted to heal the user.; Additional implementation: restore 75% of damage dealt; add HP recovery or revival resolution. NEW RULES: add resolution, target preview, validation, and enemy AI scoring."
Crafty Shield,,0,Self,The user protects itself and its allies from status moves with a mysterious power. This does not stop moves that do damage.,Fairy,Status,Field,4,"Status Fairy field; target self at range 0, proposed cost 4 AP. Move rule: Protects all friendly Pokémon from non-damaging moves.; Additional implementation: add move priority 3 to the AV scheduler. NEW RULES: add resolution, target preview, validation, and enemy AI scoring."
Flower Shield,,3,Tile,The user raises the Defense stats of all Grass-type Pokémon in battle with a mysterious power.,Fairy,Status,Area,1,"Status Fairy area; target tile at range 3, proposed cost 1 AP. Move rule: Raises the Defense of all Grass Pokémon in battle.; Additional implementation: apply a chance-based stat change. NEW RULES: add resolution, target preview, validation, and enemy AI scoring."
Grassy Terrain,,3,Tile,The user turns the ground into Grassy Terrain for five turns. This restores the HP of Pokémon on the ground a little every turn and powers up Grass-type moves.,Grass,Status,Area,2,"Status Grass area; target tile at range 3, proposed cost 2 AP. Move rule: For five turns, heals all Pokémon on the ground for 1/16 max HP each turn and strengthens their Grass moves to 1.5× their power.; Additional implementation: add the stated field, terrain, or recurring-damage state; add HP recovery or revival resolution. NEW RULES: add resolution, target preview, validation, and enemy AI scoring."
Misty Terrain,,3,Tile,This protects Pokémon on the ground from status conditions and halves damage from Dragon-type moves for five turns.,Fairy,Status,Area,1,"Status Fairy area; target tile at range 3, proposed cost 1 AP. Move rule: For five turns, protects all Pokémon on the ground from major status ailments and confusion, and halves the power of incoming Dragon moves. NEW RULES: add resolution, target preview, validation, and enemy AI scoring."
Electrify,,3,Unit,"If the target is electrified before it uses a move during that turn, the target’s move becomes Electric type.",Electric,Status,Status,1,"Status Electric status; target unit at range 3, proposed cost 1 AP. Move rule: Changes the target’s move’s type to Electric if it hasn’t moved yet this turn.; Additional implementation: validate the move's stated condition. NEW RULES: add resolution, target preview, validation, and enemy AI scoring."
Play Rough,90,1,Unit,The user attacks by playing rough with the target. This may also lower the target's Attack stat.,Fairy,Physical,Melee,3,"Physical Fairy melee; target unit at range 1, proposed cost 3 AP; use the unchanged Power with the shared damage formula. Move rule: Has a chance to lower the target’s Attack by one stage.; Additional implementation: apply a chance-based stat change; add a seeded 90% accuracy check. NEW RULES: add resolution, target preview, validation, and enemy AI scoring."
Fairy Wind,40,3,Unit,The user attacks by stirring up a fairy wind to strike the target.,Fairy,Special,Ranged,1,"Special Fairy ranged; target unit at range 3, proposed cost 1 AP; use the unchanged Power with the shared damage formula. Move rule: no secondary effect beyond the listed damage. CURRENT RULES: reuse shared damage and existing effect handlers."
Moonblast,95,3,Unit,"Borrowing the power of the moon, the user attacks the target. This may also lower the target's Sp. Atk stat.",Fairy,Special,Ranged,3,"Special Fairy ranged; target unit at range 3, proposed cost 3 AP; use the unchanged Power with the shared damage formula. Move rule: Has a chance to lower the target’s Special Attack by one stage.; Additional implementation: apply a chance-based stat change. NEW RULES: add resolution, target preview, validation, and enemy AI scoring."
Boomburst,140,1,Tile,The user attacks everything around it with the destructive power of a terrible explosive sound.,Normal,Special,Area,4,"Special Normal area; target tile at range 1, proposed cost 4 AP; use the unchanged Power with the shared damage formula. Move rule: Inflicts regular damage. NEW RULES: add resolution, target preview, validation, and enemy AI scoring."
Fairy Lock,,0,Self,"By locking down the battlefield, the user keeps all Pokémon from fleeing during the next turn.",Fairy,Status,Field,4,"Status Fairy field; target self at range 0, proposed cost 4 AP. Move rule: Prevents all Pokémon from fleeing or switching out during the next turn.; Additional implementation: add charge or consecutive-action state; add a legal reserve-switch action. NEW RULES: add resolution, target preview, validation, and enemy AI scoring."
King’s Shield,,0,Self,The user takes a defensive stance while it protects itself from damage. It also lowers the Attack stat of any attacker that makes direct contact.,Steel,Status,Self,1,"Status Steel self; target self at range 0, proposed cost 1 AP. Move rule: Blocks damaging attacks and lowers attacking Pokémon’s Attack by two stages on contact.  Switches Aegislash to Shield Forme.; Additional implementation: add move priority 4 to the AV scheduler; add the described protection or damage-reduction state. NEW RULES: add resolution, target preview, validation, and enemy AI scoring."
Play Nice,,3,Unit,"The user and the target become friends, and the target loses its will to fight. This lowers the target's Attack stat.",Normal,Status,Status,1,"Status Normal status; target unit at range 3, proposed cost 1 AP. Move rule: Lowers the target’s Attack by one stage.; Additional implementation: apply a chance-based stat change. NEW RULES: add resolution, target preview, validation, and enemy AI scoring."
Confide,,3,Unit,"The user tells the target a secret, and the target loses its ability to concentrate. This lowers the target's Sp. Atk stat.",Normal,Status,Status,1,"Status Normal status; target unit at range 3, proposed cost 1 AP. Move rule: Lowers the target’s Special Attack by one stage.; Additional implementation: apply a chance-based stat change. NEW RULES: add resolution, target preview, validation, and enemy AI scoring."
Diamond Storm,100,3,Tile,The user whips up a storm of diamonds to damage opposing Pokémon. This may also sharply boost the user's Defense stat.,Rock,Physical,Area,4,"Physical Rock area; target tile at range 3, proposed cost 4 AP; use the unchanged Power with the shared damage formula. Move rule: Has a chance to raise the user’s Defense by two stages for each target hit.; Additional implementation: apply a chance-based stat change; add a seeded 95% accuracy check. NEW RULES: add resolution, target preview, validation, and enemy AI scoring."
Steam Eruption,110,3,Unit,The user immerses the target in superheated steam. This may also leave the target with a burn.,Water,Special,Ranged,3,"Special Water ranged; target unit at range 3, proposed cost 3 AP; use the unchanged Power with the shared damage formula. Move rule: Has a chance to burn the target.; Additional implementation: add a seeded 95% accuracy check. NEW RULES: add resolution, target preview, validation, and enemy AI scoring."
Hyperspace Hole,80,3,Unit,"Using a hyperspace hole, the user appears right next to the target and strikes. This attack can hit a target using a move such as Protect or Detect.",Psychic,Special,Ranged,2,"Special Psychic ranged; target unit at range 3, proposed cost 2 AP; use the unchanged Power with the shared damage formula. Move rule: Ignores and destroys protection effects.; Additional implementation: add the described protection or damage-reduction state. NEW RULES: add resolution, target preview, validation, and enemy AI scoring."
Water Shuriken,15,3,Unit,The user hits the target with throwing stars two to five times in a row. This move always goes first.,Water,Special,Ranged,1,"Special Water ranged; target unit at range 3, proposed cost 1 AP; use the unchanged Power with the shared damage formula. Move rule: Hits 2–5 times.; Additional implementation: resolve 2–5 separate hits without altering listed per-hit Power; add move priority 1 to the AV scheduler. NEW RULES: add resolution, target preview, validation, and enemy AI scoring."
Mystical Fire,75,3,Unit,"The user attacks by breathing a special, hot fire. This also lowers the target's Sp. Atk stat.",Fire,Special,Ranged,2,"Special Fire ranged; target unit at range 3, proposed cost 2 AP; use the unchanged Power with the shared damage formula. Move rule: Has a chance to lower the target’s Special Attack by one stage.; Additional implementation: apply a chance-based stat change. NEW RULES: add resolution, target preview, validation, and enemy AI scoring."
Spiky Shield,,0,Self,"In addition to protecting the user from attacks, this move also damages any attacker that makes direct contact.",Grass,Status,Self,1,"Status Grass self; target self at range 0, proposed cost 1 AP. Move rule: Blocks damaging attacks and damages attacking Pokémon for 1/8 their max HP.; Additional implementation: add move priority 4 to the AV scheduler. NEW RULES: add resolution, target preview, validation, and enemy AI scoring."
Aromatic Mist,,3,Unit,The user boosts the Sp. Def stat of an ally Pokémon by using a mysterious aroma.,Fairy,Status,Status,1,"Status Fairy status; target unit at range 3, proposed cost 1 AP. Move rule: Raises a selected ally’s Special Defense by one stage. CURRENT RULES: reuse shared damage and existing effect handlers."
Eerie Impulse,,3,Unit,The user's body generates an eerie impulse. Exposing the target to it harshly lowers the target's Sp. Atk stat.,Electric,Status,Status,1,"Status Electric status; target unit at range 3, proposed cost 1 AP. Move rule: Lowers the target’s Special Attack by two stages. CURRENT RULES: reuse shared damage and existing effect handlers."
Venom Drench,,3,Tile,"Opposing Pokémon are drenched in an odd poisonous liquid. This lowers the Attack, Sp. Atk, and Speed stats of a poisoned target.",Poison,Status,Area,1,"Status Poison area; target tile at range 3, proposed cost 1 AP. Move rule: Lowers the target’s Attack, Special Attack, and Speed by one stage if it is poisoned.; Additional implementation: apply a chance-based stat change; add accuracy/evasion or Speed-stage state. NEW RULES: add resolution, target preview, validation, and enemy AI scoring."
Powder,,3,Unit,"The user covers the target in a combustible powder. If the target uses a Fire-type move, the powder explodes and damages the target.",Bug,Status,Status,1,"Status Bug status; target unit at range 3, proposed cost 1 AP. Move rule: Explodes if the target uses a Fire move this turn, damaging it for 1/4 its max HP and preventing the move.; Additional implementation: add move priority 1 to the AV scheduler; validate the move's stated condition. NEW RULES: add resolution, target preview, validation, and enemy AI scoring."
Geomancy,,0,Self,"The user absorbs energy and sharply raises its Sp. Atk, Sp. Def, and Speed stats on the next turn.",Fairy,Status,Self,1,"Status Fairy self; target self at range 0, proposed cost 1 AP. Move rule: Takes one turn to charge, then raises the user’s Special Attack, Special Defense, and Speed by two stages.; Additional implementation: add charge or consecutive-action state; add accuracy/evasion or Speed-stage state. NEW RULES: add resolution, target preview, validation, and enemy AI scoring."
Magnetic Flux,,0,Self,"The user manipulates magnetic fields, which boosts the Defense and Sp. Def stats of ally Pokémon with the Plus Ability or the Minus Ability.",Electric,Status,Field,4,"Status Electric field; target self at range 0, proposed cost 4 AP. Move rule: Raises the Defense and Special Defense of all friendly Pokémon with Plus or Minus by one stage. CURRENT RULES: reuse shared damage and existing effect handlers."
Happy Hour,,0,Self,Using Happy Hour doubles the amount of prize money received after battle.,Normal,Status,Field,4,"Status Normal field; target self at range 0, proposed cost 4 AP. Move rule: Doubles prize money.; Additional implementation: award battle currency after combat. NEW RULES: add resolution, target preview, validation, and enemy AI scoring."
Electric Terrain,,3,Tile,"The user turns the ground into Electric Terrain for five turns, powering up Electric-type moves. Pokémon on the ground can no longer fall asleep.",Electric,Status,Area,1,"Status Electric area; target tile at range 3, proposed cost 1 AP. Move rule: For five turns, prevents all Pokémon on the ground from sleeping and strengthens their Electric moves to 1.5× their power.; Additional implementation: add the stated field, terrain, or recurring-damage state. NEW RULES: add resolution, target preview, validation, and enemy AI scoring."
Dazzling Gleam,80,3,Tile,The user damages opposing Pokémon by emitting a powerful flash.,Fairy,Special,Area,3,"Special Fairy area; target tile at range 3, proposed cost 3 AP; use the unchanged Power with the shared damage formula. Move rule: no secondary effect beyond the listed damage. CURRENT RULES: reuse shared damage and existing effect handlers."
Celebrate,,0,Self,The Pokémon congratulates you on your special day!,Normal,Status,Self,1,"Status Normal self; target self at range 0, proposed cost 1 AP. Move rule: Does nothing. NEW RULES: add resolution, target preview, validation, and enemy AI scoring."
Hold Hands,,3,Unit,The user and an ally hold hands. This makes them very happy.,Normal,Status,Status,1,"Status Normal status; target unit at range 3, proposed cost 1 AP. Move rule: Does nothing. NEW RULES: add resolution, target preview, validation, and enemy AI scoring."
Baby-Doll Eyes,,3,Unit,"The user stares at the target with its baby-doll eyes, which lowers the target's Attack stat. This move always goes first.",Fairy,Status,Status,1,"Status Fairy status; target unit at range 3, proposed cost 1 AP. Move rule: Lowers the target’s Attack by one stage.; Additional implementation: add move priority 1 to the AV scheduler. NEW RULES: add resolution, target preview, validation, and enemy AI scoring."
Nuzzle,20,1,Unit,The user attacks by nuzzling its electrified cheeks against the target. This also leaves the target with paralysis.,Electric,Physical,Melee,1,"Physical Electric melee; target unit at range 1, proposed cost 1 AP; use the unchanged Power with the shared damage formula. Move rule: Has a chance to paralyze the target. CURRENT RULES: reuse shared damage and existing effect handlers."
Hold Back,40,1,Unit,"The user holds back when it attacks, and the target is left with at least 1 HP.",Normal,Physical,Melee,1,"Physical Normal melee; target unit at range 1, proposed cost 1 AP; use the unchanged Power with the shared damage formula. Move rule: Cannot lower the target’s HP below 1. NEW RULES: add resolution, target preview, validation, and enemy AI scoring."
Infestation,20,3,Unit,The target is infested and attacked for four to five turns. The target can't flee during this time.,Bug,Special,Ranged,1,"Special Bug ranged; target unit at range 3, proposed cost 1 AP; use the unchanged Power with the shared damage formula. Move rule: Prevents the target from fleeing and inflicts damage for 2-5 turns.; Additional implementation: add trap status. NEW RULES: add resolution, target preview, validation, and enemy AI scoring."
Power-Up Punch,40,1,Unit,Striking opponents over and over makes the user’s fists harder. Hitting a target raises the Attack stat.,Fighting,Physical,Melee,1,"Physical Fighting melee; target unit at range 1, proposed cost 1 AP; use the unchanged Power with the shared damage formula. Move rule: Raises the user’s Attack by one stage after inflicting damage.; Additional implementation: apply a chance-based stat change. NEW RULES: add resolution, target preview, validation, and enemy AI scoring."
Oblivion Wing,80,3,Unit,The user absorbs its target’s HP. The user’s HP is restored by over half of the damage taken by the target.,Flying,Special,Ranged,2,"Special Flying ranged; target unit at range 3, proposed cost 2 AP; use the unchanged Power with the shared damage formula. Move rule: Drains 75% of the damage inflicted to heal the user.; Additional implementation: restore 75% of damage dealt; add HP recovery or revival resolution. NEW RULES: add resolution, target preview, validation, and enemy AI scoring."
Thousand Arrows,90,3,Tile,This move also hits opposing Pokémon that are in the air. Those Pokémon are knocked down to the ground.,Ground,Physical,Area,4,"Physical Ground area; target tile at range 3, proposed cost 4 AP; use the unchanged Power with the shared damage formula. Move rule: Grounds the target, and hits even Flying-type or levitating Pokémon. NEW RULES: add resolution, target preview, validation, and enemy AI scoring."
Thousand Waves,90,3,Tile,The user attacks with a wave that crawls along the ground. Those it hits can’t flee from battle.,Ground,Physical,Area,4,"Physical Ground area; target tile at range 3, proposed cost 4 AP; use the unchanged Power with the shared damage formula. Move rule: Prevents the target from leaving battle. NEW RULES: add resolution, target preview, validation, and enemy AI scoring."
Land’s Wrath,90,3,Tile,The user gathers the energy of the land and focuses that power on opposing Pokémon to damage them.,Ground,Physical,Area,4,"Physical Ground area; target tile at range 3, proposed cost 4 AP; use the unchanged Power with the shared damage formula. Move rule: no secondary effect beyond the listed damage. CURRENT RULES: reuse shared damage and existing effect handlers."
Light of Ruin,140,3,Unit,"Drawing power from the Eternal Flower, the user fires a powerful beam of light. This also damages the user quite a lot.",Fairy,Special,Ranged,4,"Special Fairy ranged; target unit at range 3, proposed cost 4 AP; use the unchanged Power with the shared damage formula. Move rule: User receives 1/2 the damage inflicted in recoil.; Additional implementation: apply 50% damage recoil; add a seeded 90% accuracy check; apply self-damage or fainting after resolution. NEW RULES: add resolution, target preview, validation, and enemy AI scoring."
Origin Pulse,110,3,Tile,The user attacks opposing Pokémon with countless beams of light that glow a deep and brilliant blue.,Water,Special,Area,4,"Special Water area; target tile at range 3, proposed cost 4 AP; use the unchanged Power with the shared damage formula. Move rule: no secondary effect beyond the listed damage.; Additional implementation: add a seeded 85% accuracy check. NEW RULES: add resolution, target preview, validation, and enemy AI scoring."
Precipice Blades,120,3,Tile,The user attacks opposing Pokémon by manifesting the power of the land in fearsome blades of stone.,Ground,Physical,Area,4,"Physical Ground area; target tile at range 3, proposed cost 4 AP; use the unchanged Power with the shared damage formula. Move rule: no secondary effect beyond the listed damage.; Additional implementation: add a seeded 85% accuracy check. NEW RULES: add resolution, target preview, validation, and enemy AI scoring."
Dragon Ascent,120,1,Unit,The user attacks the target by dropping out of the sky at high speed. This also lowers the user's Defense and Sp. Def stats.,Flying,Physical,Melee,4,"Physical Flying melee; target unit at range 1, proposed cost 4 AP; use the unchanged Power with the shared damage formula. Move rule: Lowers the user’s Defense and Special Defense by one stage after inflicting damage.; Additional implementation: apply a chance-based stat change. NEW RULES: add resolution, target preview, validation, and enemy AI scoring."
Hyperspace Fury,100,1,Unit,"Using its many arms, the user unleashes a barrage of attacks that ignore the effects of moves like Protect and Detect. This also lowers the user's Defense stat.",Dark,Physical,Melee,3,"Physical Dark melee; target unit at range 1, proposed cost 3 AP; use the unchanged Power with the shared damage formula. Move rule: Ignores and destroys protection effects.; Additional implementation: apply a chance-based stat change; add the described protection or damage-reduction state. NEW RULES: add resolution, target preview, validation, and enemy AI scoring."
Breakneck Blitz,,Derived from base move,Derived from base move,"This move can’t be used. It’s recommended that this move is forgotten. Once forgotten, this move can’t be remembered.",Inherited from base move,Inherited from base move,Derived from base move,4,"NEW: Require a compatible equipped base move and one-use Z resource; inherit its type, category, target, and range, then apply this Z-Move's dedicated effect."
Breakneck Blitz,,Derived from base move,Derived from base move,"This move can’t be used. It’s recommended that this move is forgotten. Once forgotten, this move can’t be remembered.",Inherited from base move,Inherited from base move,Derived from base move,4,"NEW: Require a compatible equipped base move and one-use Z resource; inherit its type, category, target, and range, then apply this Z-Move's dedicated effect."
All-Out Pummeling,,Derived from base move,Derived from base move,"This move can’t be used. It’s recommended that this move is forgotten. Once forgotten, this move can’t be remembered.",Inherited from base move,Inherited from base move,Derived from base move,4,"NEW: Require a compatible equipped base move and one-use Z resource; inherit its type, category, target, and range, then apply this Z-Move's dedicated effect."
All-Out Pummeling,,Derived from base move,Derived from base move,"This move can’t be used. It’s recommended that this move is forgotten. Once forgotten, this move can’t be remembered.",Inherited from base move,Inherited from base move,Derived from base move,4,"NEW: Require a compatible equipped base move and one-use Z resource; inherit its type, category, target, and range, then apply this Z-Move's dedicated effect."
Supersonic Skystrike,,Derived from base move,Derived from base move,"This move can’t be used. It’s recommended that this move is forgotten. Once forgotten, this move can’t be remembered.",Inherited from base move,Inherited from base move,Derived from base move,4,"NEW: Require a compatible equipped base move and one-use Z resource; inherit its type, category, target, and range, then apply this Z-Move's dedicated effect."
Supersonic Skystrike,,Derived from base move,Derived from base move,"This move can’t be used. It’s recommended that this move is forgotten. Once forgotten, this move can’t be remembered.",Inherited from base move,Inherited from base move,Derived from base move,4,"NEW: Require a compatible equipped base move and one-use Z resource; inherit its type, category, target, and range, then apply this Z-Move's dedicated effect."
Acid Downpour,,Derived from base move,Derived from base move,"This move can’t be used. It’s recommended that this move is forgotten. Once forgotten, this move can’t be remembered.",Inherited from base move,Inherited from base move,Derived from base move,4,"NEW: Require a compatible equipped base move and one-use Z resource; inherit its type, category, target, and range, then apply this Z-Move's dedicated effect."
Acid Downpour,,Derived from base move,Derived from base move,"This move can’t be used. It’s recommended that this move is forgotten. Once forgotten, this move can’t be remembered.",Inherited from base move,Inherited from base move,Derived from base move,4,"NEW: Require a compatible equipped base move and one-use Z resource; inherit its type, category, target, and range, then apply this Z-Move's dedicated effect."
Tectonic Rage,,Derived from base move,Derived from base move,"This move can’t be used. It’s recommended that this move is forgotten. Once forgotten, this move can’t be remembered.",Inherited from base move,Inherited from base move,Derived from base move,4,"NEW: Require a compatible equipped base move and one-use Z resource; inherit its type, category, target, and range, then apply this Z-Move's dedicated effect."
Tectonic Rage,,Derived from base move,Derived from base move,"This move can’t be used. It’s recommended that this move is forgotten. Once forgotten, this move can’t be remembered.",Inherited from base move,Inherited from base move,Derived from base move,4,"NEW: Require a compatible equipped base move and one-use Z resource; inherit its type, category, target, and range, then apply this Z-Move's dedicated effect."
Continental Crush,,Derived from base move,Derived from base move,"This move can’t be used. It’s recommended that this move is forgotten. Once forgotten, this move can’t be remembered.",Inherited from base move,Inherited from base move,Derived from base move,4,"NEW: Require a compatible equipped base move and one-use Z resource; inherit its type, category, target, and range, then apply this Z-Move's dedicated effect."
Continental Crush,,Derived from base move,Derived from base move,"This move can’t be used. It’s recommended that this move is forgotten. Once forgotten, this move can’t be remembered.",Inherited from base move,Inherited from base move,Derived from base move,4,"NEW: Require a compatible equipped base move and one-use Z resource; inherit its type, category, target, and range, then apply this Z-Move's dedicated effect."
Savage Spin-Out,,Derived from base move,Derived from base move,"This move can’t be used. It’s recommended that this move is forgotten. Once forgotten, this move can’t be remembered.",Inherited from base move,Inherited from base move,Derived from base move,4,"NEW: Require a compatible equipped base move and one-use Z resource; inherit its type, category, target, and range, then apply this Z-Move's dedicated effect."
Savage Spin-Out,,Derived from base move,Derived from base move,"This move can’t be used. It’s recommended that this move is forgotten. Once forgotten, this move can’t be remembered.",Inherited from base move,Inherited from base move,Derived from base move,4,"NEW: Require a compatible equipped base move and one-use Z resource; inherit its type, category, target, and range, then apply this Z-Move's dedicated effect."
Never-Ending Nightmare,,Derived from base move,Derived from base move,"This move can’t be used. It’s recommended that this move is forgotten. Once forgotten, this move can’t be remembered.",Inherited from base move,Inherited from base move,Derived from base move,4,"NEW: Require a compatible equipped base move and one-use Z resource; inherit its type, category, target, and range, then apply this Z-Move's dedicated effect."
Never-Ending Nightmare,,Derived from base move,Derived from base move,"This move can’t be used. It’s recommended that this move is forgotten. Once forgotten, this move can’t be remembered.",Inherited from base move,Inherited from base move,Derived from base move,4,"NEW: Require a compatible equipped base move and one-use Z resource; inherit its type, category, target, and range, then apply this Z-Move's dedicated effect."
Corkscrew Crash,,Derived from base move,Derived from base move,"This move can’t be used. It’s recommended that this move is forgotten. Once forgotten, this move can’t be remembered.",Inherited from base move,Inherited from base move,Derived from base move,4,"NEW: Require a compatible equipped base move and one-use Z resource; inherit its type, category, target, and range, then apply this Z-Move's dedicated effect."
Corkscrew Crash,,Derived from base move,Derived from base move,"This move can’t be used. It’s recommended that this move is forgotten. Once forgotten, this move can’t be remembered.",Inherited from base move,Inherited from base move,Derived from base move,4,"NEW: Require a compatible equipped base move and one-use Z resource; inherit its type, category, target, and range, then apply this Z-Move's dedicated effect."
Inferno Overdrive,,Derived from base move,Derived from base move,"This move can’t be used. It’s recommended that this move is forgotten. Once forgotten, this move can’t be remembered.",Inherited from base move,Inherited from base move,Derived from base move,4,"NEW: Require a compatible equipped base move and one-use Z resource; inherit its type, category, target, and range, then apply this Z-Move's dedicated effect."
Inferno Overdrive,,Derived from base move,Derived from base move,"This move can’t be used. It’s recommended that this move is forgotten. Once forgotten, this move can’t be remembered.",Inherited from base move,Inherited from base move,Derived from base move,4,"NEW: Require a compatible equipped base move and one-use Z resource; inherit its type, category, target, and range, then apply this Z-Move's dedicated effect."
Hydro Vortex,,Derived from base move,Derived from base move,"This move can’t be used. It’s recommended that this move is forgotten. Once forgotten, this move can’t be remembered.",Inherited from base move,Inherited from base move,Derived from base move,4,"NEW: Require a compatible equipped base move and one-use Z resource; inherit its type, category, target, and range, then apply this Z-Move's dedicated effect."
Hydro Vortex,,Derived from base move,Derived from base move,"This move can’t be used. It’s recommended that this move is forgotten. Once forgotten, this move can’t be remembered.",Inherited from base move,Inherited from base move,Derived from base move,4,"NEW: Require a compatible equipped base move and one-use Z resource; inherit its type, category, target, and range, then apply this Z-Move's dedicated effect."
Bloom Doom,,Derived from base move,Derived from base move,"This move can’t be used. It’s recommended that this move is forgotten. Once forgotten, this move can’t be remembered.",Inherited from base move,Inherited from base move,Derived from base move,4,"NEW: Require a compatible equipped base move and one-use Z resource; inherit its type, category, target, and range, then apply this Z-Move's dedicated effect."
Bloom Doom,,Derived from base move,Derived from base move,"This move can’t be used. It’s recommended that this move is forgotten. Once forgotten, this move can’t be remembered.",Inherited from base move,Inherited from base move,Derived from base move,4,"NEW: Require a compatible equipped base move and one-use Z resource; inherit its type, category, target, and range, then apply this Z-Move's dedicated effect."
Gigavolt Havoc,,Derived from base move,Derived from base move,"This move can’t be used. It’s recommended that this move is forgotten. Once forgotten, this move can’t be remembered.",Inherited from base move,Inherited from base move,Derived from base move,4,"NEW: Require a compatible equipped base move and one-use Z resource; inherit its type, category, target, and range, then apply this Z-Move's dedicated effect."
Gigavolt Havoc,,Derived from base move,Derived from base move,"This move can’t be used. It’s recommended that this move is forgotten. Once forgotten, this move can’t be remembered.",Inherited from base move,Inherited from base move,Derived from base move,4,"NEW: Require a compatible equipped base move and one-use Z resource; inherit its type, category, target, and range, then apply this Z-Move's dedicated effect."
Shattered Psyche,,Derived from base move,Derived from base move,"This move can’t be used. It’s recommended that this move is forgotten. Once forgotten, this move can’t be remembered.",Inherited from base move,Inherited from base move,Derived from base move,4,"NEW: Require a compatible equipped base move and one-use Z resource; inherit its type, category, target, and range, then apply this Z-Move's dedicated effect."
Shattered Psyche,,Derived from base move,Derived from base move,"This move can’t be used. It’s recommended that this move is forgotten. Once forgotten, this move can’t be remembered.",Inherited from base move,Inherited from base move,Derived from base move,4,"NEW: Require a compatible equipped base move and one-use Z resource; inherit its type, category, target, and range, then apply this Z-Move's dedicated effect."
Subzero Slammer,,Derived from base move,Derived from base move,"This move can’t be used. It’s recommended that this move is forgotten. Once forgotten, this move can’t be remembered.",Inherited from base move,Inherited from base move,Derived from base move,4,"NEW: Require a compatible equipped base move and one-use Z resource; inherit its type, category, target, and range, then apply this Z-Move's dedicated effect."
Subzero Slammer,,Derived from base move,Derived from base move,"This move can’t be used. It’s recommended that this move is forgotten. Once forgotten, this move can’t be remembered.",Inherited from base move,Inherited from base move,Derived from base move,4,"NEW: Require a compatible equipped base move and one-use Z resource; inherit its type, category, target, and range, then apply this Z-Move's dedicated effect."
Devastating Drake,,Derived from base move,Derived from base move,"This move can’t be used. It’s recommended that this move is forgotten. Once forgotten, this move can’t be remembered.",Inherited from base move,Inherited from base move,Derived from base move,4,"NEW: Require a compatible equipped base move and one-use Z resource; inherit its type, category, target, and range, then apply this Z-Move's dedicated effect."
Devastating Drake,,Derived from base move,Derived from base move,"This move can’t be used. It’s recommended that this move is forgotten. Once forgotten, this move can’t be remembered.",Inherited from base move,Inherited from base move,Derived from base move,4,"NEW: Require a compatible equipped base move and one-use Z resource; inherit its type, category, target, and range, then apply this Z-Move's dedicated effect."
Black Hole Eclipse,,Derived from base move,Derived from base move,"This move can’t be used. It’s recommended that this move is forgotten. Once forgotten, this move can’t be remembered.",Inherited from base move,Inherited from base move,Derived from base move,4,"NEW: Require a compatible equipped base move and one-use Z resource; inherit its type, category, target, and range, then apply this Z-Move's dedicated effect."
Black Hole Eclipse,,Derived from base move,Derived from base move,"This move can’t be used. It’s recommended that this move is forgotten. Once forgotten, this move can’t be remembered.",Inherited from base move,Inherited from base move,Derived from base move,4,"NEW: Require a compatible equipped base move and one-use Z resource; inherit its type, category, target, and range, then apply this Z-Move's dedicated effect."
Twinkle Tackle,,Derived from base move,Derived from base move,"This move can’t be used. It’s recommended that this move is forgotten. Once forgotten, this move can’t be remembered.",Inherited from base move,Inherited from base move,Derived from base move,4,"NEW: Require a compatible equipped base move and one-use Z resource; inherit its type, category, target, and range, then apply this Z-Move's dedicated effect."
Twinkle Tackle,,Derived from base move,Derived from base move,"This move can’t be used. It’s recommended that this move is forgotten. Once forgotten, this move can’t be remembered.",Inherited from base move,Inherited from base move,Derived from base move,4,"NEW: Require a compatible equipped base move and one-use Z resource; inherit its type, category, target, and range, then apply this Z-Move's dedicated effect."
Catastropika,210,0,Unavailable,"This move can’t be used. It’s recommended that this move is forgotten. Once forgotten, this move can’t be remembered.",Electric,Physical,Unavailable,0,"REFERENCE ONLY: Exclude from learnsets, AI choices, and battle selection because the source marks this move unusable."
Shore Up,,0,Self,The user restores its own HP by up to half its max HP. It regains more HP in a sandstorm.,Ground,Status,Field,4,"Status Ground field; target self at range 0, proposed cost 4 AP. Move rule: Heals the user for ½ its max HP, or ⅔ during a sandstorm.; Additional implementation: restore 50% max HP. NEW RULES: add resolution, target preview, validation, and enemy AI scoring."
First Impression,90,1,Unit,"Although this move has great power, it works only on the first turn each time the user enters battle.",Bug,Physical,Melee,3,"Physical Bug melee; target unit at range 1, proposed cost 3 AP; use the unchanged Power with the shared damage formula. Move rule: Can only be used as the first move after the user enters battle.; Additional implementation: add move priority 2 to the AV scheduler; add charge or consecutive-action state. NEW RULES: add resolution, target preview, validation, and enemy AI scoring."
Baneful Bunker,,0,Self,"In addition to protecting the user from attacks, this move also poisons any attacker that makes direct contact.",Poison,Status,Self,1,"Status Poison self; target self at range 0, proposed cost 1 AP. Move rule: Grants the user protection for the rest of the turn and poisons any Pokémon that tries to use a contact move on it.; Additional implementation: add move priority 4 to the AV scheduler. NEW RULES: add resolution, target preview, validation, and enemy AI scoring."
Spirit Shackle,80,1,Unit,The user attacks while simultaneously stitching the target's shadow to the ground to prevent the target from fleeing.,Ghost,Physical,Melee,2,"Physical Ghost melee; target unit at range 1, proposed cost 2 AP; use the unchanged Power with the shared damage formula. Move rule: Traps the target. NEW RULES: add resolution, target preview, validation, and enemy AI scoring."
Darkest Lariat,85,1,Unit,The user swings both arms and hits the target. The target's stat changes don't affect the damage inflicted by this move.,Dark,Physical,Melee,3,"Physical Dark melee; target unit at range 1, proposed cost 3 AP; use the unchanged Power with the shared damage formula. Move rule: Ignores the target’s stat modifiers. NEW RULES: add resolution, target preview, validation, and enemy AI scoring."
Sparkling Aria,90,3,Tile,"The user bursts into song, emitting many bubbles. Any Pokémon suffering from a burn will be cured by the touch of these bubbles.",Water,Special,Area,4,"Special Water area; target tile at range 3, proposed cost 4 AP; use the unchanged Power with the shared damage formula. Move rule: Cures the target of burns. CURRENT RULES: reuse shared damage and existing effect handlers."
Ice Hammer,100,1,Unit,"The user swings its strong, heavy fist at the target to inflict damage. This also lowers the user's Speed stat.",Ice,Physical,Melee,3,"Physical Ice melee; target unit at range 1, proposed cost 3 AP; use the unchanged Power with the shared damage formula. Move rule: Lowers user’s Speed by one stage.; Additional implementation: apply a chance-based stat change; add a seeded 90% accuracy check; add accuracy/evasion or Speed-stage state. NEW RULES: add resolution, target preview, validation, and enemy AI scoring."
Floral Healing,,0,Self,The user restores the target's HP by up to half its max HP. More HP is restored when the ground is Grassy Terrain.,Fairy,Status,Field,4,"Status Fairy field; target self at range 0, proposed cost 4 AP. Move rule: Heals the target for ½ its max HP, or ⅔ on Grassy Terrain.; Additional implementation: restore 50% max HP; add the stated field, terrain, or recurring-damage state. NEW RULES: add resolution, target preview, validation, and enemy AI scoring."
High Horsepower,95,1,Unit,The user fiercely attacks the target using its entire body.,Ground,Physical,Melee,3,"Physical Ground melee; target unit at range 1, proposed cost 3 AP; use the unchanged Power with the shared damage formula. Move rule: no secondary effect beyond the listed damage.; Additional implementation: add a seeded 95% accuracy check. NEW RULES: add resolution, target preview, validation, and enemy AI scoring."
Strength Sap,,3,Unit,The user restores its own HP by the same amount as the target's Attack stat. It then lowers the target's Attack stat.,Grass,Status,Status,2,"Status Grass status; target unit at range 3, proposed cost 2 AP. Move rule: Heals the user by the target’s current Attack stat and lowers the target’s Attack by one stage.; Additional implementation: apply a chance-based stat change; add HP recovery or revival resolution. NEW RULES: add resolution, target preview, validation, and enemy AI scoring."
Solar Blade,125,3,Unit,"The user gathers light on the first turn, then fills a blade with the light's energy and attacks on the next turn.",Grass,Physical,Ranged,4,"Physical Grass ranged; target unit at range 3, proposed cost 4 AP; use the unchanged Power with the shared damage formula. Move rule: Requires a turn to charge before attacking.; Additional implementation: add charge or consecutive-action state. NEW RULES: add resolution, target preview, validation, and enemy AI scoring."
Leafage,40,1,Unit,The user attacks by pelting the target with leaves.,Grass,Physical,Melee,1,"Physical Grass melee; target unit at range 1, proposed cost 1 AP; use the unchanged Power with the shared damage formula. Move rule: no secondary effect beyond the listed damage. CURRENT RULES: reuse shared damage and existing effect handlers."
Spotlight,,0,Unavailable,"This move can’t be used. It’s recommended that this move is forgotten. Once forgotten, this move can’t be remembered.",Normal,Status,Unavailable,0,"REFERENCE ONLY: Exclude from learnsets, AI choices, and battle selection because the source marks this move unusable."
Toxic Thread,,3,Unit,The user shoots poisonous threads to poison the target and lower the target's Speed stat.,Poison,Status,Status,1,"Status Poison status; target unit at range 3, proposed cost 1 AP. Move rule: Poisons the target and lowers its Speed by one stage.; Additional implementation: apply a chance-based stat change; add poison status; add accuracy/evasion or Speed-stage state. NEW RULES: add resolution, target preview, validation, and enemy AI scoring."
Laser Focus,,0,Self,The user concentrates intensely. The attack on the next turn always results in a critical hit.,Normal,Status,Self,1,"Status Normal self; target self at range 0, proposed cost 1 AP. Move rule: Guarantees a critical hit with the user’s next move.; Additional implementation: add charge or consecutive-action state. NEW RULES: add resolution, target preview, validation, and enemy AI scoring."
Gear Up,,0,Self,The user engages its gears to raise the Attack and Sp. Atk stats of ally Pokémon with the Plus or Minus Ability.,Steel,Status,Field,4,"Status Steel field; target self at range 0, proposed cost 4 AP. Move rule: Raises the Attack and Special Attack of all friendly Pokémon with Plus or Minus by one stage. CURRENT RULES: reuse shared damage and existing effect handlers."
Throat Chop,80,1,Unit,"The user attacks the target's throat, and the resultant suffering prevents the target from using sound-based moves for two turns.",Dark,Physical,Melee,2,"Physical Dark melee; target unit at range 1, proposed cost 2 AP; use the unchanged Power with the shared damage formula. Move rule: Prevents the target from using sound-based moves for two turns.; Additional implementation: add silence status. NEW RULES: add resolution, target preview, validation, and enemy AI scoring."
Pollen Puff,90,3,Unit,"The user attacks the enemy with a pollen puff that explodes. If the target is an ally, it gives the ally a pollen puff that restores its HP instead.",Bug,Special,Ranged,3,"Special Bug ranged; target unit at range 3, proposed cost 3 AP; use the unchanged Power with the shared damage formula. Move rule: Damages opponents, but heals allies for 50% of their max HP.; Additional implementation: add HP recovery or revival resolution; validate the move's stated condition. NEW RULES: add resolution, target preview, validation, and enemy AI scoring."
Anchor Shot,80,3,Unit,The user entangles the target with its anchor chain while attacking. The target becomes unable to flee.,Steel,Physical,Ranged,2,"Physical Steel ranged; target unit at range 3, proposed cost 2 AP; use the unchanged Power with the shared damage formula. Move rule: Traps the target. NEW RULES: add resolution, target preview, validation, and enemy AI scoring."
Psychic Terrain,,3,Tile,This protects Pokémon on the ground from priority moves and powers up Psychic-type moves for five turns.,Psychic,Status,Area,1,"Status Psychic area; target tile at range 3, proposed cost 1 AP. Move rule: Protects Pokémon on the ground from priority moves and increases the power of their  Psychic moves by 50%. NEW RULES: add resolution, target preview, validation, and enemy AI scoring."
Lunge,80,1,Unit,"The user makes a lunge at the target, attacking with full force. This also lowers the target's Attack stat.",Bug,Physical,Melee,2,"Physical Bug melee; target unit at range 1, proposed cost 2 AP; use the unchanged Power with the shared damage formula. Move rule: Lowers the target’s Attack by one stage after inflicting damage.; Additional implementation: apply a chance-based stat change. NEW RULES: add resolution, target preview, validation, and enemy AI scoring."
Fire Lash,80,3,Unit,The user strikes the target with a burning lash. This also lowers the target's Defense stat.,Fire,Physical,Ranged,2,"Physical Fire ranged; target unit at range 3, proposed cost 2 AP; use the unchanged Power with the shared damage formula. Move rule: Lowers the target’s Defense by one stage after inflicting damage.; Additional implementation: apply a chance-based stat change. NEW RULES: add resolution, target preview, validation, and enemy AI scoring."
Power Trip,20,1,Unit,"The user boasts its strength and attacks the target. The more the user's stats are boosted, the greater the move's power.",Dark,Physical,Melee,1,"Physical Dark melee; target unit at range 1, proposed cost 1 AP; use the unchanged Power with the shared damage formula. Move rule: Power is higher the more the user’s stats have been raised, to a maximum of 31×.; Additional implementation: calculate condition-dependent damage while preserving listed Power. NEW RULES: add resolution, target preview, validation, and enemy AI scoring."
Burn Up,130,3,Unit,"To inflict massive damage, the user burns itself out. After using this move, the user will no longer be Fire type.",Fire,Special,Ranged,4,"Special Fire ranged; target unit at range 3, proposed cost 4 AP; use the unchanged Power with the shared damage formula. Move rule: Removes the user’s Fire type after inflicting damage. CURRENT RULES: reuse shared damage and existing effect handlers."
Speed Swap,,3,Unit,The user exchanges Speed stats with the target.,Psychic,Status,Status,1,"Status Psychic status; target unit at range 3, proposed cost 1 AP. Move rule: Exchanges the user’s Speed with the target’s. NEW RULES: add resolution, target preview, validation, and enemy AI scoring."
Smart Strike,70,1,Unit,The user stabs the target with a sharp horn. This attack never misses.,Steel,Physical,Melee,2,"Physical Steel melee; target unit at range 1, proposed cost 2 AP; use the unchanged Power with the shared damage formula. Move rule: Never misses. NEW RULES: add resolution, target preview, validation, and enemy AI scoring."
Purify,,3,Unit,"The user heals the target’s status condition. If the move succeeds, it also restores the user’s own HP.",Poison,Status,Status,2,"Status Poison status; target unit at range 3, proposed cost 2 AP. Move rule: Cures the target of a major status ailment and heals the user for 50% of its max HP.; Additional implementation: restore 50% max HP. NEW RULES: add resolution, target preview, validation, and enemy AI scoring."
Revelation Dance,90,3,Unit,The user attacks the target by dancing with all its might. This move becomes the same type as the user's type.,Normal,Special,Ranged,3,"Special Normal ranged; target unit at range 3, proposed cost 3 AP; use the unchanged Power with the shared damage formula. Move rule: Has the same type as the user. NEW RULES: add resolution, target preview, validation, and enemy AI scoring."
Core Enforcer,100,3,Tile,"If the Pokémon the user has inflicted damage on have already used their moves, this move eliminates the effect of the target’s Ability.",Dragon,Special,Area,4,"Special Dragon area; target tile at range 3, proposed cost 4 AP; use the unchanged Power with the shared damage formula. Move rule: Nullifies the target’s ability if it moves earlier. NEW RULES: add resolution, target preview, validation, and enemy AI scoring."
Trop Kick,70,1,Unit,The user lands an intense kick of tropical origins on the target. This also lowers the target's Attack stat.,Grass,Physical,Melee,2,"Physical Grass melee; target unit at range 1, proposed cost 2 AP; use the unchanged Power with the shared damage formula. Move rule: Lowers the target’s Attack by one stage after inflicting damage.; Additional implementation: apply a chance-based stat change. NEW RULES: add resolution, target preview, validation, and enemy AI scoring."
Instruct,,3,Unit,The user instructs the target to reuse the move last used by the target.,Psychic,Status,Status,1,"Status Psychic status; target unit at range 3, proposed cost 1 AP. Move rule: Forces the target to repeat its last used move.; Additional implementation: add move PP tracking. NEW RULES: add resolution, target preview, validation, and enemy AI scoring."
Beak Blast,100,3,Unit,"The user first heats up its beak, and then it attacks the target. Making direct contact with the user while it's heating up its beak results in a burn.",Flying,Physical,Ranged,3,"Physical Flying ranged; target unit at range 3, proposed cost 3 AP; use the unchanged Power with the shared damage formula. Move rule: Inflicts a burn on any Pokémon that makes contact before the attack.; Additional implementation: add move priority -3 to the AV scheduler. NEW RULES: add resolution, target preview, validation, and enemy AI scoring."
Clanging Scales,110,3,Tile,The user rubs the scales on its entire body and makes a huge noise to attack opposing Pokémon. The user's Defense stat is lowered after the attack.,Dragon,Special,Area,4,"Special Dragon area; target tile at range 3, proposed cost 4 AP; use the unchanged Power with the shared damage formula. Move rule: Lowers the user’s Defense by one stage after inflicting damage.; Additional implementation: apply a chance-based stat change. NEW RULES: add resolution, target preview, validation, and enemy AI scoring."
Dragon Hammer,90,1,Unit,The user wields its body like a hammer to attack the target and inflict damage.,Dragon,Physical,Melee,3,"Physical Dragon melee; target unit at range 1, proposed cost 3 AP; use the unchanged Power with the shared damage formula. Move rule: no secondary effect beyond the listed damage. CURRENT RULES: reuse shared damage and existing effect handlers."
Brutal Swing,60,1,Tile,The user swings its body around violently to inflict damage on everything in its vicinity.,Dark,Physical,Area,3,"Physical Dark area; target tile at range 1, proposed cost 3 AP; use the unchanged Power with the shared damage formula. Move rule: no secondary effect beyond the listed damage. CURRENT RULES: reuse shared damage and existing effect handlers."
Aurora Veil,,0,Self,This move reduces damage from physical and special moves for five turns. This can be used only when it is snowing.,Ice,Status,Field,4,"Status Ice field; target self at range 0, proposed cost 4 AP. Move rule: Reduces damage five turns, but must be used during hail.; Additional implementation: validate the move's stated condition. NEW RULES: add resolution, target preview, validation, and enemy AI scoring."
Sinister Arrow Raid,180,0,Unavailable,"This move can’t be used. It’s recommended that this move is forgotten. Once forgotten, this move can’t be remembered.",Ghost,Physical,Unavailable,0,"REFERENCE ONLY: Exclude from learnsets, AI choices, and battle selection because the source marks this move unusable."
Malicious Moonsault,180,0,Unavailable,"This move can’t be used. It’s recommended that this move is forgotten. Once forgotten, this move can’t be remembered.",Dark,Physical,Unavailable,0,"REFERENCE ONLY: Exclude from learnsets, AI choices, and battle selection because the source marks this move unusable."
Oceanic Operetta,195,0,Unavailable,"This move can’t be used. It’s recommended that this move is forgotten. Once forgotten, this move can’t be remembered.",Water,Special,Unavailable,0,"REFERENCE ONLY: Exclude from learnsets, AI choices, and battle selection because the source marks this move unusable."
Guardian of Alola,,0,Unavailable,"This move can’t be used. It’s recommended that this move is forgotten. Once forgotten, this move can’t be remembered.",Fairy,Special,Unavailable,0,"REFERENCE ONLY: Exclude from learnsets, AI choices, and battle selection because the source marks this move unusable."
Soul-Stealing 7-Star Strike,195,0,Unavailable,"This move can’t be used. It’s recommended that this move is forgotten. Once forgotten, this move can’t be remembered.",Ghost,Physical,Unavailable,0,"REFERENCE ONLY: Exclude from learnsets, AI choices, and battle selection because the source marks this move unusable."
Stoked Sparksurfer,175,0,Unavailable,"This move can’t be used. It’s recommended that this move is forgotten. Once forgotten, this move can’t be remembered.",Electric,Special,Unavailable,0,"REFERENCE ONLY: Exclude from learnsets, AI choices, and battle selection because the source marks this move unusable."
Pulverizing Pancake,210,0,Unavailable,"This move can’t be used. It’s recommended that this move is forgotten. Once forgotten, this move can’t be remembered.",Normal,Physical,Unavailable,0,"REFERENCE ONLY: Exclude from learnsets, AI choices, and battle selection because the source marks this move unusable."
Extreme Evoboost,,0,Unavailable,"This move can’t be used. It’s recommended that this move is forgotten. Once forgotten, this move can’t be remembered.",Normal,Status,Unavailable,0,"REFERENCE ONLY: Exclude from learnsets, AI choices, and battle selection because the source marks this move unusable."
Genesis Supernova,185,0,Unavailable,"This move can’t be used. It’s recommended that this move is forgotten. Once forgotten, this move can’t be remembered.",Psychic,Special,Unavailable,0,"REFERENCE ONLY: Exclude from learnsets, AI choices, and battle selection because the source marks this move unusable."
Shell Trap,150,3,Tile,"The user sets a shell trap. If the user is hit by a physical move, the trap will explode and inflict damage on opposing Pokémon.",Fire,Special,Area,4,"Special Fire area; target tile at range 3, proposed cost 4 AP; use the unchanged Power with the shared damage formula. Move rule: Only inflicts damage if the user was hit by a physical move this turn.; Additional implementation: add move priority -3 to the AV scheduler. NEW RULES: add resolution, target preview, validation, and enemy AI scoring."
Fleur Cannon,130,3,Unit,The user unleashes a strong beam. The recoil from this move harshly lowers the user's Sp. Atk stat.,Fairy,Special,Ranged,4,"Special Fairy ranged; target unit at range 3, proposed cost 4 AP; use the unchanged Power with the shared damage formula. Move rule: Lowers the user’s Special Attack by two stages after inflicting damage.; Additional implementation: apply a chance-based stat change; add a seeded 90% accuracy check; apply self-damage or fainting after resolution. NEW RULES: add resolution, target preview, validation, and enemy AI scoring."
Psychic Fangs,85,1,Unit,"The user attacks by biting the target with its psychic capabilities. This move can also break barriers, such as Light Screen and Reflect.",Psychic,Physical,Melee,3,"Physical Psychic melee; target unit at range 1, proposed cost 3 AP; use the unchanged Power with the shared damage formula. Move rule: Destroys Reflect and Light Screen.; Additional implementation: add the described protection or damage-reduction state. NEW RULES: add resolution, target preview, validation, and enemy AI scoring."
Stomping Tantrum,75,1,Unit,"Driven by frustration, the user attacks the target. This move's power is doubled if the user's previous move failed.",Ground,Physical,Melee,2,"Physical Ground melee; target unit at range 1, proposed cost 2 AP; use the unchanged Power with the shared damage formula. Move rule: Has double power if the user’s last move failed.; Additional implementation: calculate condition-dependent damage while preserving listed Power. NEW RULES: add resolution, target preview, validation, and enemy AI scoring."
Shadow Bone,85,1,Unit,The user attacks by beating the target with a bone that contains a spirit. This may also lower the target’s Defense stat.,Ghost,Physical,Melee,3,"Physical Ghost melee; target unit at range 1, proposed cost 3 AP; use the unchanged Power with the shared damage formula. Move rule: Has a chance to lower the target’s Defense by one stage.; Additional implementation: apply a chance-based stat change. NEW RULES: add resolution, target preview, validation, and enemy AI scoring."
Accelerock,40,1,Unit,The user smashes into the target at high speed. This move always goes first.,Rock,Physical,Melee,1,"Physical Rock melee; target unit at range 1, proposed cost 1 AP; use the unchanged Power with the shared damage formula. Move rule: no secondary effect beyond the listed damage.; Additional implementation: add move priority 1 to the AV scheduler. NEW RULES: add resolution, target preview, validation, and enemy AI scoring."
Liquidation,85,3,Unit,The user slams into the target using a full-force blast of water. This may also lower the target's Defense stat.,Water,Physical,Ranged,3,"Physical Water ranged; target unit at range 3, proposed cost 3 AP; use the unchanged Power with the shared damage formula. Move rule: Has a chance to lower the target’s Defense by one stage.; Additional implementation: apply a chance-based stat change. NEW RULES: add resolution, target preview, validation, and enemy AI scoring."
Prismatic Laser,160,3,Unit,The user shoots powerful lasers using the power of a prism. The user can't move on the next turn.,Psychic,Special,Ranged,4,"Special Psychic ranged; target unit at range 3, proposed cost 4 AP; use the unchanged Power with the shared damage formula. Move rule: User foregoes its next turn to recharge.; Additional implementation: add charge or consecutive-action state. NEW RULES: add resolution, target preview, validation, and enemy AI scoring."
Spectral Thief,90,1,Unit,"The user hides in the target’s shadow, steals the target’s stat boosts, and then attacks.",Ghost,Physical,Melee,3,"Physical Ghost melee; target unit at range 1, proposed cost 3 AP; use the unchanged Power with the shared damage formula. Move rule: Steals the target’s stat increases, then inflicts damage.; Additional implementation: add the described type, ability, or stat-conversion rule. NEW RULES: add resolution, target preview, validation, and enemy AI scoring."
Sunsteel Strike,100,3,Unit,The user slams into the target with the force of a meteor. This move can be used on the target regardless of its Ability.,Steel,Physical,Ranged,3,"Physical Steel ranged; target unit at range 3, proposed cost 3 AP; use the unchanged Power with the shared damage formula. Move rule: Cannot be disrupted by abilities. NEW RULES: add resolution, target preview, validation, and enemy AI scoring."
Moongeist Beam,100,3,Unit,The user emits a sinister ray to attack the target. This move can be used on the target regardless of its Ability.,Ghost,Special,Ranged,3,"Special Ghost ranged; target unit at range 3, proposed cost 3 AP; use the unchanged Power with the shared damage formula. Move rule: Cannot be disrupted by abilities. NEW RULES: add resolution, target preview, validation, and enemy AI scoring."
Tearful Look,,3,Unit,The user gets teary-eyed to make the target lose its combative spirit. This lowers the target's Attack and Sp. Atk stats.,Normal,Status,Status,1,"Status Normal status; target unit at range 3, proposed cost 1 AP. Move rule: Lowers the target’s Attack and Special Attack by one stage.; Additional implementation: apply a chance-based stat change. NEW RULES: add resolution, target preview, validation, and enemy AI scoring."
Zing Zap,80,1,Unit,"The user crashes into the target, delivering a powerful electric shock. This may also make the target flinch.",Electric,Physical,Melee,2,"Physical Electric melee; target unit at range 1, proposed cost 2 AP; use the unchanged Power with the shared damage formula. Move rule: Has a chance to make the target flinch.; Additional implementation: apply the flinch chance and delay the next action. NEW RULES: add resolution, target preview, validation, and enemy AI scoring."
Nature’s Madness,,3,Unit,The user hits the target with the force of nature. It halves the target’s HP.,Fairy,Special,Ranged,1,"Special Fairy ranged; target unit at range 3, proposed cost 1 AP; use the unchanged Power with the shared damage formula. Move rule: Inflicts damage equal to half the target’s HP.; Additional implementation: add a seeded 90% accuracy check. NEW RULES: add resolution, target preview, validation, and enemy AI scoring."
Multi-Attack,120,3,Unit,"Cloaking itself in high energy, the user slams into the target. The memory held determines the move’s type.",Normal,Physical,Ranged,4,"Physical Normal ranged; target unit at range 3, proposed cost 4 AP; use the unchanged Power with the shared damage formula. Move rule: If the user is holding a appropriate plate or drive, the damage inflicted will match it. NEW RULES: add resolution, target preview, validation, and enemy AI scoring."
"10,000,000 Volt Thunderbolt",195,0,Unavailable,"This move can’t be used. It’s recommended that this move is forgotten. Once forgotten, this move can’t be remembered.",Electric,Special,Unavailable,0,"REFERENCE ONLY: Exclude from learnsets, AI choices, and battle selection because the source marks this move unusable."
Mind Blown,150,1,Tile,The user attacks everything around it by causing its own head to explode. This also damages the user.,Fire,Special,Area,4,"Special Fire area; target tile at range 1, proposed cost 4 AP; use the unchanged Power with the shared damage formula. Move rule: Inflicts damage, and the user takes damage equal to half of its max HP, rounded up.; Additional implementation: apply self-damage or fainting after resolution. NEW RULES: add resolution, target preview, validation, and enemy AI scoring."
Plasma Fists,100,1,Unit,The user attacks with electrically charged fists. This move changes Normal-type moves to Electric-type moves.,Electric,Physical,Melee,3,"Physical Electric melee; target unit at range 1, proposed cost 3 AP; use the unchanged Power with the shared damage formula. Move rule: After inflicting damage, causes all Normal-type moves to become Electric-type for the remainder of the turn. NEW RULES: add resolution, target preview, validation, and enemy AI scoring."
Photon Geyser,100,3,Unit,The user attacks the target with a pillar of light. This move inflicts damage using the Attack or Sp. Atk stat—whichever is higher for the user.,Psychic,Special,Ranged,3,"Special Psychic ranged; target unit at range 3, proposed cost 3 AP; use the unchanged Power with the shared damage formula. Move rule: no secondary effect beyond the listed damage. CURRENT RULES: reuse shared damage and existing effect handlers."
Light That Burns the Sky,200,0,Unavailable,"This move can’t be used. It’s recommended that this move is forgotten. Once forgotten, this move can’t be remembered.",Psychic,Special,Unavailable,0,"REFERENCE ONLY: Exclude from learnsets, AI choices, and battle selection because the source marks this move unusable."
Searing Sunraze Smash,200,0,Unavailable,"This move can’t be used. It’s recommended that this move is forgotten. Once forgotten, this move can’t be remembered.",Steel,Physical,Unavailable,0,"REFERENCE ONLY: Exclude from learnsets, AI choices, and battle selection because the source marks this move unusable."
Menacing Moonraze Maelstrom,200,0,Unavailable,"This move can’t be used. It’s recommended that this move is forgotten. Once forgotten, this move can’t be remembered.",Ghost,Special,Unavailable,0,"REFERENCE ONLY: Exclude from learnsets, AI choices, and battle selection because the source marks this move unusable."
Let’s Snuggle Forever,190,Derived from base move,Derived from base move,"This move can’t be used. It’s recommended that this move is forgotten. Once forgotten, this move can’t be remembered.",Inherited from base move,Inherited from base move,Derived from base move,4,"NEW: Require a compatible equipped base move and one-use Z resource; inherit its type, category, target, and range, then apply this Z-Move's dedicated effect."
Splintered Stormshards,190,0,Unavailable,"This move can’t be used. It’s recommended that this move is forgotten. Once forgotten, this move can’t be remembered.",Rock,Physical,Unavailable,0,"REFERENCE ONLY: Exclude from learnsets, AI choices, and battle selection because the source marks this move unusable."
Clangorous Soulblaze,185,0,Unavailable,"This move can’t be used. It’s recommended that this move is forgotten. Once forgotten, this move can’t be remembered.",Dragon,Special,Unavailable,0,"REFERENCE ONLY: Exclude from learnsets, AI choices, and battle selection because the source marks this move unusable."
Zippy Zap,80,0,Unavailable,"This move can’t be used. It’s recommended that this move is forgotten. Once forgotten, this move can’t be remembered.",Electric,Physical,Unavailable,0,"REFERENCE ONLY: Exclude from learnsets, AI choices, and battle selection because the source marks this move unusable."
Splishy Splash,90,0,Unavailable,"This move can’t be used. It’s recommended that this move is forgotten. Once forgotten, this move can’t be remembered.",Water,Special,Unavailable,0,"REFERENCE ONLY: Exclude from learnsets, AI choices, and battle selection because the source marks this move unusable."
Floaty Fall,90,0,Unavailable,"This move can’t be used. It’s recommended that this move is forgotten. Once forgotten, this move can’t be remembered.",Flying,Physical,Unavailable,0,"REFERENCE ONLY: Exclude from learnsets, AI choices, and battle selection because the source marks this move unusable."
Pika Papow,,0,Unavailable,"This move can’t be used. It’s recommended that this move is forgotten. Once forgotten, this move can’t be remembered.",Electric,Special,Unavailable,0,"REFERENCE ONLY: Exclude from learnsets, AI choices, and battle selection because the source marks this move unusable."
Bouncy Bubble,60,0,Unavailable,"This move can’t be used. It’s recommended that this move is forgotten. Once forgotten, this move can’t be remembered.",Water,Special,Unavailable,0,"REFERENCE ONLY: Exclude from learnsets, AI choices, and battle selection because the source marks this move unusable."
Buzzy Buzz,60,0,Unavailable,"This move can’t be used. It’s recommended that this move is forgotten. Once forgotten, this move can’t be remembered.",Electric,Special,Unavailable,0,"REFERENCE ONLY: Exclude from learnsets, AI choices, and battle selection because the source marks this move unusable."
Sizzly Slide,60,0,Unavailable,"This move can’t be used. It’s recommended that this move is forgotten. Once forgotten, this move can’t be remembered.",Fire,Physical,Unavailable,0,"REFERENCE ONLY: Exclude from learnsets, AI choices, and battle selection because the source marks this move unusable."
Glitzy Glow,80,0,Unavailable,"This move can’t be used. It’s recommended that this move is forgotten. Once forgotten, this move can’t be remembered.",Psychic,Special,Unavailable,0,"REFERENCE ONLY: Exclude from learnsets, AI choices, and battle selection because the source marks this move unusable."
Baddy Bad,80,0,Unavailable,"This move can’t be used. It’s recommended that this move is forgotten. Once forgotten, this move can’t be remembered.",Dark,Special,Unavailable,0,"REFERENCE ONLY: Exclude from learnsets, AI choices, and battle selection because the source marks this move unusable."
Sappy Seed,100,0,Unavailable,"This move can’t be used. It’s recommended that this move is forgotten. Once forgotten, this move can’t be remembered.",Grass,Physical,Unavailable,0,"REFERENCE ONLY: Exclude from learnsets, AI choices, and battle selection because the source marks this move unusable."
Freezy Frost,100,0,Unavailable,"This move can’t be used. It’s recommended that this move is forgotten. Once forgotten, this move can’t be remembered.",Ice,Special,Unavailable,0,"REFERENCE ONLY: Exclude from learnsets, AI choices, and battle selection because the source marks this move unusable."
Sparkly Swirl,120,0,Unavailable,"This move can’t be used. It’s recommended that this move is forgotten. Once forgotten, this move can’t be remembered.",Fairy,Special,Unavailable,0,"REFERENCE ONLY: Exclude from learnsets, AI choices, and battle selection because the source marks this move unusable."
Veevee Volley,,0,Unavailable,"This move can’t be used. It’s recommended that this move is forgotten. Once forgotten, this move can’t be remembered.",Normal,Physical,Unavailable,0,"REFERENCE ONLY: Exclude from learnsets, AI choices, and battle selection because the source marks this move unusable."
Double Iron Bash,60,1,Unit,"The user rotates, centering the hex nut in its chest, and then strikes with its arms twice in a row. This may also make the target flinch.",Steel,Physical,Melee,2,"Physical Steel melee; target unit at range 1, proposed cost 2 AP; use the unchanged Power with the shared damage formula. Move rule: Hits twice in one turn.; Additional implementation: resolve 2–2 separate hits without altering listed per-hit Power; apply the flinch chance and delay the next action. NEW RULES: add resolution, target preview, validation, and enemy AI scoring."
Max Guard,,0,Self,This move enables the user to protect itself from all attacks. Its chance of failing rises if it is used in succession.,Normal,Status,Self,1,"Status Normal self; target self at range 0, proposed cost 1 AP. Move rule: Prevents any moves from hitting the user this turn.; Additional implementation: add move priority 4 to the AV scheduler; add the described protection or damage-reduction state. NEW RULES: add resolution, target preview, validation, and enemy AI scoring."
Dynamax Cannon,100,3,Unit,The user condenses energy within its body and unleashes that energy from its core to inflict damage.,Dragon,Special,Ranged,3,"Special Dragon ranged; target unit at range 3, proposed cost 3 AP; use the unchanged Power with the shared damage formula. Move rule: Deals twice the damage if the target is Dynamaxed.; Additional implementation: validate the move's stated condition. NEW RULES: add resolution, target preview, validation, and enemy AI scoring."
Snipe Shot,80,3,Unit,"The user ignores the effects of opposing Pokémon's moves and Abilities that draw in moves, allowing this move to hit the chosen target.",Water,Special,Ranged,2,"Special Water ranged; target unit at range 3, proposed cost 2 AP; use the unchanged Power with the shared damage formula. Move rule: The user ignores the effects of opposing Pokémon's moves and Abilities that draw in moves, allowing this move to hit the chosen target.; Additional implementation: change critical-hit odds. NEW RULES: add resolution, target preview, validation, and enemy AI scoring."
Jaw Lock,80,1,Unit,This move prevents the user and the target from switching out until either of them faints. The effect goes away if either of the Pokémon leaves the field.,Dark,Physical,Melee,2,"Physical Dark melee; target unit at range 1, proposed cost 2 AP; use the unchanged Power with the shared damage formula. Move rule: Prevents you and the target from switching out.; Additional implementation: add a legal reserve-switch action. NEW RULES: add resolution, target preview, validation, and enemy AI scoring."
Stuff Cheeks,,0,Self,"The user eats its held Berry, then sharply boosts its Defense stat.",Normal,Status,Self,1,"Status Normal self; target self at range 0, proposed cost 1 AP. Move rule: User consumes berry and raises its defense by 2 stages.; Additional implementation: apply a chance-based stat change. NEW RULES: add resolution, target preview, validation, and enemy AI scoring."
No Retreat,,0,Self,This move boosts all the user's stats but prevents the user from switching out or fleeing.,Fighting,Status,Self,1,"Status Fighting self; target self at range 0, proposed cost 1 AP. Move rule: Prevents user from switching out. Raises all of the user’s stats by one stage.; Additional implementation: apply a chance-based stat change; add a legal reserve-switch action. NEW RULES: add resolution, target preview, validation, and enemy AI scoring."
Tar Shot,,3,Unit,"The user pours sticky tar over the target, lowering the target's Speed stat. The target becomes weaker to Fire-type moves.",Rock,Status,Status,1,"Status Rock status; target unit at range 3, proposed cost 1 AP. Move rule: Lowers the target's Speed by 1 stage. Until the target switches out, the effectiveness of Fire-type moves is doubled against it.; Additional implementation: apply a chance-based stat change; add tar shot status; add accuracy/evasion or Speed-stage state; add a legal reserve-switch action. NEW RULES: add resolution, target preview, validation, and enemy AI scoring."
Magic Powder,,3,Unit,The user scatters a cloud of magic powder that changes the target's type to Psychic.,Psychic,Status,Status,1,"Status Psychic status; target unit at range 3, proposed cost 1 AP. Move rule: Causes the target to become a Psychic type. NEW RULES: add resolution, target preview, validation, and enemy AI scoring."
Dragon Darts,50,1,Unit,"The user attacks twice using Dreepy. If there are two opposing Pokémon, this move hits each of them once.",Dragon,Physical,Melee,1,"Physical Dragon melee; target unit at range 1, proposed cost 1 AP; use the unchanged Power with the shared damage formula. Move rule: Hits twice in one turn. In Double Battles, this move will hit both enemy targets. If it would fail to hit one of the targets, the other target will be hit twice.; Additional implementation: resolve 2–2 separate hits without altering listed per-hit Power. NEW RULES: add resolution, target preview, validation, and enemy AI scoring."
Teatime,,3,Tile,The user has teatime with all the Pokémon currently in the battle. Each Pokémon eats its held Berry.,Normal,Status,Area,1,"Status Normal area; target tile at range 3, proposed cost 1 AP. Move rule: All Pokemon on the field consume their held berries. NEW RULES: add resolution, target preview, validation, and enemy AI scoring."
Octolock,,3,Unit,The user locks the target in and prevents it from fleeing. This move also lowers the target’s Defense and Sp. Def every turn.,Fighting,Status,Status,1,"Status Fighting status; target unit at range 3, proposed cost 1 AP. Move rule: Prevents the target from switching out. At the end of each turn, the targets Defense and Special Defense are lowered by 1 stage.; Additional implementation: add the stated field, terrain, or recurring-damage state; add a legal reserve-switch action. NEW RULES: add resolution, target preview, validation, and enemy AI scoring."
Bolt Beak,85,3,Unit,"The user stabs the target with its electrified beak. If the user attacks before the target, the power of this move is doubled.",Electric,Physical,Ranged,3,"Physical Electric ranged; target unit at range 3, proposed cost 3 AP; use the unchanged Power with the shared damage formula. Move rule: Power doubles if the user moves before the target. NEW RULES: add resolution, target preview, validation, and enemy AI scoring."
Fishious Rend,85,1,Unit,"The user rends the target with its hard gills. If the user attacks before the target, the power of this move is doubled.",Water,Physical,Melee,3,"Physical Water melee; target unit at range 1, proposed cost 3 AP; use the unchanged Power with the shared damage formula. Move rule: Power doubles if the user moves before the target. NEW RULES: add resolution, target preview, validation, and enemy AI scoring."
Court Change,,0,Self,"With its mysterious power, the user swaps the effects on either side of the field.",Normal,Status,Field,4,"Status Normal field; target self at range 0, proposed cost 4 AP. Move rule: Switches single sided field effects from the users side to the targets side and vice versa. NEW RULES: add resolution, target preview, validation, and enemy AI scoring."
Max Flare,100,3,Unit,This is a Fire-type attack Dynamax Pokémon use. The user intensifies the sun for five turns.,Fire,Physical,Ranged,3,"Physical Fire ranged; target unit at range 3, proposed cost 3 AP; use the unchanged Power with the shared damage formula. Move rule: Changes the weather to sunny for five turns. CURRENT RULES: reuse shared damage and existing effect handlers."
Max Flutterby,10,1,Unit,This is a Bug-type attack Dynamax Pokémon use. This lowers the target’s Sp. Atk stat.,Bug,Physical,Melee,1,"Physical Bug melee; target unit at range 1, proposed cost 1 AP; use the unchanged Power with the shared damage formula. Move rule: If this move hits, lower the Special Attack of all Pokemon on the opposing side by 1 stage. NEW RULES: add resolution, target preview, validation, and enemy AI scoring."
Max Lightning,10,1,Unit,This is an Electric-type attack Dynamax Pokémon use. The user turns the ground into Electric Terrain for five turns.,Electric,Physical,Melee,1,"Physical Electric melee; target unit at range 1, proposed cost 1 AP; use the unchanged Power with the shared damage formula. Move rule: For five turns, prevents all Pokémon on the ground from sleeping and strengthens their Electric moves to 1.5× their power.; Additional implementation: add the stated field, terrain, or recurring-damage state. NEW RULES: add resolution, target preview, validation, and enemy AI scoring."
Max Strike,10,1,Unit,This is a Normal-type attack Dynamax Pokémon use. This lowers the target’s Speed stat.,Normal,Physical,Melee,1,"Physical Normal melee; target unit at range 1, proposed cost 1 AP; use the unchanged Power with the shared damage formula. Move rule: If this move hits, lower the Speed of all Pokemon on the opposing side by 1 stage.; Additional implementation: add accuracy/evasion or Speed-stage state. NEW RULES: add resolution, target preview, validation, and enemy AI scoring."
Max Knuckle,10,1,Unit,This is a Fighting-type attack Dynamax Pokémon use. This raises ally Pokémon’s Attack stats.,Fighting,Physical,Melee,1,"Physical Fighting melee; target unit at range 1, proposed cost 1 AP; use the unchanged Power with the shared damage formula. Move rule: If this move hits, raise the Attack of the user and its allies' by 1 stage. NEW RULES: add resolution, target preview, validation, and enemy AI scoring."
Max Phantasm,10,1,Unit,This is a Ghost-type attack Dynamax Pokémon use. This lowers the target’s Defense stat.,Ghost,Physical,Melee,1,"Physical Ghost melee; target unit at range 1, proposed cost 1 AP; use the unchanged Power with the shared damage formula. Move rule: If this move hits, lower the Defense of all Pokemon on the opposing side by 1 stage. NEW RULES: add resolution, target preview, validation, and enemy AI scoring."
Max Hailstorm,10,1,Unit,This is an Ice-type attack Dynamax Pokémon use. The user summons a hailstorm lasting five turns.,Ice,Physical,Melee,1,"Physical Ice melee; target unit at range 1, proposed cost 1 AP; use the unchanged Power with the shared damage formula. Move rule: Changes the weather to a hailstorm for five turns.; Additional implementation: add the stated field, terrain, or recurring-damage state. NEW RULES: add resolution, target preview, validation, and enemy AI scoring."
Max Ooze,10,1,Unit,This is a Poison-type attack Dynamax Pokémon use. This raises ally Pokémon’s Sp. Atk stats.,Poison,Physical,Melee,1,"Physical Poison melee; target unit at range 1, proposed cost 1 AP; use the unchanged Power with the shared damage formula. Move rule: If this move hits, raise the Special Attack of the user and its allies' by 1 stage. NEW RULES: add resolution, target preview, validation, and enemy AI scoring."
Max Geyser,10,1,Unit,This is a Water-type attack Dynamax Pokémon use. The user summons a heavy rain that falls for five turns.,Water,Physical,Melee,1,"Physical Water melee; target unit at range 1, proposed cost 1 AP; use the unchanged Power with the shared damage formula. Move rule: Changes the weather to rain for five turns. CURRENT RULES: reuse shared damage and existing effect handlers."
Max Airstream,10,1,Unit,This is a Flying-type attack Dynamax Pokémon use. This raises ally Pokémon’s Speed stats.,Flying,Physical,Melee,1,"Physical Flying melee; target unit at range 1, proposed cost 1 AP; use the unchanged Power with the shared damage formula. Move rule: If this move hits, raise the Speed of the user and its allies' by 1 stage. NEW RULES: add resolution, target preview, validation, and enemy AI scoring."
Max Starfall,10,1,Unit,This is a Fairy-type attack Dynamax Pokémon use. The user turns the ground into Misty Terrain for five turns.,Fairy,Physical,Melee,1,"Physical Fairy melee; target unit at range 1, proposed cost 1 AP; use the unchanged Power with the shared damage formula. Move rule: For five turns, protects all Pokémon on the ground from major status ailments and confusion, and halves the power of incoming Dragon moves.; Additional implementation: add the stated field, terrain, or recurring-damage state. NEW RULES: add resolution, target preview, validation, and enemy AI scoring."
Max Wyrmwind,10,1,Unit,This is a Dragon-type attack Dynamax Pokémon use. This lowers the target’s Attack stat.,Dragon,Physical,Melee,1,"Physical Dragon melee; target unit at range 1, proposed cost 1 AP; use the unchanged Power with the shared damage formula. Move rule: If this move hits, lower the Attack of all Pokemon on the opposing side by 1 stage. NEW RULES: add resolution, target preview, validation, and enemy AI scoring."
Max Mindstorm,10,1,Unit,This is a Psychic-type attack Dynamax Pokémon use. The user turns the ground into Psychic Terrain for five turns.,Psychic,Physical,Melee,1,"Physical Psychic melee; target unit at range 1, proposed cost 1 AP; use the unchanged Power with the shared damage formula. Move rule: Protects Pokémon on the ground from priority moves and increases the power of their  Psychic moves by 50%.; Additional implementation: add the stated field, terrain, or recurring-damage state. NEW RULES: add resolution, target preview, validation, and enemy AI scoring."
Max Rockfall,10,1,Unit,This is a Rock-type attack Dynamax Pokémon use. The user summons a sandstorm lasting five turns.,Rock,Physical,Melee,1,"Physical Rock melee; target unit at range 1, proposed cost 1 AP; use the unchanged Power with the shared damage formula. Move rule: Changes the weather to a sandstorm for five turns. CURRENT RULES: reuse shared damage and existing effect handlers."
Max Quake,10,1,Unit,This is a Ground-type attack Dynamax Pokémon use. This raises ally Pokémon’s Sp. Def stats.,Ground,Physical,Melee,1,"Physical Ground melee; target unit at range 1, proposed cost 1 AP; use the unchanged Power with the shared damage formula. Move rule: If this move hits, raise the Special Defense of the user and its allies' by 1 stage. NEW RULES: add resolution, target preview, validation, and enemy AI scoring."
Max Darkness,10,1,Unit,This is a Dark-type attack Dynamax Pokémon use. This lowers the target’s Sp. Def stat.,Dark,Physical,Melee,1,"Physical Dark melee; target unit at range 1, proposed cost 1 AP; use the unchanged Power with the shared damage formula. Move rule: If this move hits, lower the Special Defense of all Pokemon on the opposing side by 1 stage. NEW RULES: add resolution, target preview, validation, and enemy AI scoring."
Max Overgrowth,10,1,Unit,This is a Grass-type attack Dynamax Pokémon use. The user turns the ground into Grassy Terrain for five turns.,Grass,Physical,Melee,1,"Physical Grass melee; target unit at range 1, proposed cost 1 AP; use the unchanged Power with the shared damage formula. Move rule: For five turns, heals all Pokémon on the ground for 1/16 max HP each turn and strengthens their Grass moves to 1.5× their power.; Additional implementation: add the stated field, terrain, or recurring-damage state; add HP recovery or revival resolution. NEW RULES: add resolution, target preview, validation, and enemy AI scoring."
Max Steelspike,10,1,Unit,This is a Steel-type attack Dynamax Pokémon use. This raises ally Pokémon’s Defense stats.,Steel,Physical,Melee,1,"Physical Steel melee; target unit at range 1, proposed cost 1 AP; use the unchanged Power with the shared damage formula. Move rule: If this move hits, raise the Defense of the user and its allies' by 1 stage. NEW RULES: add resolution, target preview, validation, and enemy AI scoring."
Clangorous Soul,,0,Self,The user boosts all its stats by using some of its own HP.,Dragon,Status,Self,1,"Status Dragon self; target self at range 0, proposed cost 1 AP. Move rule: User loses 33% of its Max HP. Raises all of the user’s stats by one stage.; Additional implementation: apply a chance-based stat change. NEW RULES: add resolution, target preview, validation, and enemy AI scoring."
Body Press,80,1,Unit,"The user attacks by slamming its body into the target. The higher the user's Defense stat, the greater the damage this move deals.",Fighting,Physical,Melee,2,"Physical Fighting melee; target unit at range 1, proposed cost 2 AP; use the unchanged Power with the shared damage formula. Move rule: Damage is calculated using the user's Defense stat as its Attack, including stat stage changes.; Additional implementation: calculate condition-dependent damage while preserving listed Power. NEW RULES: add resolution, target preview, validation, and enemy AI scoring."
Decorate,,3,Unit,The user sharply boosts the target's Attack and Sp. Atk stats by decorating the target.,Fairy,Status,Status,1,"Status Fairy status; target unit at range 3, proposed cost 1 AP. Move rule: Raise the targets Attack and Special Attack by 2 stages.; Additional implementation: apply a chance-based stat change. NEW RULES: add resolution, target preview, validation, and enemy AI scoring."
Drum Beating,80,1,Unit,"The user plays its drum, controlling the drum's roots to attack the target. This also lowers the target's Speed stat.",Grass,Physical,Melee,2,"Physical Grass melee; target unit at range 1, proposed cost 2 AP; use the unchanged Power with the shared damage formula. Move rule: Has a chance to lower the target’s Speed by one stage.; Additional implementation: apply a chance-based stat change; add accuracy/evasion or Speed-stage state. NEW RULES: add resolution, target preview, validation, and enemy AI scoring."
Snap Trap,35,1,Unit,The user snares the target in a snap trap for four to five turns.,Grass,Physical,Melee,1,"Physical Grass melee; target unit at range 1, proposed cost 1 AP; use the unchanged Power with the shared damage formula. Move rule: Prevents the target from fleeing and inflicts damage for 2-5 turns.; Additional implementation: add trap status. NEW RULES: add resolution, target preview, validation, and enemy AI scoring."
Pyro Ball,120,3,Unit,The user attacks by igniting a small stone and launching it as a fiery ball at the target. This may also leave the target with a burn.,Fire,Physical,Ranged,4,"Physical Fire ranged; target unit at range 3, proposed cost 4 AP; use the unchanged Power with the shared damage formula. Move rule: Has a chance to burn the target.; Additional implementation: add a seeded 90% accuracy check. NEW RULES: add resolution, target preview, validation, and enemy AI scoring."
Behemoth Blade,100,1,Unit,The user becomes a gigantic sword and cuts the target. This move deals twice the damage if the target is Dynamaxed.,Steel,Physical,Melee,3,"Physical Steel melee; target unit at range 1, proposed cost 3 AP; use the unchanged Power with the shared damage formula. Move rule: Deals twice the damage if the target is Dynamaxed.; Additional implementation: validate the move's stated condition. NEW RULES: add resolution, target preview, validation, and enemy AI scoring."
Behemoth Bash,100,1,Unit,The user becomes a gigantic shield and slams into the target. This move deals twice the damage if the target is Dynamaxed.,Steel,Physical,Melee,3,"Physical Steel melee; target unit at range 1, proposed cost 3 AP; use the unchanged Power with the shared damage formula. Move rule: Deals twice the damage if the target is Dynamaxed.; Additional implementation: add the described protection or damage-reduction state; validate the move's stated condition. NEW RULES: add resolution, target preview, validation, and enemy AI scoring."
Aura Wheel,110,3,Unit,Morpeko attacks and boosts its Speed stat with the energy stored in its cheeks. This move's type changes depending on the user's form.,Electric,Physical,Ranged,3,"Physical Electric ranged; target unit at range 3, proposed cost 3 AP; use the unchanged Power with the shared damage formula. Move rule: Raises the user's Speed by 1 stage. In Full Belly Mode, this move is Electric type. In Hangry Mode, this move is Dark type.; Additional implementation: apply a chance-based stat change; add accuracy/evasion or Speed-stage state; add the described type, ability, or stat-conversion rule. NEW RULES: add resolution, target preview, validation, and enemy AI scoring."
Breaking Swipe,60,3,Tile,The user swings its tough tail wildly and attacks opposing Pokémon. This also lowers their Attack stats.,Dragon,Physical,Area,3,"Physical Dragon area; target tile at range 3, proposed cost 3 AP; use the unchanged Power with the shared damage formula. Move rule: Lowers the target’s Attack by one stage after inflicting damage.; Additional implementation: apply a chance-based stat change. NEW RULES: add resolution, target preview, validation, and enemy AI scoring."
Branch Poke,40,1,Unit,The user attacks the target by poking it with a sharply pointed branch.,Grass,Physical,Melee,1,"Physical Grass melee; target unit at range 1, proposed cost 1 AP; use the unchanged Power with the shared damage formula. Move rule: no secondary effect beyond the listed damage. CURRENT RULES: reuse shared damage and existing effect handlers."
Overdrive,80,3,Tile,"The user attacks opposing Pokémon by twanging a guitar or bass guitar, causing a huge echo and strong vibration.",Electric,Special,Area,3,"Special Electric area; target tile at range 3, proposed cost 3 AP; use the unchanged Power with the shared damage formula. Move rule: no secondary effect beyond the listed damage. CURRENT RULES: reuse shared damage and existing effect handlers."
Apple Acid,80,3,Unit,The user attacks the target with an acidic liquid created from tart apples. This also lowers the target's Sp. Def stat.,Grass,Special,Ranged,2,"Special Grass ranged; target unit at range 3, proposed cost 2 AP; use the unchanged Power with the shared damage formula. Move rule: Lower the targets Special Defense by 1 stage.; Additional implementation: apply a chance-based stat change. NEW RULES: add resolution, target preview, validation, and enemy AI scoring."
Grav Apple,80,1,Unit,The user inflicts damage by dropping an apple from high above. This also lowers the target's Defense stat.,Grass,Physical,Melee,2,"Physical Grass melee; target unit at range 1, proposed cost 2 AP; use the unchanged Power with the shared damage formula. Move rule: Lower the targets Defense by 1 stage. Damage is increased by 50% during Gravitys effect.; Additional implementation: apply a chance-based stat change. NEW RULES: add resolution, target preview, validation, and enemy AI scoring."
Spirit Break,75,1,Unit,The user attacks the target with so much force that it could break the target's spirit. This also lowers the target's Sp. Atk stat.,Fairy,Physical,Melee,2,"Physical Fairy melee; target unit at range 1, proposed cost 2 AP; use the unchanged Power with the shared damage formula. Move rule: Has a chance to lower the target’s Special Attack by one stage.; Additional implementation: apply a chance-based stat change. NEW RULES: add resolution, target preview, validation, and enemy AI scoring."
Strange Steam,90,3,Unit,The user attacks the target by emitting steam. This may also confuse the target.,Fairy,Special,Ranged,3,"Special Fairy ranged; target unit at range 3, proposed cost 3 AP; use the unchanged Power with the shared damage formula. Move rule: Has a chance to confuse the target.; Additional implementation: add confusion status; add a seeded 95% accuracy check. NEW RULES: add resolution, target preview, validation, and enemy AI scoring."
Life Dew,,0,Self,The user scatters mysterious water around and restores the HP of itself and its ally Pokémon currently in the battle.,Water,Status,Field,4,"Status Water field; target self at range 0, proposed cost 4 AP. Move rule: Each Pokemon on the user's side restores 1/4 of its maximum HP, rounded half up.; Additional implementation: restore 25% max HP. NEW RULES: add resolution, target preview, validation, and enemy AI scoring."
Obstruct,,0,Self,This move enables the user to protect itself from all attacks. Its chance of failing rises if it is used in succession. Direct contact harshly lowers the attacker’s Defense stat.,Dark,Status,Self,1,"Status Dark self; target self at range 0, proposed cost 1 AP. Move rule: Prevents any moves from hitting the user this turn. If this blocks a contact move, the user has their Defense lowered by 2 stages.; Additional implementation: add move priority 4 to the AV scheduler; add the described protection or damage-reduction state. NEW RULES: add resolution, target preview, validation, and enemy AI scoring."
False Surrender,80,1,Unit,"The user pretends to bow its head, but then it stabs the target with its disheveled hair. This attack never misses.",Dark,Physical,Melee,2,"Physical Dark melee; target unit at range 1, proposed cost 2 AP; use the unchanged Power with the shared damage formula. Move rule: Never misses. NEW RULES: add resolution, target preview, validation, and enemy AI scoring."
Meteor Assault,150,3,Unit,"The user attacks wildly with its thick leek. The user can’t move on the next turn, because the force of this move makes it stagger.",Fighting,Physical,Ranged,4,"Physical Fighting ranged; target unit at range 3, proposed cost 4 AP; use the unchanged Power with the shared damage formula. Move rule: User foregoes its next turn to recharge.; Additional implementation: add charge or consecutive-action state. NEW RULES: add resolution, target preview, validation, and enemy AI scoring."
Eternabeam,160,3,Unit,This is Eternatus’s most powerful attack in its original form. The user can’t move on the next turn.,Dragon,Special,Ranged,4,"Special Dragon ranged; target unit at range 3, proposed cost 4 AP; use the unchanged Power with the shared damage formula. Move rule: User foregoes its next turn to recharge.; Additional implementation: add a seeded 90% accuracy check; add charge or consecutive-action state. NEW RULES: add resolution, target preview, validation, and enemy AI scoring."
Steel Beam,140,3,Unit,The user fires a beam of steel that it collected from its entire body. This also damages the user.,Steel,Special,Ranged,4,"Special Steel ranged; target unit at range 3, proposed cost 4 AP; use the unchanged Power with the shared damage formula. Move rule: Inflicts damage, and the user takes damage equal to half of its max HP, rounded up.; Additional implementation: add a seeded 95% accuracy check; apply self-damage or fainting after resolution. NEW RULES: add resolution, target preview, validation, and enemy AI scoring."
Expanding Force,80,3,Unit,"The user attacks the target with its psychic power. When the ground is Psychic Terrain, this move's power is boosted and it damages all opposing Pokémon.",Psychic,Special,Ranged,2,"Special Psychic ranged; target unit at range 3, proposed cost 2 AP; use the unchanged Power with the shared damage formula. Move rule: If Psychic Terrain is active and the user is grounded, this move hits all opposing Pokemon and has its power incrased by 50%.; Additional implementation: add the stated field, terrain, or recurring-damage state. NEW RULES: add resolution, target preview, validation, and enemy AI scoring."
Steel Roller,130,1,Unit,The user attacks while destroying the terrain. This move fails if the ground hasn't turned into a terrain.,Steel,Physical,Melee,4,"Physical Steel melee; target unit at range 1, proposed cost 4 AP; use the unchanged Power with the shared damage formula. Move rule: Ends the effect of Electric, Grassy, Misty, or Psychic Terrains. Fails if no Terrain is active.; Additional implementation: add the stated field, terrain, or recurring-damage state; validate the move's stated condition. NEW RULES: add resolution, target preview, validation, and enemy AI scoring."
Scale Shot,25,3,Unit,The user attacks by shooting scales two to five times in a row. This move boosts the user's Speed stat but lowers its Defense stat.,Dragon,Physical,Ranged,1,"Physical Dragon ranged; target unit at range 3, proposed cost 1 AP; use the unchanged Power with the shared damage formula. Move rule: Boosts the user’s Speed and lowers their Defense by one stage after inflicting damage two to five times in a row.; Additional implementation: resolve 2–5 separate hits without altering listed per-hit Power; add a seeded 90% accuracy check; add accuracy/evasion or Speed-stage state. NEW RULES: add resolution, target preview, validation, and enemy AI scoring."
Meteor Beam,120,3,Unit,"The user gathers energy from space and boosts its Sp. Atk stat on the first turn, then attacks on the next turn.",Rock,Special,Ranged,4,"Special Rock ranged; target unit at range 3, proposed cost 4 AP; use the unchanged Power with the shared damage formula. Move rule: Requires a turn to charge before attacking. Raises the users Special Attack by 1 stage after the first turn.; Additional implementation: add a seeded 90% accuracy check; add charge or consecutive-action state. NEW RULES: add resolution, target preview, validation, and enemy AI scoring."
Shell Side Arm,90,3,Unit,This move is either physical or special—whichever will inflict more damage. This may also poison the target.,Poison,Special,Ranged,3,"Special Poison ranged; target unit at range 3, proposed cost 3 AP; use the unchanged Power with the shared damage formula. Move rule: Has a chance to poison the target. This switches categories between physical and special, depending on which would deal more damage to the target.; Additional implementation: add poison status. NEW RULES: add resolution, target preview, validation, and enemy AI scoring."
Misty Explosion,100,1,Tile,The user attacks everything around it and faints upon using this move. This move's power is boosted on Misty Terrain.,Fairy,Special,Area,4,"Special Fairy area; target tile at range 1, proposed cost 4 AP; use the unchanged Power with the shared damage formula. Move rule: If Misty Terrain is active and the user is grounded, this move has its power increased by 50%.; Additional implementation: add the stated field, terrain, or recurring-damage state; apply self-damage or fainting after resolution. NEW RULES: add resolution, target preview, validation, and enemy AI scoring."
Grassy Glide,55,1,Unit,"Gliding on the ground, the user attacks the target. This move always goes first on Grassy Terrain.",Grass,Physical,Melee,2,"Physical Grass melee; target unit at range 1, proposed cost 2 AP; use the unchanged Power with the shared damage formula. Move rule: If Grassy Terrain is active and the user is grounded, this move has has its priority increased by 1.; Additional implementation: add the stated field, terrain, or recurring-damage state. NEW RULES: add resolution, target preview, validation, and enemy AI scoring."
Rising Voltage,70,3,Unit,The user attacks with electricity rising from the ground. This move's power is doubled if the target is on Electric Terrain.,Electric,Special,Ranged,2,"Special Electric ranged; target unit at range 3, proposed cost 2 AP; use the unchanged Power with the shared damage formula. Move rule: If Electric Terrain is active and the user is grounded, this move has has its power doubled.; Additional implementation: add the stated field, terrain, or recurring-damage state; calculate condition-dependent damage while preserving listed Power; validate the move's stated condition. NEW RULES: add resolution, target preview, validation, and enemy AI scoring."
Terrain Pulse,50,3,Unit,The user utilizes the energy of the terrain to attack. This move’s type and power change depending on the terrain at the time the move is used.,Normal,Special,Ranged,1,"Special Normal ranged; target unit at range 3, proposed cost 1 AP; use the unchanged Power with the shared damage formula. Move rule: If any terrain is active and the user is grounded, this moves power is doubled and changes type to match that terrains type.; Additional implementation: add the stated field, terrain, or recurring-damage state; calculate condition-dependent damage while preserving listed Power. NEW RULES: add resolution, target preview, validation, and enemy AI scoring."
Skitter Smack,70,1,Unit,The user skitters behind the target to attack. This also lowers the target's Sp. Atk stat.,Bug,Physical,Melee,2,"Physical Bug melee; target unit at range 1, proposed cost 2 AP; use the unchanged Power with the shared damage formula. Move rule: Lowers the target’s Special Attack by one stage.; Additional implementation: apply a chance-based stat change; add a seeded 90% accuracy check. NEW RULES: add resolution, target preview, validation, and enemy AI scoring."
Burning Jealousy,70,3,Tile,The user attacks with energy from jealousy. This leaves all opposing Pokémon that have had their stats boosted during the turn with a burn.,Fire,Special,Area,3,"Special Fire area; target tile at range 3, proposed cost 3 AP; use the unchanged Power with the shared damage formula. Move rule: Burns the target if it had a state stage raise this turn. NEW RULES: add resolution, target preview, validation, and enemy AI scoring."
Lash Out,75,1,Unit,The user lashes out to vent its frustration toward the target. This move's power is doubled if the user's stats were lowered during this turn.,Dark,Physical,Melee,2,"Physical Dark melee; target unit at range 1, proposed cost 2 AP; use the unchanged Power with the shared damage formula. Move rule: Power doubles if the user had a stat stage lowered this turn.; Additional implementation: calculate condition-dependent damage while preserving listed Power. NEW RULES: add resolution, target preview, validation, and enemy AI scoring."
Poltergeist,110,1,Unit,The user attacks by controlling the target's item. This move fails if the target isn't holding an item.,Ghost,Physical,Melee,3,"Physical Ghost melee; target unit at range 1, proposed cost 3 AP; use the unchanged Power with the shared damage formula. Move rule: Fails if the target has no held item.; Additional implementation: add a seeded 90% accuracy check; validate the move's stated condition. NEW RULES: add resolution, target preview, validation, and enemy AI scoring."
Corrosive Gas,,1,Tile,The user surrounds everything around it with highly acidic gas and melts away items they hold.,Poison,Status,Area,1,"Status Poison area; target tile at range 1, proposed cost 1 AP. Move rule: Target drops its held item. NEW RULES: add resolution, target preview, validation, and enemy AI scoring."
Coaching,,0,Self,"The user properly coaches its ally Pokémon, boosting their Attack and Defense stats.",Fighting,Status,Field,4,"Status Fighting field; target self at range 0, proposed cost 4 AP. Move rule: Raises the target's Attack and Defense by 1 stage. Fails if there is no ally adjacent to the user.; Additional implementation: apply a chance-based stat change; validate the move's stated condition. NEW RULES: add resolution, target preview, validation, and enemy AI scoring."
Flip Turn,60,1,Unit,"After making its attack, the user rushes back to switch places with a party Pokémon in waiting.",Water,Physical,Melee,2,"Physical Water melee; target unit at range 1, proposed cost 2 AP; use the unchanged Power with the shared damage formula. Move rule: User must switch out after attacking.; Additional implementation: add a legal reserve-switch action. NEW RULES: add resolution, target preview, validation, and enemy AI scoring."
Triple Axel,20,1,Unit,A consecutive three-kick attack that becomes more powerful with each successful hit.,Ice,Physical,Melee,1,"Physical Ice melee; target unit at range 1, proposed cost 1 AP; use the unchanged Power with the shared damage formula. Move rule: Hits three times, increasing power by 100% with each successful hit.; Additional implementation: resolve 3–3 separate hits without altering listed per-hit Power; add a seeded 90% accuracy check. NEW RULES: add resolution, target preview, validation, and enemy AI scoring."
Dual Wingbeat,40,1,Unit,The user slams the target with its wings to inflict damage. The target is hit twice in a row.,Flying,Physical,Melee,1,"Physical Flying melee; target unit at range 1, proposed cost 1 AP; use the unchanged Power with the shared damage formula. Move rule: Hits twice in one turn.; Additional implementation: resolve 2–2 separate hits without altering listed per-hit Power; add a seeded 90% accuracy check. NEW RULES: add resolution, target preview, validation, and enemy AI scoring."
Scorching Sands,70,3,Unit,The user throws scorching sand at the target to attack. This may also leave the target with a burn.,Ground,Special,Ranged,2,"Special Ground ranged; target unit at range 3, proposed cost 2 AP; use the unchanged Power with the shared damage formula. Move rule: Has a chance to burn the target. CURRENT RULES: reuse shared damage and existing effect handlers."
Jungle Healing,,0,Self,"The user becomes one with the jungle, restoring HP and curing status conditions for itself and its ally Pokémon currently in the battle.",Grass,Status,Field,4,"Status Grass field; target self at range 0, proposed cost 4 AP. Move rule: Each Pokemon on the user's side has its status condition healed and restores 1/4 of its maximum HP, rounded up.; Additional implementation: restore 25% max HP. NEW RULES: add resolution, target preview, validation, and enemy AI scoring."
Wicked Blow,75,1,Unit,"The user, having mastered the Dark style, strikes the target with a fierce blow. This move always lands a critical hit.",Dark,Physical,Melee,2,"Physical Dark melee; target unit at range 1, proposed cost 2 AP; use the unchanged Power with the shared damage formula. Move rule: Always scores a critical hit.; Additional implementation: change critical-hit odds. NEW RULES: add resolution, target preview, validation, and enemy AI scoring."
Surging Strikes,25,1,Unit,"The user, having mastered the Water style, strikes the target with a flowing motion three times in a row. This move always lands a critical hit.",Water,Physical,Melee,1,"Physical Water melee; target unit at range 1, proposed cost 1 AP; use the unchanged Power with the shared damage formula. Move rule: Hits three times. Always scores a critical hit.; Additional implementation: resolve 3–3 separate hits without altering listed per-hit Power; change critical-hit odds. NEW RULES: add resolution, target preview, validation, and enemy AI scoring."
Thunder Cage,80,3,Unit,The user traps the target inside a cage of sparking electricity that inflicts damage for four to five turns.,Electric,Special,Ranged,2,"Special Electric ranged; target unit at range 3, proposed cost 2 AP; use the unchanged Power with the shared damage formula. Move rule: Prevents the target from fleeing and inflicts damage for 2-5 turns.; Additional implementation: add trap status; add a seeded 90% accuracy check. NEW RULES: add resolution, target preview, validation, and enemy AI scoring."
Dragon Energy,150,3,Tile,"Converting its life-force into power, the user attacks opposing Pokémon. The lower the user's HP, the lower the move's power.",Dragon,Special,Area,4,"Special Dragon area; target tile at range 3, proposed cost 4 AP; use the unchanged Power with the shared damage formula. Move rule: Inflicts more damage when the user has more HP remaining, with a maximum of 150 power. NEW RULES: add resolution, target preview, validation, and enemy AI scoring."
Freezing Glare,90,3,Unit,The user shoots its psychic power from its eyes to attack. This may also leave the target frozen.,Psychic,Special,Ranged,3,"Special Psychic ranged; target unit at range 3, proposed cost 3 AP; use the unchanged Power with the shared damage formula. Move rule: Has a chance to freeze the target.; Additional implementation: add freeze status. NEW RULES: add resolution, target preview, validation, and enemy AI scoring."
Fiery Wrath,90,3,Tile,The user transforms its wrath into a fire-like aura to attack. This may also make opposing Pokémon flinch.,Dark,Special,Area,4,"Special Dark area; target tile at range 3, proposed cost 4 AP; use the unchanged Power with the shared damage formula. Move rule: Has a chance to make the target flinch.; Additional implementation: apply the flinch chance and delay the next action. NEW RULES: add resolution, target preview, validation, and enemy AI scoring."
Thunderous Kick,90,1,Unit,The user overwhelms the target with lightning-like movement before delivering a kick. This also lowers the target's Defense stat.,Fighting,Physical,Melee,3,"Physical Fighting melee; target unit at range 1, proposed cost 3 AP; use the unchanged Power with the shared damage formula. Move rule: Lowers the target’s Defense by one stage after inflicting damage.; Additional implementation: apply a chance-based stat change. NEW RULES: add resolution, target preview, validation, and enemy AI scoring."
Glacial Lance,120,3,Tile,The user attacks by hurling a blizzard-cloaked icicle lance at opposing Pokémon.,Ice,Physical,Area,4,"Physical Ice area; target tile at range 3, proposed cost 4 AP; use the unchanged Power with the shared damage formula. Move rule: no secondary effect beyond the listed damage. CURRENT RULES: reuse shared damage and existing effect handlers."
Astral Barrage,120,3,Tile,The user attacks by sending a frightful amount of small ghosts at opposing Pokémon.,Ghost,Special,Area,4,"Special Ghost area; target tile at range 3, proposed cost 4 AP; use the unchanged Power with the shared damage formula. Move rule: no secondary effect beyond the listed damage. CURRENT RULES: reuse shared damage and existing effect handlers."
Eerie Spell,80,3,Unit,The user attacks with its tremendous psychic power. This also drains 3 PP from the move last used by the target.,Psychic,Special,Ranged,2,"Special Psychic ranged; target unit at range 3, proposed cost 2 AP; use the unchanged Power with the shared damage formula. Move rule: The target loses 3 PP from the last move it used.; Additional implementation: add move PP tracking. NEW RULES: add resolution, target preview, validation, and enemy AI scoring."
Dire Claw,80,1,Unit,"The user lashes out at the target with ruinous claws. This may also leave the target poisoned, paralyzed, or asleep.",Poison,Physical,Melee,2,"Physical Poison melee; target unit at range 1, proposed cost 2 AP; use the unchanged Power with the shared damage formula. Move rule: no secondary effect beyond the listed damage. CURRENT RULES: reuse shared damage and existing effect handlers."
Psyshield Bash,70,3,Unit,"Cloaking itself in psychic energy, the user slams into the target. This also boosts the user’s Defense stat.",Psychic,Physical,Ranged,2,"Physical Psychic ranged; target unit at range 3, proposed cost 2 AP; use the unchanged Power with the shared damage formula. Move rule: no secondary effect beyond the listed damage.; Additional implementation: add a seeded 90% accuracy check. NEW RULES: add resolution, target preview, validation, and enemy AI scoring."
Power Shift,0,0,Self,The user swaps its Attack and Defense stats.,Normal,Status,Self,1,"Status Normal self; target self at range 0, proposed cost 1 AP. Move rule: no secondary effect beyond the listed damage. NEW RULES: add resolution, target preview, validation, and enemy AI scoring."
Stone Axe,65,1,Unit,The user swings its stone axes at the target. Stone splinters left behind by this attack float around the target.,Rock,Physical,Melee,2,"Physical Rock melee; target unit at range 1, proposed cost 2 AP; use the unchanged Power with the shared damage formula. Move rule: no secondary effect beyond the listed damage.; Additional implementation: add a seeded 90% accuracy check. NEW RULES: add resolution, target preview, validation, and enemy AI scoring."
Springtide Storm,100,3,Tile,The user attacks by wrapping opposing Pokémon in fierce winds brimming with love and hate. This may also lower their Attack stats.,Fairy,Special,Area,4,"Special Fairy area; target tile at range 3, proposed cost 4 AP; use the unchanged Power with the shared damage formula. Move rule: no secondary effect beyond the listed damage.; Additional implementation: add a seeded 80% accuracy check. NEW RULES: add resolution, target preview, validation, and enemy AI scoring."
Mystical Power,70,3,Unit,The user attacks by emitting a mysterious power. This also boosts the user’s Sp. Atk stat.,Psychic,Special,Ranged,2,"Special Psychic ranged; target unit at range 3, proposed cost 2 AP; use the unchanged Power with the shared damage formula. Move rule: no secondary effect beyond the listed damage.; Additional implementation: add a seeded 90% accuracy check. NEW RULES: add resolution, target preview, validation, and enemy AI scoring."
Raging Fury,120,1,Unit,The user rampages around spewing flames for two to three turns. The user then becomes confused.,Fire,Physical,Melee,4,"Physical Fire melee; target unit at range 1, proposed cost 4 AP; use the unchanged Power with the shared damage formula. Move rule: no secondary effect beyond the listed damage.; Additional implementation: add charge or consecutive-action state. NEW RULES: add resolution, target preview, validation, and enemy AI scoring."
Wave Crash,120,3,Unit,The user shrouds itself in water and slams into the target with its whole body to inflict damage. This also damages the user quite a lot.,Water,Physical,Ranged,4,"Physical Water ranged; target unit at range 3, proposed cost 4 AP; use the unchanged Power with the shared damage formula. Move rule: no secondary effect beyond the listed damage.; Additional implementation: apply self-damage or fainting after resolution. NEW RULES: add resolution, target preview, validation, and enemy AI scoring."
Chloroblast,150,3,Unit,The user launches its amassed chlorophyll to inflict damage on the target. This also damages the user.,Grass,Special,Ranged,4,"Special Grass ranged; target unit at range 3, proposed cost 4 AP; use the unchanged Power with the shared damage formula. Move rule: no secondary effect beyond the listed damage.; Additional implementation: add a seeded 95% accuracy check; apply self-damage or fainting after resolution. NEW RULES: add resolution, target preview, validation, and enemy AI scoring."
Mountain Gale,100,1,Unit,The user hurls giant chunks of ice at the target to inflict damage. This may also make the target flinch.,Ice,Physical,Melee,3,"Physical Ice melee; target unit at range 1, proposed cost 3 AP; use the unchanged Power with the shared damage formula. Move rule: no secondary effect beyond the listed damage.; Additional implementation: add a seeded 85% accuracy check. NEW RULES: add resolution, target preview, validation, and enemy AI scoring."
Victory Dance,0,0,Self,"The user performs an intense dance to usher in victory, boosting its Attack, Defense, and Speed stats.",Fighting,Status,Self,1,"Status Fighting self; target self at range 0, proposed cost 1 AP. Move rule: no secondary effect beyond the listed damage. NEW RULES: add resolution, target preview, validation, and enemy AI scoring."
Headlong Rush,120,1,Unit,The user smashes into the target in a full-body tackle. This also lowers the user’s Defense and Sp. Def stats.,Ground,Physical,Melee,4,"Physical Ground melee; target unit at range 1, proposed cost 4 AP; use the unchanged Power with the shared damage formula. Move rule: no secondary effect beyond the listed damage. NEW RULES: add resolution, target preview, validation, and enemy AI scoring."
Barb Barrage,60,3,Unit,The user launches countless toxic barbs to inflict damage. This may also poison the target. This move’s power is doubled if the target is already poisoned.,Poison,Physical,Ranged,2,"Physical Poison ranged; target unit at range 3, proposed cost 2 AP; use the unchanged Power with the shared damage formula. Move rule: no secondary effect beyond the listed damage.; Additional implementation: calculate condition-dependent damage while preserving listed Power; validate the move's stated condition. NEW RULES: add resolution, target preview, validation, and enemy AI scoring."
Esper Wing,80,3,Unit,The user slashes the target with aura-enriched wings. This also boosts the user's Speed stat. This move has a heightened chance of landing a critical hit.,Psychic,Special,Ranged,2,"Special Psychic ranged; target unit at range 3, proposed cost 2 AP; use the unchanged Power with the shared damage formula. Move rule: no secondary effect beyond the listed damage.; Additional implementation: add accuracy/evasion or Speed-stage state. NEW RULES: add resolution, target preview, validation, and enemy AI scoring."
Bitter Malice,75,3,Unit,The user attacks the target with spine-chilling resentment. This also lowers the target’s Attack stat.,Ghost,Special,Ranged,2,"Special Ghost ranged; target unit at range 3, proposed cost 2 AP; use the unchanged Power with the shared damage formula. Move rule: no secondary effect beyond the listed damage. NEW RULES: add resolution, target preview, validation, and enemy AI scoring."
Shelter,0,0,Self,"The user makes its skin as hard as an iron shield, sharply boosting its Defense stat.",Steel,Status,Self,1,"Status Steel self; target self at range 0, proposed cost 1 AP. Move rule: no secondary effect beyond the listed damage.; Additional implementation: add the described protection or damage-reduction state. NEW RULES: add resolution, target preview, validation, and enemy AI scoring."
Triple Arrows,90,3,Unit,"The user kicks, then fires three arrows. This move has a heightened chance of landing a critical hit and may also lower the target’s Defense stat or make it flinch.",Fighting,Physical,Ranged,3,"Physical Fighting ranged; target unit at range 3, proposed cost 3 AP; use the unchanged Power with the shared damage formula. Move rule: no secondary effect beyond the listed damage. NEW RULES: add resolution, target preview, validation, and enemy AI scoring."
Infernal Parade,60,3,Unit,The user attacks with myriad fireballs. This may also leave the target with a burn. This move's power is doubled if the target has a status condition.,Ghost,Special,Ranged,2,"Special Ghost ranged; target unit at range 3, proposed cost 2 AP; use the unchanged Power with the shared damage formula. Move rule: no secondary effect beyond the listed damage.; Additional implementation: calculate condition-dependent damage while preserving listed Power; validate the move's stated condition. NEW RULES: add resolution, target preview, validation, and enemy AI scoring."
Ceaseless Edge,65,3,Tile,The user slashes its shell blade at the target. Shell splinters left behind by this attack remain scattered under the target as spikes.,Dark,Physical,Area,3,"Physical Dark area; target tile at range 3, proposed cost 3 AP; use the unchanged Power with the shared damage formula. Move rule: no secondary effect beyond the listed damage.; Additional implementation: add a seeded 90% accuracy check. NEW RULES: add resolution, target preview, validation, and enemy AI scoring."
Bleakwind Storm,100,3,Tile,The user attacks with savagely cold winds that cause both body and spirit to tremble. This may also lower the Speed stats of opposing Pokémon.,Flying,Special,Area,4,"Special Flying area; target tile at range 3, proposed cost 4 AP; use the unchanged Power with the shared damage formula. Move rule: no secondary effect beyond the listed damage.; Additional implementation: add a seeded 80% accuracy check. NEW RULES: add resolution, target preview, validation, and enemy AI scoring."
Wildbolt Storm,100,3,Tile,The user summons a thunderous tempest and savagely attacks with lightning and wind. This may also leave opposing Pokémon with paralysis.,Electric,Special,Area,4,"Special Electric area; target tile at range 3, proposed cost 4 AP; use the unchanged Power with the shared damage formula. Move rule: no secondary effect beyond the listed damage.; Additional implementation: add a seeded 80% accuracy check. NEW RULES: add resolution, target preview, validation, and enemy AI scoring."
Sandsear Storm,100,3,Tile,The user attacks by wrapping opposing Pokémon in fierce winds and searingly hot sand. This may also leave them with a burn.,Ground,Special,Area,4,"Special Ground area; target tile at range 3, proposed cost 4 AP; use the unchanged Power with the shared damage formula. Move rule: no secondary effect beyond the listed damage.; Additional implementation: add a seeded 80% accuracy check. NEW RULES: add resolution, target preview, validation, and enemy AI scoring."
Lunar Blessing,0,3,Tile,"The user receives a blessing from the crescent moon, restoring HP and curing status conditions for itself and its ally Pokémon currently in the battle.",Psychic,Status,Area,1,"Status Psychic area; target tile at range 3, proposed cost 1 AP. Move rule: no secondary effect beyond the listed damage. NEW RULES: add resolution, target preview, validation, and enemy AI scoring."
Take Heart,0,3,Tile,"The user lifts its spirits, curing its own status conditions and boosting its Sp. Atk and Sp. Def stats.",Psychic,Status,Area,1,"Status Psychic area; target tile at range 3, proposed cost 1 AP. Move rule: no secondary effect beyond the listed damage. NEW RULES: add resolution, target preview, validation, and enemy AI scoring."
Tera Blast,80,3,Unit,"If the user has Terastallized, it unleashes energy of its Tera Type. This move inflicts damage using the Attack or Sp. Atk stat—whichever is higher for the user.",Normal,Special,Ranged,2,"Special Normal ranged; target unit at range 3, proposed cost 2 AP; use the unchanged Power with the shared damage formula. Move rule: no secondary effect beyond the listed damage.; Additional implementation: add the described type, ability, or stat-conversion rule; when Terastallized, use Tera Type; use the higher of Attack or Special Attack. NEW RULES: add resolution, target preview, validation, and enemy AI scoring."
Silk Trap,0,0,Self,"The user spins a silken trap, protecting itself from damage while lowering the Speed stat of any attacker that makes direct contact.",Bug,Status,Self,1,"Status Bug self; target self at range 0, proposed cost 1 AP. Move rule: no secondary effect beyond the listed damage.; Additional implementation: add move priority 4 to the AV scheduler; add accuracy/evasion or Speed-stage state. NEW RULES: add resolution, target preview, validation, and enemy AI scoring."
Axe Kick,120,1,Unit,"The user attacks by kicking up into the air and slamming its heel down upon the target. This may also confuse the target. If it misses, the user takes damage instead.",Fighting,Physical,Melee,4,"Physical Fighting melee; target unit at range 1, proposed cost 4 AP; use the unchanged Power with the shared damage formula. Move rule: no secondary effect beyond the listed damage.; Additional implementation: add a seeded 90% accuracy check. NEW RULES: add resolution, target preview, validation, and enemy AI scoring."
Last Respects,50,1,Unit,"The user attacks to avenge its allies. The more defeated allies there are in the user's party, the greater the move's power.",Ghost,Physical,Melee,1,"Physical Ghost melee; target unit at range 1, proposed cost 1 AP; use the unchanged Power with the shared damage formula. Move rule: no secondary effect beyond the listed damage.; Additional implementation: calculate condition-dependent damage while preserving listed Power. NEW RULES: add resolution, target preview, validation, and enemy AI scoring."
Lumina Crash,80,3,Unit,The user attacks by unleashing a peculiar light that even affects the mind. This also harshly lowers the target's Sp. Def stat.,Psychic,Special,Ranged,2,"Special Psychic ranged; target unit at range 3, proposed cost 2 AP; use the unchanged Power with the shared damage formula. Move rule: no secondary effect beyond the listed damage. NEW RULES: add resolution, target preview, validation, and enemy AI scoring."
Order Up,80,1,Unit,"The user attacks with elegant poise. If the user has a Tatsugiri in its mouth, this move boosts one of the user's stats based on the Tatsugiri's form.",Dragon,Physical,Melee,2,"Physical Dragon melee; target unit at range 1, proposed cost 2 AP; use the unchanged Power with the shared damage formula. Move rule: no secondary effect beyond the listed damage.; Additional implementation: validate the move's stated condition. NEW RULES: add resolution, target preview, validation, and enemy AI scoring."
Jet Punch,60,1,Unit,The user summons a torrent around its fist and punches at blinding speed. This move always goes first.,Water,Physical,Melee,2,"Physical Water melee; target unit at range 1, proposed cost 2 AP; use the unchanged Power with the shared damage formula. Move rule: no secondary effect beyond the listed damage.; Additional implementation: add move priority 1 to the AV scheduler. NEW RULES: add resolution, target preview, validation, and enemy AI scoring."
Spicy Extract,0,3,Unit,"The user emits an incredibly spicy extract, sharply boosting the target's Attack stat and harshly lowering the target's Defense stat.",Grass,Status,Status,1,"Status Grass status; target unit at range 3, proposed cost 1 AP. Move rule: no secondary effect beyond the listed damage. NEW RULES: add resolution, target preview, validation, and enemy AI scoring."
Spin Out,100,1,Unit,"The user spins furiously by straining its legs, inflicting damage on the target. This also harshly lowers the user's Speed stat.",Steel,Physical,Melee,3,"Physical Steel melee; target unit at range 1, proposed cost 3 AP; use the unchanged Power with the shared damage formula. Move rule: no secondary effect beyond the listed damage.; Additional implementation: add accuracy/evasion or Speed-stage state. NEW RULES: add resolution, target preview, validation, and enemy AI scoring."
Population Bomb,20,1,Unit,The user’s fellows gather in droves to perform a combo attack that hits the target one to ten times in a row.,Normal,Physical,Melee,1,"Physical Normal melee; target unit at range 1, proposed cost 1 AP; use the unchanged Power with the shared damage formula. Move rule: no secondary effect beyond the listed damage.; Additional implementation: add a seeded 90% accuracy check. NEW RULES: add resolution, target preview, validation, and enemy AI scoring."
Ice Spinner,80,1,Unit,"The user covers its feet in thin ice and twirls around, slamming into the target. This move's spinning motion also destroys the terrain.",Ice,Physical,Melee,2,"Physical Ice melee; target unit at range 1, proposed cost 2 AP; use the unchanged Power with the shared damage formula. Move rule: no secondary effect beyond the listed damage.; Additional implementation: add the stated field, terrain, or recurring-damage state. NEW RULES: add resolution, target preview, validation, and enemy AI scoring."
Glaive Rush,120,1,Unit,"The user throws its entire body into a reckless charge. After this move is used, attacks on the user cannot miss and will inflict double damage until the user’s next turn.",Dragon,Physical,Melee,4,"Physical Dragon melee; target unit at range 1, proposed cost 4 AP; use the unchanged Power with the shared damage formula. Move rule: no secondary effect beyond the listed damage.; Additional implementation: add charge or consecutive-action state. NEW RULES: add resolution, target preview, validation, and enemy AI scoring."
Revival Blessing,0,3,Unit,"The user bestows a loving blessing, reviving a party Pokémon that has fainted and restoring half that Pokémon's max HP.",Normal,Status,Status,1,"Status Normal status; target unit at range 3, proposed cost 1 AP. Move rule: no secondary effect beyond the listed damage. NEW RULES: add resolution, target preview, validation, and enemy AI scoring."
Salt Cure,40,1,Unit,"The user salt cures the target, inflicting damage every turn. Steel and Water types are more strongly affected by this move.",Rock,Physical,Melee,1,"Physical Rock melee; target unit at range 1, proposed cost 1 AP; use the unchanged Power with the shared damage formula. Move rule: no secondary effect beyond the listed damage.; Additional implementation: add the stated field, terrain, or recurring-damage state. NEW RULES: add resolution, target preview, validation, and enemy AI scoring."
Triple Dive,30,1,Unit,"The user performs a perfectly timed triple dive, hitting the target with splashes of water three times in a row.",Water,Physical,Melee,1,"Physical Water melee; target unit at range 1, proposed cost 1 AP; use the unchanged Power with the shared damage formula. Move rule: no secondary effect beyond the listed damage.; Additional implementation: add a seeded 95% accuracy check. NEW RULES: add resolution, target preview, validation, and enemy AI scoring."
Mortal Spin,30,3,Tile,"The user performs a spin attack that can also eliminate the effects of such moves as Bind, Wrap, and Leech Seed. This also poisons opposing Pokémon.",Poison,Physical,Area,2,"Physical Poison area; target tile at range 3, proposed cost 2 AP; use the unchanged Power with the shared damage formula. Move rule: no secondary effect beyond the listed damage. NEW RULES: add resolution, target preview, validation, and enemy AI scoring."
Doodle,0,3,Unit,The user captures the very essence of the target in a sketch. This changes the Abilities of the user and its ally Pokémon to that of the target.,Normal,Status,Status,1,"Status Normal status; target unit at range 3, proposed cost 1 AP. Move rule: no secondary effect beyond the listed damage.; Additional implementation: add the described type, ability, or stat-conversion rule. NEW RULES: add resolution, target preview, validation, and enemy AI scoring."
Fillet Away,0,0,Self,"The user sharply boosts its Attack, Sp. Atk, and Speed stats by using its own HP.",Normal,Status,Self,1,"Status Normal self; target self at range 0, proposed cost 1 AP. Move rule: no secondary effect beyond the listed damage. NEW RULES: add resolution, target preview, validation, and enemy AI scoring."
Kowtow Cleave,85,1,Unit,The user slashes at the target after kowtowing to make the target let down its guard. This attack never misses.,Dark,Physical,Melee,3,"Physical Dark melee; target unit at range 1, proposed cost 3 AP; use the unchanged Power with the shared damage formula. Move rule: no secondary effect beyond the listed damage.; Additional implementation: add the described protection or damage-reduction state. NEW RULES: add resolution, target preview, validation, and enemy AI scoring."
Flower Trick,70,1,Unit,The user throws a rigged bouquet of flowers at the target. This attack never misses and always lands a critical hit.,Grass,Physical,Melee,2,"Physical Grass melee; target unit at range 1, proposed cost 2 AP; use the unchanged Power with the shared damage formula. Move rule: no secondary effect beyond the listed damage. NEW RULES: add resolution, target preview, validation, and enemy AI scoring."
Torch Song,80,3,Unit,"The user blows out raging flames as if singing a song, scorching the target. This also boosts the user's Sp. Atk stat.",Fire,Special,Ranged,2,"Special Fire ranged; target unit at range 3, proposed cost 2 AP; use the unchanged Power with the shared damage formula. Move rule: no secondary effect beyond the listed damage. NEW RULES: add resolution, target preview, validation, and enemy AI scoring."
Aqua Step,80,1,Unit,The user toys with the target and attacks it using light and fluid dance steps. This also boosts the user's Speed stat.,Water,Physical,Melee,2,"Physical Water melee; target unit at range 1, proposed cost 2 AP; use the unchanged Power with the shared damage formula. Move rule: no secondary effect beyond the listed damage.; Additional implementation: add accuracy/evasion or Speed-stage state. NEW RULES: add resolution, target preview, validation, and enemy AI scoring."
Raging Bull,90,1,Unit,"The user performs a tackle like a raging bull. This move's type depends on the user's form. It can also break barriers, such as Light Screen and Reflect.",Normal,Physical,Melee,3,"Physical Normal melee; target unit at range 1, proposed cost 3 AP; use the unchanged Power with the shared damage formula. Move rule: no secondary effect beyond the listed damage.; Additional implementation: add the described protection or damage-reduction state. NEW RULES: add resolution, target preview, validation, and enemy AI scoring."
Make It Rain,120,3,Tile,The user attacks by throwing out a mass of coins. This also lowers the user's Sp. Atk stat. Money is earned after the battle.,Steel,Special,Area,4,"Special Steel area; target tile at range 3, proposed cost 4 AP; use the unchanged Power with the shared damage formula. Move rule: no secondary effect beyond the listed damage.; Additional implementation: award battle currency after combat. NEW RULES: add resolution, target preview, validation, and enemy AI scoring."
Psyblade,80,1,Unit,The user rends the target with an ethereal blade. This move's power is boosted by 50 percent if the user is on Electric Terrain.,Psychic,Physical,Melee,2,"Physical Psychic melee; target unit at range 1, proposed cost 2 AP; use the unchanged Power with the shared damage formula. Move rule: no secondary effect beyond the listed damage.; Additional implementation: add the stated field, terrain, or recurring-damage state. NEW RULES: add resolution, target preview, validation, and enemy AI scoring."
Hydro Steam,80,3,Unit,The user blasts the target with boiling-hot water. This move's power is not lowered in harsh sunlight but rather boosted by 50 percent.,Water,Special,Ranged,2,"Special Water ranged; target unit at range 3, proposed cost 2 AP; use the unchanged Power with the shared damage formula. Move rule: no secondary effect beyond the listed damage. NEW RULES: add resolution, target preview, validation, and enemy AI scoring."
Ruination,1,3,Unit,The user summons a ruinous disaster. This cuts the target’s HP in half.,Dark,Special,Ranged,1,"Special Dark ranged; target unit at range 3, proposed cost 1 AP; use the unchanged Power with the shared damage formula. Move rule: no secondary effect beyond the listed damage.; Additional implementation: add a seeded 90% accuracy check. NEW RULES: add resolution, target preview, validation, and enemy AI scoring."
Collision Course,100,1,Unit,"The user transforms and crashes to the ground, causing a massive prehistoric explosion. This move's power is boosted more than usual if it’s a supereffective hit.",Fighting,Physical,Melee,3,"Physical Fighting melee; target unit at range 1, proposed cost 3 AP; use the unchanged Power with the shared damage formula. Move rule: no secondary effect beyond the listed damage. NEW RULES: add resolution, target preview, validation, and enemy AI scoring."
Electro Drift,100,3,Unit,"The user races forward at ultrafast speeds, piercing its target with futuristic electricity. This move's power is boosted more than usual if it's a supereffective hit.",Electric,Special,Ranged,3,"Special Electric ranged; target unit at range 3, proposed cost 3 AP; use the unchanged Power with the shared damage formula. Move rule: no secondary effect beyond the listed damage. NEW RULES: add resolution, target preview, validation, and enemy AI scoring."
Shed Tail,0,0,Self,The user creates a substitute for itself using its own HP before switching places with a party Pokémon in waiting.,Normal,Status,Self,1,"Status Normal self; target self at range 0, proposed cost 1 AP. Move rule: no secondary effect beyond the listed damage.; Additional implementation: add a legal reserve-switch action. NEW RULES: add resolution, target preview, validation, and enemy AI scoring."
Chilly Reception,0,0,Self,The user tells a chillingly bad joke before switching places with a party Pokémon in waiting. This summons a snowstorm lasting five turns.,Ice,Status,Field,4,"Status Ice field; target self at range 0, proposed cost 4 AP. Move rule: no secondary effect beyond the listed damage.; Additional implementation: add a legal reserve-switch action. NEW RULES: add resolution, target preview, validation, and enemy AI scoring."
Tidy Up,0,0,Self,"The user tidies up and removes the effects of Spikes, Stealth Rock, Sticky Web, Toxic Spikes, and Substitute. This also boosts the user’s Attack and Speed stats.",Normal,Status,Self,1,"Status Normal self; target self at range 0, proposed cost 1 AP. Move rule: no secondary effect beyond the listed damage. NEW RULES: add resolution, target preview, validation, and enemy AI scoring."
Snowscape,0,0,Self,The user summons a snowstorm lasting five turns. This boosts the Defense stats of Ice types.,Ice,Status,Field,4,"Status Ice Field; target Self at range 0, proposed cost 4 AP. Set Snow globally for five AV cycles; reuse the current weather state and Ice-type Defense modifier."
Pounce,50,1,Unit,The user attacks by pouncing on the target. This also lowers the target's Speed stat.,Bug,Physical,Melee,1,"Physical Bug melee; target unit at range 1, proposed cost 1 AP; use the unchanged Power with the shared damage formula. Move rule: no secondary effect beyond the listed damage.; Additional implementation: add accuracy/evasion or Speed-stage state. NEW RULES: add resolution, target preview, validation, and enemy AI scoring."
Trailblaze,50,1,Unit,The user attacks suddenly as if leaping out from tall grass. The user's nimble footwork boosts its Speed stat.,Grass,Physical,Melee,1,"Physical Grass melee; target unit at range 1, proposed cost 1 AP; use the unchanged Power with the shared damage formula. Move rule: no secondary effect beyond the listed damage.; Additional implementation: add accuracy/evasion or Speed-stage state. NEW RULES: add resolution, target preview, validation, and enemy AI scoring."
Chilling Water,50,3,Unit,The user attacks the target by showering it with water that's so cold it saps the target's power. This also lowers the target's Attack stat.,Water,Special,Ranged,1,"Special Water ranged; target unit at range 3, proposed cost 1 AP; use the unchanged Power with the shared damage formula. Move rule: no secondary effect beyond the listed damage. NEW RULES: add resolution, target preview, validation, and enemy AI scoring."
Hyper Drill,100,1,Unit,The user spins the pointed part of its body at high speed to pierce the target. This attack can hit a target using a move such as Protect or Detect.,Normal,Physical,Melee,3,"Physical Normal melee; target unit at range 1, proposed cost 3 AP; use the unchanged Power with the shared damage formula. Move rule: no secondary effect beyond the listed damage.; Additional implementation: add the described protection or damage-reduction state. NEW RULES: add resolution, target preview, validation, and enemy AI scoring."
Twin Beam,40,3,Unit,The user shoots mystical beams from its eyes to inflict damage. The target is hit twice in a row.,Psychic,Special,Ranged,1,"Special Psychic ranged; target unit at range 3, proposed cost 1 AP; use the unchanged Power with the shared damage formula. Move rule: no secondary effect beyond the listed damage. NEW RULES: add resolution, target preview, validation, and enemy AI scoring."
Rage Fist,50,3,Unit,"The user converts its rage into energy to attack. The more times the user has been hit by attacks, the greater the move's power.",Ghost,Physical,Ranged,1,"Physical Ghost ranged; target unit at range 3, proposed cost 1 AP; use the unchanged Power with the shared damage formula. Move rule: no secondary effect beyond the listed damage.; Additional implementation: calculate condition-dependent damage while preserving listed Power. NEW RULES: add resolution, target preview, validation, and enemy AI scoring."
Armor Cannon,120,3,Unit,The user shoots its own armor out as blazing projectiles. This also lowers the user’s Defense and Sp. Def stats.,Fire,Special,Ranged,4,"Special Fire ranged; target unit at range 3, proposed cost 4 AP; use the unchanged Power with the shared damage formula. Move rule: no secondary effect beyond the listed damage. NEW RULES: add resolution, target preview, validation, and enemy AI scoring."
Bitter Blade,90,1,Unit,The user focuses its bitter feelings toward the world of the living into a slashing attack. The user's HP is restored by up to half the damage taken by the target.,Fire,Physical,Melee,3,"Physical Fire melee; target unit at range 1, proposed cost 3 AP; use the unchanged Power with the shared damage formula. Move rule: no secondary effect beyond the listed damage. NEW RULES: add resolution, target preview, validation, and enemy AI scoring."
Double Shock,120,1,Unit,"The user discharges all the electricity from its body to perform a high-damage attack. After using this move, the user will no longer be Electric type.",Electric,Physical,Melee,4,"Physical Electric melee; target unit at range 1, proposed cost 4 AP; use the unchanged Power with the shared damage formula. Move rule: no secondary effect beyond the listed damage. NEW RULES: add resolution, target preview, validation, and enemy AI scoring."
Gigaton Hammer,160,0,Unavailable,The user swings its whole body around to attack with its huge hammer. This move can't be used twice in a row.,Steel,Physical,Unavailable,0,"REFERENCE ONLY: Exclude from learnsets, AI choices, and battle selection because the source marks this move unusable."
Comeuppance,1,1,Unit,The user retaliates with much greater force against the opponent that last inflicted damage on it.,Dark,Physical,Melee,1,"Physical Dark melee; target unit at range 1, proposed cost 1 AP; use the unchanged Power with the shared damage formula. Move rule: no secondary effect beyond the listed damage. NEW RULES: add resolution, target preview, validation, and enemy AI scoring."
Aqua Cutter,70,1,Unit,The user expels pressurized water to cut at the target like a blade. This move has a heightened chance of landing a critical hit.,Water,Physical,Melee,2,"Physical Water melee; target unit at range 1, proposed cost 2 AP; use the unchanged Power with the shared damage formula. Move rule: no secondary effect beyond the listed damage. NEW RULES: add resolution, target preview, validation, and enemy AI scoring."
Blazing Torque,80,1,Unit,,Fire,Physical,Melee,2,"Physical Fire melee; target Unit at range 1, proposed cost 2 AP; use unchanged Power in the shared damage formula. On hit: 30% chance to burn the target. CURRENT RULES: apply the existing burn/paralysis status handler."
Wicked Torque,80,1,Unit,,Dark,Physical,Melee,2,"Physical Dark melee; target Unit at range 1, proposed cost 2 AP; use unchanged Power in the shared damage formula. On hit: 10% chance to put the target to sleep. NEW RULE: add the required ailment status, duration, preview, and AI scoring."
Noxious Torque,100,1,Unit,,Poison,Physical,Melee,3,"Physical Poison melee; target Unit at range 1, proposed cost 3 AP; use unchanged Power in the shared damage formula. On hit: 30% chance to poison the target. NEW RULE: add the required ailment status, duration, preview, and AI scoring."
Combat Torque,100,1,Unit,,Fighting,Physical,Melee,3,"Physical Fighting melee; target Unit at range 1, proposed cost 3 AP; use unchanged Power in the shared damage formula. On hit: 30% chance to paralyze the target. CURRENT RULES: apply the existing burn/paralysis status handler."
Magical Torque,100,1,Unit,,Fairy,Physical,Melee,3,"Physical Fairy melee; target Unit at range 1, proposed cost 3 AP; use unchanged Power in the shared damage formula. On hit: 30% chance to confuse the target. NEW RULE: add the required ailment status, duration, preview, and AI scoring."
Blood Moon,140,0,Unavailable,The user unleashes the full brunt of its spirit from a full moon that shines as red as blood. This move can't be used twice in a row.,Normal,Special,Unavailable,0,"REFERENCE ONLY: Exclude from learnsets, AI choices, and battle selection because the source marks this move unusable."
Matcha Gotcha,80,3,Unit,The user fires a blast of tea that it mixed. The user's HP is restored by up to half the damage taken by the target. This may also leave the target with a burn.,Grass,Special,Ranged,2,"Special Grass ranged; target unit at range 3, proposed cost 2 AP; use the unchanged Power with the shared damage formula. Move rule: no secondary effect beyond the listed damage.; Additional implementation: add a seeded 90% accuracy check. NEW RULES: add resolution, target preview, validation, and enemy AI scoring."
Syrup Bomb,60,3,Unit,"The user sets off an explosion of sticky candy syrup, which coats the target and causes the target's Speed stat to drop each turn for three turns.",Grass,Special,Ranged,2,"Special Grass ranged; target unit at range 3, proposed cost 2 AP; use the unchanged Power with the shared damage formula. Move rule: no secondary effect beyond the listed damage.; Additional implementation: apply a chance-based stat change; add a seeded 85% accuracy check; add accuracy/evasion or Speed-stage state; add the stated field, terrain, or recurring-damage state. NEW RULES: add resolution, target preview, validation, and enemy AI scoring."
Ivy Cudgel,100,1,Unit,"The user strikes with an ivy-wrapped cudgel. This move's type changes depending on the mask worn by the user, and it has a heightened chance of landing a critical hit.",Grass,Physical,Melee,3,"Physical Grass melee; target unit at range 1, proposed cost 3 AP; use the unchanged Power with the shared damage formula. Move rule: no secondary effect beyond the listed damage.; Additional implementation: add the described type, ability, or stat-conversion rule. NEW RULES: add resolution, target preview, validation, and enemy AI scoring."
Electro Shot,130,3,Unit,"The user gathers electricity on the first turn, boosting its Sp. Atk stat, then fires a high-voltage shot on the next turn. The shot will be fired immediately in rain.",Electric,Special,Ranged,4,"Special Electric ranged; target unit at range 3, proposed cost 4 AP; use the unchanged Power with the shared damage formula. Move rule: no secondary effect beyond the listed damage.; Additional implementation: add charge or consecutive-action state. NEW RULES: add resolution, target preview, validation, and enemy AI scoring."
Tera Starstorm,120,3,Tile,"With the power of its crystals, the user bombards and eliminates the target. When used by Terapagos in its Stellar Form, this move damages all opposing Pokémon.",Normal,Special,Area,4,"Special Normal area; target tile at range 3, proposed cost 4 AP; use the unchanged Power with the shared damage formula. Move rule: no secondary effect beyond the listed damage.; Additional implementation: add the stated field, terrain, or recurring-damage state; validate the move's stated condition; switch to all-opponent area targeting in Terapagos Stellar Form. NEW RULES: add resolution, target preview, validation, and enemy AI scoring."
Fickle Beam,80,3,Unit,"The user shoots a beam of light to inflict damage. Sometimes all the user's heads shoot beams in unison, doubling the move's power.",Dragon,Special,Ranged,2,"Special Dragon ranged; target unit at range 3, proposed cost 2 AP; use the unchanged Power with the shared damage formula. Move rule: no secondary effect beyond the listed damage. NEW RULES: add resolution, target preview, validation, and enemy AI scoring."
Burning Bulwark,0,0,Self,The user's intensely hot fur protects it from attacks and also burns any attacker that makes direct contact with it.,Fire,Status,Self,1,"Status Fire self; target self at range 0, proposed cost 1 AP. Move rule: no secondary effect beyond the listed damage.; Additional implementation: add a seeded 0% accuracy check; add move priority 4 to the AV scheduler. NEW RULES: add resolution, target preview, validation, and enemy AI scoring."
Thunderclap,70,3,Unit,This move enables the user to attack first with a jolt of electricity. This move fails if the target is not readying an attack.,Electric,Special,Ranged,2,"Special Electric ranged; target unit at range 3, proposed cost 2 AP; use the unchanged Power with the shared damage formula. Move rule: no secondary effect beyond the listed damage.; Additional implementation: add move priority 1 to the AV scheduler; validate the move's stated condition. NEW RULES: add resolution, target preview, validation, and enemy AI scoring."
Mighty Cleave,95,1,Unit,The user wields the light that has accumulated atop its head to cleave the target. This move hits even if the target protects itself.,Rock,Physical,Melee,3,"Physical Rock melee; target unit at range 1, proposed cost 3 AP; use the unchanged Power with the shared damage formula. Move rule: no secondary effect beyond the listed damage.; Additional implementation: validate the move's stated condition. NEW RULES: add resolution, target preview, validation, and enemy AI scoring."
Tachyon Cutter,50,3,Unit,The user attacks by launching particle blades at the target twice in a row. This attack never misses.,Steel,Special,Ranged,1,"Special Steel ranged; target unit at range 3, proposed cost 1 AP; use the unchanged Power with the shared damage formula. Move rule: no secondary effect beyond the listed damage.; Additional implementation: add a seeded 0% accuracy check. NEW RULES: add resolution, target preview, validation, and enemy AI scoring."
Hard Press,0,1,Unit,"The target is crushed with an arm, a claw, or the like to inflict damage. The more HP the target has left, the greater the move's power.",Steel,Physical,Melee,1,"Physical Steel melee; target unit at range 1, proposed cost 1 AP; use the unchanged Power with the shared damage formula. Move rule: no secondary effect beyond the listed damage.; Additional implementation: calculate condition-dependent damage while preserving listed Power. NEW RULES: add resolution, target preview, validation, and enemy AI scoring."
Dragon Cheer,0,3,Tile,The user raises its allies’ morale with a draconic cry so that their future attacks have a heightened chance of landing critical hits. This rouses Dragon types more.,Dragon,Status,Area,1,"Status Dragon area; target tile at range 3, proposed cost 1 AP. Move rule: no secondary effect beyond the listed damage.; Additional implementation: add a seeded 0% accuracy check. NEW RULES: add resolution, target preview, validation, and enemy AI scoring."
Alluring Voice,80,3,Unit,The user attacks the target using its angelic voice. This also confuses the target if its stats have been boosted during the turn.,Fairy,Special,Ranged,2,"Special Fairy ranged; target unit at range 3, proposed cost 2 AP; use the unchanged Power with the shared damage formula. Move rule: no secondary effect beyond the listed damage. NEW RULES: add resolution, target preview, validation, and enemy AI scoring."
Temper Flare,75,1,Unit,"Spurred by desperation, the user attacks the target. This move's power is doubled if the user's previous move failed.",Fire,Physical,Melee,2,"Physical Fire melee; target unit at range 1, proposed cost 2 AP; use the unchanged Power with the shared damage formula. Move rule: no secondary effect beyond the listed damage.; Additional implementation: calculate condition-dependent damage while preserving listed Power. NEW RULES: add resolution, target preview, validation, and enemy AI scoring."
Supercell Slam,100,1,Unit,"The user electrifies its body and drops onto the target to inflict damage. If this move misses, the user takes damage instead.",Electric,Physical,Melee,3,"Physical Electric melee; target unit at range 1, proposed cost 3 AP; use the unchanged Power with the shared damage formula. Move rule: no secondary effect beyond the listed damage.; Additional implementation: add a seeded 95% accuracy check. NEW RULES: add resolution, target preview, validation, and enemy AI scoring."
Psychic Noise,75,3,Unit,"The user attacks the target with unpleasant sound waves. For two turns, the target is prevented from recovering HP through moves, Abilities, or held items.",Psychic,Special,Ranged,2,"Special Psychic ranged; target unit at range 3, proposed cost 2 AP; use the unchanged Power with the shared damage formula. Move rule: no secondary effect beyond the listed damage. NEW RULES: add resolution, target preview, validation, and enemy AI scoring."
Upper Hand,65,1,Unit,"The user reacts to the target's movement and strikes with the heel of its palm, making the target flinch. This move fails if the target is not readying a priority move.",Fighting,Physical,Melee,2,"Physical Fighting melee; target unit at range 1, proposed cost 2 AP; use the unchanged Power with the shared damage formula. Move rule: no secondary effect beyond the listed damage.; Additional implementation: add move priority 3 to the AV scheduler; validate the move's stated condition. NEW RULES: add resolution, target preview, validation, and enemy AI scoring."
Malignant Chain,100,3,Unit,"The user pours toxins into the target by wrapping them in a toxic, corrosive chain. This may also leave the target badly poisoned.",Poison,Special,Ranged,3,"Special Poison ranged; target unit at range 3, proposed cost 3 AP; use the unchanged Power with the shared damage formula. Move rule: no secondary effect beyond the listed damage. NEW RULES: add resolution, target preview, validation, and enemy AI scoring."
